timestamp,region,averia_real,planificados,total
"07/17/2026 01:10 PM","ARECIBO",106,1412,1518
"07/17/2026 01:10 PM","BAYAMON",240,53,293
"07/17/2026 01:10 PM","CAGUAS",169,1915,2084
"07/17/2026 01:10 PM","CAROLINA",6,0,6
"07/17/2026 01:10 PM","MAYAGUEZ",24,0,24
"07/17/2026 01:10 PM","PONCE",2706,205,2911
"07/17/2026 01:10 PM","SAN JUAN",159,4403,4562
"07/17/2026 01:50 PM","ARECIBO",107,86,193
"07/17/2026 01:50 PM","BAYAMON",365,53,418
"07/17/2026 01:50 PM","CAGUAS",177,1915,2092
"07/17/2026 01:50 PM","CAROLINA",3,0,3
"07/17/2026 01:50 PM","MAYAGUEZ",15,0,15
"07/17/2026 01:50 PM","PONCE",2821,205,3026
"07/17/2026 01:50 PM","SAN JUAN",935,4404,5339
"07/17/2026 01:55 PM","ARECIBO",106,86,192
"07/17/2026 01:55 PM","BAYAMON",372,114,486
"07/17/2026 01:55 PM","CAGUAS",4481,1915,6396
"07/17/2026 01:55 PM","CAROLINA",3,0,3
"07/17/2026 01:55 PM","MAYAGUEZ",15,0,15
"07/17/2026 01:55 PM","PONCE",2809,205,3014
"07/17/2026 01:55 PM","SAN JUAN",937,4404,5341
"07/17/2026 01:55 PM","ARECIBO",106,86,192
"07/17/2026 01:55 PM","BAYAMON",372,114,486
"07/17/2026 01:55 PM","CAGUAS",4481,1915,6396
"07/17/2026 01:55 PM","CAROLINA",3,0,3
"07/17/2026 01:55 PM","MAYAGUEZ",15,0,15
"07/17/2026 01:55 PM","PONCE",2809,205,3014
"07/17/2026 01:55 PM","SAN JUAN",937,4404,5341
"07/17/2026 02:00 PM","ARECIBO",106,86,192
"07/17/2026 02:00 PM","BAYAMON",321,114,435
"07/17/2026 02:00 PM","CAGUAS",4480,1915,6395
"07/17/2026 02:00 PM","CAROLINA",3,0,3
"07/17/2026 02:00 PM","MAYAGUEZ",15,0,15
"07/17/2026 02:00 PM","PONCE",2809,205,3014
"07/17/2026 02:00 PM","SAN JUAN",938,4404,5342
"07/17/2026 02:00 PM","ARECIBO",106,86,192
"07/17/2026 02:00 PM","BAYAMON",321,114,435
"07/17/2026 02:00 PM","CAGUAS",4480,1915,6395
"07/17/2026 02:00 PM","CAROLINA",3,0,3
"07/17/2026 02:00 PM","MAYAGUEZ",15,0,15
"07/17/2026 02:00 PM","PONCE",2809,205,3014
"07/17/2026 02:00 PM","SAN JUAN",938,4404,5342
"07/17/2026 02:00 PM","ARECIBO",106,86,192
"07/17/2026 02:00 PM","BAYAMON",321,114,435
"07/17/2026 02:00 PM","CAGUAS",4480,1915,6395
"07/17/2026 02:00 PM","CAROLINA",3,0,3
"07/17/2026 02:00 PM","MAYAGUEZ",15,0,15
"07/17/2026 02:00 PM","PONCE",2809,205,3014
"07/17/2026 02:00 PM","SAN JUAN",938,4404,5342
"07/17/2026 02:05 PM","ARECIBO",106,86,192
"07/17/2026 02:05 PM","BAYAMON",322,114,436
"07/17/2026 02:05 PM","CAGUAS",4482,1915,6397
"07/17/2026 02:05 PM","CAROLINA",4,0,4
"07/17/2026 02:05 PM","MAYAGUEZ",15,0,15
"07/17/2026 02:05 PM","PONCE",2809,205,3014
"07/17/2026 02:05 PM","SAN JUAN",937,4404,5341
"07/17/2026 02:05 PM","ARECIBO",106,86,192
"07/17/2026 02:05 PM","BAYAMON",322,114,436
"07/17/2026 02:05 PM","CAGUAS",4482,1915,6397
"07/17/2026 02:05 PM","CAROLINA",4,0,4
"07/17/2026 02:05 PM","MAYAGUEZ",15,0,15
"07/17/2026 02:05 PM","PONCE",2809,205,3014
"07/17/2026 02:05 PM","SAN JUAN",937,4404,5341
"07/17/2026 02:10 PM","ARECIBO",264,86,350
"07/17/2026 02:10 PM","BAYAMON",321,114,435
"07/17/2026 02:10 PM","CAGUAS",4482,1915,6397
"07/17/2026 02:10 PM","CAROLINA",4,0,4
"07/17/2026 02:10 PM","MAYAGUEZ",15,0,15
"07/17/2026 02:10 PM","PONCE",2809,205,3014
"07/17/2026 02:10 PM","SAN JUAN",856,4404,5260
"07/17/2026 02:10 PM","ARECIBO",264,86,350
"07/17/2026 02:10 PM","BAYAMON",321,114,435
"07/17/2026 02:10 PM","CAGUAS",4482,1915,6397
"07/17/2026 02:10 PM","CAROLINA",4,0,4
"07/17/2026 02:10 PM","MAYAGUEZ",15,0,15
"07/17/2026 02:10 PM","PONCE",2809,205,3014
"07/17/2026 02:10 PM","SAN JUAN",856,4404,5260
"07/17/2026 02:10 PM","ARECIBO",264,86,350
"07/17/2026 02:10 PM","BAYAMON",321,114,435
"07/17/2026 02:10 PM","CAGUAS",4482,1915,6397
"07/17/2026 02:10 PM","CAROLINA",4,0,4
"07/17/2026 02:10 PM","MAYAGUEZ",15,0,15
"07/17/2026 02:10 PM","PONCE",2809,205,3014
"07/17/2026 02:10 PM","SAN JUAN",856,4404,5260
"07/17/2026 02:15 PM","ARECIBO",264,86,350
"07/17/2026 02:15 PM","BAYAMON",321,114,435
"07/17/2026 02:15 PM","CAGUAS",4482,1915,6397
"07/17/2026 02:15 PM","CAROLINA",4,0,4
"07/17/2026 02:15 PM","MAYAGUEZ",15,0,15
"07/17/2026 02:15 PM","PONCE",2809,205,3014
"07/17/2026 02:15 PM","SAN JUAN",855,4404,5259
"07/17/2026 02:15 PM","ARECIBO",264,86,350
"07/17/2026 02:15 PM","BAYAMON",321,114,435
"07/17/2026 02:15 PM","CAGUAS",4482,1915,6397
"07/17/2026 02:15 PM","CAROLINA",4,0,4
"07/17/2026 02:15 PM","MAYAGUEZ",15,0,15
"07/17/2026 02:15 PM","PONCE",2809,205,3014
"07/17/2026 02:15 PM","SAN JUAN",855,4404,5259
"07/17/2026 02:20 PM","ARECIBO",239,86,325
"07/17/2026 02:20 PM","BAYAMON",322,114,436
"07/17/2026 02:20 PM","CAGUAS",4483,1915,6398
"07/17/2026 02:20 PM","CAROLINA",4,0,4
"07/17/2026 02:20 PM","MAYAGUEZ",15,0,15
"07/17/2026 02:20 PM","PONCE",2809,205,3014
"07/17/2026 02:20 PM","SAN JUAN",855,4404,5259
"07/17/2026 02:20 PM","ARECIBO",239,86,325
"07/17/2026 02:20 PM","BAYAMON",322,114,436
"07/17/2026 02:20 PM","CAGUAS",4483,1915,6398
"07/17/2026 02:20 PM","CAROLINA",4,0,4
"07/17/2026 02:20 PM","MAYAGUEZ",15,0,15
"07/17/2026 02:20 PM","PONCE",2809,205,3014
"07/17/2026 02:20 PM","SAN JUAN",855,4404,5259
"07/17/2026 02:25 PM","ARECIBO",241,86,327
"07/17/2026 02:25 PM","BAYAMON",322,114,436
"07/17/2026 02:25 PM","CAGUAS",4483,1915,6398
"07/17/2026 02:25 PM","CAROLINA",4,0,4
"07/17/2026 02:25 PM","MAYAGUEZ",14,0,14
"07/17/2026 02:25 PM","PONCE",2810,205,3015
"07/17/2026 02:25 PM","SAN JUAN",853,4404,5257
"07/17/2026 02:25 PM","ARECIBO",241,86,327
"07/17/2026 02:25 PM","BAYAMON",322,114,436
"07/17/2026 02:25 PM","CAGUAS",4483,1915,6398
"07/17/2026 02:25 PM","CAROLINA",4,0,4
"07/17/2026 02:25 PM","MAYAGUEZ",14,0,14
"07/17/2026 02:25 PM","PONCE",2810,205,3015
"07/17/2026 02:25 PM","SAN JUAN",853,4404,5257
"07/17/2026 02:25 PM","ARECIBO",241,86,327
"07/17/2026 02:25 PM","BAYAMON",322,114,436
"07/17/2026 02:25 PM","CAGUAS",4483,1915,6398
"07/17/2026 02:25 PM","CAROLINA",4,0,4
"07/17/2026 02:25 PM","MAYAGUEZ",14,0,14
"07/17/2026 02:25 PM","PONCE",2810,205,3015
"07/17/2026 02:25 PM","SAN JUAN",853,4404,5257
"07/17/2026 02:30 PM","ARECIBO",240,86,326
"07/17/2026 02:30 PM","BAYAMON",321,114,435
"07/17/2026 02:30 PM","CAGUAS",4483,1915,6398
"07/17/2026 02:30 PM","CAROLINA",4,0,4
"07/17/2026 02:30 PM","MAYAGUEZ",14,0,14
"07/17/2026 02:30 PM","PONCE",2808,200,3008
"07/17/2026 02:30 PM","SAN JUAN",854,4404,5258
"07/17/2026 02:30 PM","ARECIBO",240,86,326
"07/17/2026 02:30 PM","BAYAMON",321,114,435
"07/17/2026 02:30 PM","CAGUAS",4483,1915,6398
"07/17/2026 02:30 PM","CAROLINA",4,0,4
"07/17/2026 02:30 PM","MAYAGUEZ",14,0,14
"07/17/2026 02:30 PM","PONCE",2808,200,3008
"07/17/2026 02:30 PM","SAN JUAN",854,4404,5258
"07/17/2026 02:35 PM","ARECIBO",244,86,330
"07/17/2026 02:35 PM","BAYAMON",321,114,435
"07/17/2026 02:35 PM","CAGUAS",4483,1915,6398
"07/17/2026 02:35 PM","CAROLINA",5,0,5
"07/17/2026 02:35 PM","MAYAGUEZ",15,0,15
"07/17/2026 02:35 PM","PONCE",2807,200,3007
"07/17/2026 02:35 PM","SAN JUAN",734,4404,5138
"07/17/2026 02:35 PM","ARECIBO",244,86,330
"07/17/2026 02:35 PM","BAYAMON",321,114,435
"07/17/2026 02:35 PM","CAGUAS",4483,1915,6398
"07/17/2026 02:35 PM","CAROLINA",5,0,5
"07/17/2026 02:35 PM","MAYAGUEZ",15,0,15
"07/17/2026 02:35 PM","PONCE",2807,200,3007
"07/17/2026 02:35 PM","SAN JUAN",734,4404,5138
"07/17/2026 02:35 PM","ARECIBO",244,86,330
"07/17/2026 02:35 PM","BAYAMON",321,114,435
"07/17/2026 02:35 PM","CAGUAS",4483,1915,6398
"07/17/2026 02:35 PM","CAROLINA",5,0,5
"07/17/2026 02:35 PM","MAYAGUEZ",15,0,15
"07/17/2026 02:35 PM","PONCE",2807,200,3007
"07/17/2026 02:35 PM","SAN JUAN",734,4404,5138
"07/17/2026 02:40 PM","ARECIBO",244,86,330
"07/17/2026 02:40 PM","BAYAMON",325,114,439
"07/17/2026 02:40 PM","CAGUAS",4484,0,4484
"07/17/2026 02:40 PM","CAROLINA",5,0,5
"07/17/2026 02:40 PM","MAYAGUEZ",15,0,15
"07/17/2026 02:40 PM","PONCE",2807,200,3007
"07/17/2026 02:40 PM","SAN JUAN",731,4404,5135
"07/17/2026 02:40 PM","ARECIBO",244,86,330
"07/17/2026 02:40 PM","BAYAMON",325,114,439
"07/17/2026 02:40 PM","CAGUAS",4484,0,4484
"07/17/2026 02:40 PM","CAROLINA",5,0,5
"07/17/2026 02:40 PM","MAYAGUEZ",15,0,15
"07/17/2026 02:40 PM","PONCE",2807,200,3007
"07/17/2026 02:40 PM","SAN JUAN",731,4404,5135
"07/17/2026 02:45 PM","ARECIBO",244,86,330
"07/17/2026 02:45 PM","BAYAMON",1254,114,1368
"07/17/2026 02:45 PM","CAGUAS",4485,0,4485
"07/17/2026 02:45 PM","CAROLINA",5,0,5
"07/17/2026 02:45 PM","MAYAGUEZ",15,0,15
"07/17/2026 02:45 PM","PONCE",386,200,586
"07/17/2026 02:45 PM","SAN JUAN",731,4404,5135
"07/17/2026 02:45 PM","ARECIBO",244,86,330
"07/17/2026 02:45 PM","BAYAMON",1254,114,1368
"07/17/2026 02:45 PM","CAGUAS",4485,0,4485
"07/17/2026 02:45 PM","CAROLINA",5,0,5
"07/17/2026 02:45 PM","MAYAGUEZ",15,0,15
"07/17/2026 02:45 PM","PONCE",386,200,586
"07/17/2026 02:45 PM","SAN JUAN",731,4404,5135
"07/17/2026 02:45 PM","ARECIBO",244,86,330
"07/17/2026 02:45 PM","BAYAMON",1254,114,1368
"07/17/2026 02:45 PM","CAGUAS",4485,0,4485
"07/17/2026 02:45 PM","CAROLINA",5,0,5
"07/17/2026 02:45 PM","MAYAGUEZ",15,0,15
"07/17/2026 02:45 PM","PONCE",386,200,586
"07/17/2026 02:45 PM","SAN JUAN",731,4404,5135
"07/17/2026 04:55 PM","ARECIBO",1033,0,1033
"07/17/2026 04:55 PM","BAYAMON",4815,0,4815
"07/17/2026 04:55 PM","CAGUAS",700,0,700
"07/17/2026 04:55 PM","CAROLINA",2,0,2
"07/17/2026 04:55 PM","MAYAGUEZ",2734,0,2734
"07/17/2026 04:55 PM","PONCE",392,200,592
"07/17/2026 04:55 PM","SAN JUAN",4,4406,4410
"07/17/2026 04:55 PM","ARECIBO",1033,0,1033
"07/17/2026 04:55 PM","BAYAMON",4815,0,4815
"07/17/2026 04:55 PM","CAGUAS",700,0,700
"07/17/2026 04:55 PM","CAROLINA",2,0,2
"07/17/2026 04:55 PM","MAYAGUEZ",2734,0,2734
"07/17/2026 04:55 PM","PONCE",392,200,592
"07/17/2026 04:55 PM","SAN JUAN",4,4406,4410
"07/17/2026 04:55 PM","ARECIBO",1033,0,1033
"07/17/2026 04:55 PM","BAYAMON",4815,0,4815
"07/17/2026 04:55 PM","CAGUAS",700,0,700
"07/17/2026 04:55 PM","CAROLINA",2,0,2
"07/17/2026 04:55 PM","MAYAGUEZ",2734,0,2734
"07/17/2026 04:55 PM","PONCE",392,200,592
"07/17/2026 04:55 PM","SAN JUAN",4,4406,4410
"07/17/2026 05:00 PM","ARECIBO",1033,0,1033
"07/17/2026 05:00 PM","BAYAMON",4817,0,4817
"07/17/2026 05:00 PM","CAGUAS",593,0,593
"07/17/2026 05:00 PM","CAROLINA",2,0,2
"07/17/2026 05:00 PM","MAYAGUEZ",2731,0,2731
"07/17/2026 05:00 PM","PONCE",391,200,591
"07/17/2026 05:00 PM","SAN JUAN",4,4406,4410
"07/17/2026 05:00 PM","ARECIBO",1033,0,1033
"07/17/2026 05:00 PM","BAYAMON",4817,0,4817
"07/17/2026 05:00 PM","CAGUAS",593,0,593
"07/17/2026 05:00 PM","CAROLINA",2,0,2
"07/17/2026 05:00 PM","MAYAGUEZ",2731,0,2731
"07/17/2026 05:00 PM","PONCE",391,200,591
"07/17/2026 05:00 PM","SAN JUAN",4,4406,4410
"07/17/2026 05:05 PM","ARECIBO",1035,0,1035
"07/17/2026 05:05 PM","BAYAMON",4816,0,4816
"07/17/2026 05:05 PM","CAGUAS",598,0,598
"07/17/2026 05:05 PM","CAROLINA",1,0,1
"07/17/2026 05:05 PM","MAYAGUEZ",2731,0,2731
"07/17/2026 05:05 PM","PONCE",287,200,487
"07/17/2026 05:05 PM","SAN JUAN",4,4406,4410
"07/17/2026 05:05 PM","ARECIBO",1035,0,1035
"07/17/2026 05:05 PM","BAYAMON",4816,0,4816
"07/17/2026 05:05 PM","CAGUAS",598,0,598
"07/17/2026 05:05 PM","CAROLINA",1,0,1
"07/17/2026 05:05 PM","MAYAGUEZ",2731,0,2731
"07/17/2026 05:05 PM","PONCE",287,200,487
"07/17/2026 05:05 PM","SAN JUAN",4,4406,4410
"07/17/2026 05:05 PM","ARECIBO",1035,0,1035
"07/17/2026 05:05 PM","BAYAMON",4816,0,4816
"07/17/2026 05:05 PM","CAGUAS",598,0,598
"07/17/2026 05:05 PM","CAROLINA",1,0,1
"07/17/2026 05:05 PM","MAYAGUEZ",2731,0,2731
"07/17/2026 05:05 PM","PONCE",287,200,487
"07/17/2026 05:05 PM","SAN JUAN",4,4406,4410
"07/18/2026 01:50 AM","ARECIBO",39,0,39
"07/18/2026 01:50 AM","BAYAMON",144,0,144
"07/18/2026 01:50 AM","CAGUAS",187,0,187
"07/18/2026 01:50 AM","CAROLINA",2,0,2
"07/18/2026 01:50 AM","MAYAGUEZ",818,0,818
"07/18/2026 01:50 AM","PONCE",1358,0,1358
"07/18/2026 01:50 AM","SAN JUAN",33,0,33
"07/18/2026 01:55 AM","ARECIBO",39,0,39
"07/18/2026 01:55 AM","BAYAMON",144,0,144
"07/18/2026 01:55 AM","CAGUAS",187,0,187
"07/18/2026 01:55 AM","CAROLINA",2,0,2
"07/18/2026 01:55 AM","MAYAGUEZ",818,0,818
"07/18/2026 01:55 AM","PONCE",1358,0,1358
"07/18/2026 01:55 AM","SAN JUAN",33,0,33
"07/18/2026 01:55 AM","ARECIBO",39,0,39
"07/18/2026 01:55 AM","BAYAMON",144,0,144
"07/18/2026 01:55 AM","CAGUAS",187,0,187
"07/18/2026 01:55 AM","CAROLINA",2,0,2
"07/18/2026 01:55 AM","MAYAGUEZ",818,0,818
"07/18/2026 01:55 AM","PONCE",1358,0,1358
"07/18/2026 01:55 AM","SAN JUAN",33,0,33
"07/18/2026 02:00 AM","ARECIBO",39,0,39
"07/18/2026 02:00 AM","BAYAMON",144,0,144
"07/18/2026 02:00 AM","CAGUAS",187,0,187
"07/18/2026 02:00 AM","CAROLINA",2,0,2
"07/18/2026 02:00 AM","MAYAGUEZ",818,0,818
"07/18/2026 02:00 AM","PONCE",1358,0,1358
"07/18/2026 02:00 AM","SAN JUAN",33,0,33
"07/18/2026 02:00 AM","ARECIBO",39,0,39
"07/18/2026 02:00 AM","BAYAMON",144,0,144
"07/18/2026 02:00 AM","CAGUAS",187,0,187
"07/18/2026 02:00 AM","CAROLINA",2,0,2
"07/18/2026 02:00 AM","MAYAGUEZ",818,0,818
"07/18/2026 02:00 AM","PONCE",1358,0,1358
"07/18/2026 02:00 AM","SAN JUAN",33,0,33
"07/18/2026 02:00 AM","ARECIBO",39,0,39
"07/18/2026 02:00 AM","BAYAMON",144,0,144
"07/18/2026 02:00 AM","CAGUAS",187,0,187
"07/18/2026 02:00 AM","CAROLINA",2,0,2
"07/18/2026 02:00 AM","MAYAGUEZ",818,0,818
"07/18/2026 02:00 AM","PONCE",1358,0,1358
"07/18/2026 02:00 AM","SAN JUAN",33,0,33
"07/18/2026 02:05 AM","ARECIBO",39,0,39
"07/18/2026 02:05 AM","BAYAMON",144,0,144
"07/18/2026 02:05 AM","CAGUAS",188,0,188
"07/18/2026 02:05 AM","CAROLINA",10,0,10
"07/18/2026 02:05 AM","MAYAGUEZ",818,0,818
"07/18/2026 02:05 AM","PONCE",1358,0,1358
"07/18/2026 02:05 AM","SAN JUAN",33,0,33
"07/18/2026 02:05 AM","ARECIBO",39,0,39
"07/18/2026 02:05 AM","BAYAMON",144,0,144
"07/18/2026 02:05 AM","CAGUAS",188,0,188
"07/18/2026 02:05 AM","CAROLINA",10,0,10
"07/18/2026 02:05 AM","MAYAGUEZ",818,0,818
"07/18/2026 02:05 AM","PONCE",1358,0,1358
"07/18/2026 02:05 AM","SAN JUAN",33,0,33
"07/18/2026 02:10 AM","ARECIBO",39,0,39
"07/18/2026 02:10 AM","BAYAMON",144,0,144
"07/18/2026 02:10 AM","CAGUAS",188,0,188
"07/18/2026 02:10 AM","CAROLINA",10,0,10
"07/18/2026 02:10 AM","MAYAGUEZ",818,0,818
"07/18/2026 02:10 AM","PONCE",1358,0,1358
"07/18/2026 02:10 AM","SAN JUAN",33,0,33
"07/18/2026 02:10 AM","ARECIBO",39,0,39
"07/18/2026 02:10 AM","BAYAMON",144,0,144
"07/18/2026 02:10 AM","CAGUAS",188,0,188
"07/18/2026 02:10 AM","CAROLINA",10,0,10
"07/18/2026 02:10 AM","MAYAGUEZ",818,0,818
"07/18/2026 02:10 AM","PONCE",1358,0,1358
"07/18/2026 02:10 AM","SAN JUAN",33,0,33
"07/18/2026 02:10 AM","ARECIBO",39,0,39
"07/18/2026 02:10 AM","BAYAMON",144,0,144
"07/18/2026 02:10 AM","CAGUAS",188,0,188
"07/18/2026 02:10 AM","CAROLINA",10,0,10
"07/18/2026 02:10 AM","MAYAGUEZ",818,0,818
"07/18/2026 02:10 AM","PONCE",1358,0,1358
"07/18/2026 02:10 AM","SAN JUAN",33,0,33
"07/18/2026 02:15 AM","ARECIBO",39,0,39
"07/18/2026 02:15 AM","BAYAMON",144,0,144
"07/18/2026 02:15 AM","CAGUAS",188,0,188
"07/18/2026 02:15 AM","CAROLINA",10,0,10
"07/18/2026 02:15 AM","MAYAGUEZ",818,0,818
"07/18/2026 02:15 AM","PONCE",1358,0,1358
"07/18/2026 02:15 AM","SAN JUAN",33,0,33
"07/18/2026 02:15 AM","ARECIBO",39,0,39
"07/18/2026 02:15 AM","BAYAMON",144,0,144
"07/18/2026 02:15 AM","CAGUAS",188,0,188
"07/18/2026 02:15 AM","CAROLINA",10,0,10
"07/18/2026 02:15 AM","MAYAGUEZ",818,0,818
"07/18/2026 02:15 AM","PONCE",1358,0,1358
"07/18/2026 02:15 AM","SAN JUAN",33,0,33
"07/18/2026 02:20 AM","ARECIBO",39,0,39
"07/18/2026 02:20 AM","BAYAMON",144,0,144
"07/18/2026 02:20 AM","CAGUAS",188,0,188
"07/18/2026 02:20 AM","CAROLINA",10,0,10
"07/18/2026 02:20 AM","MAYAGUEZ",818,0,818
"07/18/2026 02:20 AM","PONCE",1358,0,1358
"07/18/2026 02:20 AM","SAN JUAN",33,0,33
"07/18/2026 02:20 AM","ARECIBO",39,0,39
"07/18/2026 02:20 AM","BAYAMON",144,0,144
"07/18/2026 02:20 AM","CAGUAS",188,0,188
"07/18/2026 02:20 AM","CAROLINA",10,0,10
"07/18/2026 02:20 AM","MAYAGUEZ",818,0,818
"07/18/2026 02:20 AM","PONCE",1358,0,1358
"07/18/2026 02:20 AM","SAN JUAN",33,0,33
"07/18/2026 02:20 AM","ARECIBO",39,0,39
"07/18/2026 02:20 AM","BAYAMON",144,0,144
"07/18/2026 02:20 AM","CAGUAS",188,0,188
"07/18/2026 02:20 AM","CAROLINA",10,0,10
"07/18/2026 02:20 AM","MAYAGUEZ",818,0,818
"07/18/2026 02:20 AM","PONCE",1358,0,1358
"07/18/2026 02:20 AM","SAN JUAN",33,0,33
"07/18/2026 02:25 AM","ARECIBO",39,0,39
"07/18/2026 02:25 AM","BAYAMON",145,0,145
"07/18/2026 02:25 AM","CAGUAS",188,0,188
"07/18/2026 02:25 AM","CAROLINA",10,0,10
"07/18/2026 02:25 AM","MAYAGUEZ",818,0,818
"07/18/2026 02:25 AM","PONCE",1358,0,1358
"07/18/2026 02:25 AM","SAN JUAN",33,0,33
"07/18/2026 02:25 AM","ARECIBO",39,0,39
"07/18/2026 02:25 AM","BAYAMON",145,0,145
"07/18/2026 02:25 AM","CAGUAS",188,0,188
"07/18/2026 02:25 AM","CAROLINA",10,0,10
"07/18/2026 02:25 AM","MAYAGUEZ",818,0,818
"07/18/2026 02:25 AM","PONCE",1358,0,1358
"07/18/2026 02:25 AM","SAN JUAN",33,0,33
"07/18/2026 02:30 AM","ARECIBO",39,0,39
"07/18/2026 02:30 AM","BAYAMON",145,0,145
"07/18/2026 02:30 AM","CAGUAS",188,0,188
"07/18/2026 02:30 AM","CAROLINA",10,0,10
"07/18/2026 02:30 AM","MAYAGUEZ",818,0,818
"07/18/2026 02:30 AM","PONCE",1358,0,1358
"07/18/2026 02:30 AM","SAN JUAN",33,0,33
"07/18/2026 02:30 AM","ARECIBO",39,0,39
"07/18/2026 02:30 AM","BAYAMON",145,0,145
"07/18/2026 02:30 AM","CAGUAS",188,0,188
"07/18/2026 02:30 AM","CAROLINA",10,0,10
"07/18/2026 02:30 AM","MAYAGUEZ",818,0,818
"07/18/2026 02:30 AM","PONCE",1358,0,1358
"07/18/2026 02:30 AM","SAN JUAN",33,0,33
"07/18/2026 02:30 AM","ARECIBO",39,0,39
"07/18/2026 02:30 AM","BAYAMON",145,0,145
"07/18/2026 02:30 AM","CAGUAS",188,0,188
"07/18/2026 02:30 AM","CAROLINA",10,0,10
"07/18/2026 02:30 AM","MAYAGUEZ",818,0,818
"07/18/2026 02:30 AM","PONCE",1358,0,1358
"07/18/2026 02:30 AM","SAN JUAN",33,0,33
"07/18/2026 02:35 AM","ARECIBO",39,0,39
"07/18/2026 02:35 AM","BAYAMON",145,0,145
"07/18/2026 02:35 AM","CAGUAS",188,0,188
"07/18/2026 02:35 AM","CAROLINA",10,0,10
"07/18/2026 02:35 AM","MAYAGUEZ",818,0,818
"07/18/2026 02:35 AM","PONCE",338,0,338
"07/18/2026 02:35 AM","SAN JUAN",33,0,33
"07/18/2026 02:35 AM","ARECIBO",39,0,39
"07/18/2026 02:35 AM","BAYAMON",145,0,145
"07/18/2026 02:35 AM","CAGUAS",188,0,188
"07/18/2026 02:35 AM","CAROLINA",10,0,10
"07/18/2026 02:35 AM","MAYAGUEZ",818,0,818
"07/18/2026 02:35 AM","PONCE",338,0,338
"07/18/2026 02:35 AM","SAN JUAN",33,0,33
"07/18/2026 02:40 AM","ARECIBO",39,0,39
"07/18/2026 02:40 AM","BAYAMON",145,0,145
"07/18/2026 02:40 AM","CAGUAS",188,0,188
"07/18/2026 02:40 AM","CAROLINA",10,0,10
"07/18/2026 02:40 AM","MAYAGUEZ",818,0,818
"07/18/2026 02:40 AM","PONCE",338,0,338
"07/18/2026 02:40 AM","SAN JUAN",33,0,33
"07/18/2026 02:40 AM","ARECIBO",39,0,39
"07/18/2026 02:40 AM","BAYAMON",145,0,145
"07/18/2026 02:40 AM","CAGUAS",188,0,188
"07/18/2026 02:40 AM","CAROLINA",10,0,10
"07/18/2026 02:40 AM","MAYAGUEZ",818,0,818
"07/18/2026 02:40 AM","PONCE",338,0,338
"07/18/2026 02:40 AM","SAN JUAN",33,0,33
"07/18/2026 02:40 AM","ARECIBO",39,0,39
"07/18/2026 02:40 AM","BAYAMON",145,0,145
"07/18/2026 02:40 AM","CAGUAS",188,0,188
"07/18/2026 02:40 AM","CAROLINA",10,0,10
"07/18/2026 02:40 AM","MAYAGUEZ",818,0,818
"07/18/2026 02:40 AM","PONCE",338,0,338
"07/18/2026 02:40 AM","SAN JUAN",33,0,33
"07/18/2026 02:45 AM","ARECIBO",39,0,39
"07/18/2026 02:45 AM","BAYAMON",144,0,144
"07/18/2026 02:45 AM","CAGUAS",188,0,188
"07/18/2026 02:45 AM","CAROLINA",10,0,10
"07/18/2026 02:45 AM","MAYAGUEZ",818,0,818
"07/18/2026 02:45 AM","PONCE",338,0,338
"07/18/2026 02:45 AM","SAN JUAN",33,0,33
"07/18/2026 02:45 AM","ARECIBO",39,0,39
"07/18/2026 02:45 AM","BAYAMON",144,0,144
"07/18/2026 02:45 AM","CAGUAS",188,0,188
"07/18/2026 02:45 AM","CAROLINA",10,0,10
"07/18/2026 02:45 AM","MAYAGUEZ",818,0,818
"07/18/2026 02:45 AM","PONCE",338,0,338
"07/18/2026 02:45 AM","SAN JUAN",33,0,33
"07/18/2026 06:45 AM","ARECIBO",47,0,47
"07/18/2026 06:45 AM","BAYAMON",143,0,143
"07/18/2026 06:45 AM","CAGUAS",26,0,26
"07/18/2026 06:45 AM","CAROLINA",12,0,12
"07/18/2026 06:45 AM","MAYAGUEZ",822,0,822
"07/18/2026 06:45 AM","PONCE",5,0,5
"07/18/2026 06:45 AM","SAN JUAN",35,0,35
"07/18/2026 06:45 AM","ARECIBO",47,0,47
"07/18/2026 06:45 AM","BAYAMON",143,0,143
"07/18/2026 06:45 AM","CAGUAS",26,0,26
"07/18/2026 06:45 AM","CAROLINA",12,0,12
"07/18/2026 06:45 AM","MAYAGUEZ",822,0,822
"07/18/2026 06:45 AM","PONCE",5,0,5
"07/18/2026 06:45 AM","SAN JUAN",35,0,35
"07/18/2026 06:50 AM","ARECIBO",47,0,47
"07/18/2026 06:50 AM","BAYAMON",144,0,144
"07/18/2026 06:50 AM","CAGUAS",26,0,26
"07/18/2026 06:50 AM","CAROLINA",12,0,12
"07/18/2026 06:50 AM","MAYAGUEZ",822,0,822
"07/18/2026 06:50 AM","PONCE",5,0,5
"07/18/2026 06:50 AM","SAN JUAN",35,0,35
"07/18/2026 06:50 AM","ARECIBO",47,0,47
"07/18/2026 06:50 AM","BAYAMON",144,0,144
"07/18/2026 06:50 AM","CAGUAS",26,0,26
"07/18/2026 06:50 AM","CAROLINA",12,0,12
"07/18/2026 06:50 AM","MAYAGUEZ",822,0,822
"07/18/2026 06:50 AM","PONCE",5,0,5
"07/18/2026 06:50 AM","SAN JUAN",35,0,35
"07/18/2026 06:55 AM","ARECIBO",47,0,47
"07/18/2026 06:55 AM","BAYAMON",144,0,144
"07/18/2026 06:55 AM","CAGUAS",26,0,26
"07/18/2026 06:55 AM","CAROLINA",12,0,12
"07/18/2026 06:55 AM","MAYAGUEZ",823,0,823
"07/18/2026 06:55 AM","PONCE",6,0,6
"07/18/2026 06:55 AM","SAN JUAN",35,0,35
"07/18/2026 06:55 AM","ARECIBO",47,0,47
"07/18/2026 06:55 AM","BAYAMON",144,0,144
"07/18/2026 06:55 AM","CAGUAS",26,0,26
"07/18/2026 06:55 AM","CAROLINA",12,0,12
"07/18/2026 06:55 AM","MAYAGUEZ",823,0,823
"07/18/2026 06:55 AM","PONCE",6,0,6
"07/18/2026 06:55 AM","SAN JUAN",35,0,35
"07/18/2026 06:55 AM","ARECIBO",47,0,47
"07/18/2026 06:55 AM","BAYAMON",144,0,144
"07/18/2026 06:55 AM","CAGUAS",26,0,26
"07/18/2026 06:55 AM","CAROLINA",12,0,12
"07/18/2026 06:55 AM","MAYAGUEZ",823,0,823
"07/18/2026 06:55 AM","PONCE",6,0,6
"07/18/2026 06:55 AM","SAN JUAN",35,0,35
"07/18/2026 07:00 AM","ARECIBO",47,0,47
"07/18/2026 07:00 AM","BAYAMON",144,0,144
"07/18/2026 07:00 AM","CAGUAS",26,0,26
"07/18/2026 07:00 AM","CAROLINA",12,0,12
"07/18/2026 07:00 AM","MAYAGUEZ",824,0,824
"07/18/2026 07:00 AM","PONCE",6,0,6
"07/18/2026 07:00 AM","SAN JUAN",35,0,35
"07/18/2026 07:00 AM","ARECIBO",47,0,47
"07/18/2026 07:00 AM","BAYAMON",144,0,144
"07/18/2026 07:00 AM","CAGUAS",26,0,26
"07/18/2026 07:00 AM","CAROLINA",12,0,12
"07/18/2026 07:00 AM","MAYAGUEZ",824,0,824
"07/18/2026 07:00 AM","PONCE",6,0,6
"07/18/2026 07:00 AM","SAN JUAN",35,0,35
"07/18/2026 07:05 AM","ARECIBO",47,0,47
"07/18/2026 07:05 AM","BAYAMON",144,0,144
"07/18/2026 07:05 AM","CAGUAS",28,0,28
"07/18/2026 07:05 AM","CAROLINA",12,0,12
"07/18/2026 07:05 AM","MAYAGUEZ",825,0,825
"07/18/2026 07:05 AM","PONCE",6,0,6
"07/18/2026 07:05 AM","SAN JUAN",35,0,35
"07/18/2026 07:05 AM","ARECIBO",47,0,47
"07/18/2026 07:05 AM","BAYAMON",144,0,144
"07/18/2026 07:05 AM","CAGUAS",28,0,28
"07/18/2026 07:05 AM","CAROLINA",12,0,12
"07/18/2026 07:05 AM","MAYAGUEZ",825,0,825
"07/18/2026 07:05 AM","PONCE",6,0,6
"07/18/2026 07:05 AM","SAN JUAN",35,0,35
"07/18/2026 07:05 AM","ARECIBO",47,0,47
"07/18/2026 07:05 AM","BAYAMON",144,0,144
"07/18/2026 07:05 AM","CAGUAS",28,0,28
"07/18/2026 07:05 AM","CAROLINA",12,0,12
"07/18/2026 07:05 AM","MAYAGUEZ",825,0,825
"07/18/2026 07:05 AM","PONCE",6,0,6
"07/18/2026 07:05 AM","SAN JUAN",35,0,35
"07/18/2026 07:10 AM","ARECIBO",47,0,47
"07/18/2026 07:10 AM","BAYAMON",225,0,225
"07/18/2026 07:10 AM","CAGUAS",27,0,27
"07/18/2026 07:10 AM","CAROLINA",27,0,27
"07/18/2026 07:10 AM","MAYAGUEZ",825,0,825
"07/18/2026 07:10 AM","PONCE",6,0,6
"07/18/2026 07:10 AM","SAN JUAN",35,0,35
"07/18/2026 07:10 AM","ARECIBO",47,0,47
"07/18/2026 07:10 AM","BAYAMON",225,0,225
"07/18/2026 07:10 AM","CAGUAS",27,0,27
"07/18/2026 07:10 AM","CAROLINA",27,0,27
"07/18/2026 07:10 AM","MAYAGUEZ",825,0,825
"07/18/2026 07:10 AM","PONCE",6,0,6
"07/18/2026 07:10 AM","SAN JUAN",35,0,35
"07/18/2026 07:15 AM","ARECIBO",47,0,47
"07/18/2026 07:15 AM","BAYAMON",225,0,225
"07/18/2026 07:15 AM","CAGUAS",27,0,27
"07/18/2026 07:15 AM","CAROLINA",27,0,27
"07/18/2026 07:15 AM","MAYAGUEZ",825,0,825
"07/18/2026 07:15 AM","PONCE",6,0,6
"07/18/2026 07:15 AM","SAN JUAN",36,0,36
"07/18/2026 07:15 AM","ARECIBO",47,0,47
"07/18/2026 07:15 AM","BAYAMON",225,0,225
"07/18/2026 07:15 AM","CAGUAS",27,0,27
"07/18/2026 07:15 AM","CAROLINA",27,0,27
"07/18/2026 07:15 AM","MAYAGUEZ",825,0,825
"07/18/2026 07:15 AM","PONCE",6,0,6
"07/18/2026 07:15 AM","SAN JUAN",36,0,36
"07/18/2026 07:15 AM","ARECIBO",47,0,47
"07/18/2026 07:15 AM","BAYAMON",225,0,225
"07/18/2026 07:15 AM","CAGUAS",27,0,27
"07/18/2026 07:15 AM","CAROLINA",27,0,27
"07/18/2026 07:15 AM","MAYAGUEZ",825,0,825
"07/18/2026 07:15 AM","PONCE",6,0,6
"07/18/2026 07:15 AM","SAN JUAN",36,0,36
"07/18/2026 07:20 AM","ARECIBO",47,0,47
"07/18/2026 07:20 AM","BAYAMON",225,0,225
"07/18/2026 07:20 AM","CAGUAS",37,0,37
"07/18/2026 07:20 AM","CAROLINA",87,0,87
"07/18/2026 07:20 AM","MAYAGUEZ",825,0,825
"07/18/2026 07:20 AM","PONCE",6,0,6
"07/18/2026 07:20 AM","SAN JUAN",36,0,36
"07/18/2026 07:20 AM","ARECIBO",47,0,47
"07/18/2026 07:20 AM","BAYAMON",225,0,225
"07/18/2026 07:20 AM","CAGUAS",37,0,37
"07/18/2026 07:20 AM","CAROLINA",87,0,87
"07/18/2026 07:20 AM","MAYAGUEZ",825,0,825
"07/18/2026 07:20 AM","PONCE",6,0,6
"07/18/2026 07:20 AM","SAN JUAN",36,0,36
"07/18/2026 07:25 AM","ARECIBO",47,0,47
"07/18/2026 07:25 AM","BAYAMON",226,0,226
"07/18/2026 07:25 AM","CAGUAS",37,0,37
"07/18/2026 07:25 AM","CAROLINA",87,0,87
"07/18/2026 07:25 AM","MAYAGUEZ",825,0,825
"07/18/2026 07:25 AM","PONCE",7,0,7
"07/18/2026 07:25 AM","SAN JUAN",36,0,36
"07/18/2026 07:25 AM","ARECIBO",47,0,47
"07/18/2026 07:25 AM","BAYAMON",226,0,226
"07/18/2026 07:25 AM","CAGUAS",37,0,37
"07/18/2026 07:25 AM","CAROLINA",87,0,87
"07/18/2026 07:25 AM","MAYAGUEZ",825,0,825
"07/18/2026 07:25 AM","PONCE",7,0,7
"07/18/2026 07:25 AM","SAN JUAN",36,0,36
"07/18/2026 07:25 AM","ARECIBO",47,0,47
"07/18/2026 07:25 AM","BAYAMON",226,0,226
"07/18/2026 07:25 AM","CAGUAS",37,0,37
"07/18/2026 07:25 AM","CAROLINA",87,0,87
"07/18/2026 07:25 AM","MAYAGUEZ",825,0,825
"07/18/2026 07:25 AM","PONCE",7,0,7
"07/18/2026 07:25 AM","SAN JUAN",36,0,36
"07/18/2026 07:30 AM","ARECIBO",47,0,47
"07/18/2026 07:30 AM","BAYAMON",226,0,226
"07/18/2026 07:30 AM","CAGUAS",37,0,37
"07/18/2026 07:30 AM","CAROLINA",87,0,87
"07/18/2026 07:30 AM","MAYAGUEZ",825,0,825
"07/18/2026 07:30 AM","PONCE",7,0,7
"07/18/2026 07:30 AM","SAN JUAN",36,0,36
"07/18/2026 07:30 AM","ARECIBO",47,0,47
"07/18/2026 07:30 AM","BAYAMON",226,0,226
"07/18/2026 07:30 AM","CAGUAS",37,0,37
"07/18/2026 07:30 AM","CAROLINA",87,0,87
"07/18/2026 07:30 AM","MAYAGUEZ",825,0,825
"07/18/2026 07:30 AM","PONCE",7,0,7
"07/18/2026 07:30 AM","SAN JUAN",36,0,36
"07/18/2026 07:35 AM","ARECIBO",47,0,47
"07/18/2026 07:35 AM","BAYAMON",225,0,225
"07/18/2026 07:35 AM","CAGUAS",38,0,38
"07/18/2026 07:35 AM","CAROLINA",87,0,87
"07/18/2026 07:35 AM","MAYAGUEZ",825,0,825
"07/18/2026 07:35 AM","PONCE",7,0,7
"07/18/2026 07:35 AM","SAN JUAN",37,0,37
"07/18/2026 07:35 AM","ARECIBO",47,0,47
"07/18/2026 07:35 AM","BAYAMON",225,0,225
"07/18/2026 07:35 AM","CAGUAS",38,0,38
"07/18/2026 07:35 AM","CAROLINA",87,0,87
"07/18/2026 07:35 AM","MAYAGUEZ",825,0,825
"07/18/2026 07:35 AM","PONCE",7,0,7
"07/18/2026 07:35 AM","SAN JUAN",37,0,37
"07/18/2026 07:35 AM","ARECIBO",47,0,47
"07/18/2026 07:35 AM","BAYAMON",225,0,225
"07/18/2026 07:35 AM","CAGUAS",38,0,38
"07/18/2026 07:35 AM","CAROLINA",87,0,87
"07/18/2026 07:35 AM","MAYAGUEZ",825,0,825
"07/18/2026 07:35 AM","PONCE",7,0,7
"07/18/2026 07:35 AM","SAN JUAN",37,0,37
"07/18/2026 07:40 AM","ARECIBO",47,0,47
"07/18/2026 07:40 AM","BAYAMON",225,0,225
"07/18/2026 07:40 AM","CAGUAS",38,0,38
"07/18/2026 07:40 AM","CAROLINA",87,0,87
"07/18/2026 07:40 AM","MAYAGUEZ",825,0,825
"07/18/2026 07:40 AM","PONCE",7,0,7
"07/18/2026 07:40 AM","SAN JUAN",37,0,37
"07/18/2026 10:35 AM","ARECIBO",41,0,41
"07/18/2026 10:35 AM","BAYAMON",166,1219,1385
"07/18/2026 10:35 AM","CAGUAS",148,0,148
"07/18/2026 10:35 AM","CAROLINA",67,0,67
"07/18/2026 10:35 AM","MAYAGUEZ",788,0,788
"07/18/2026 10:35 AM","PONCE",191,0,191
"07/18/2026 10:35 AM","SAN JUAN",67,0,67
"07/18/2026 10:40 AM","ARECIBO",41,0,41
"07/18/2026 10:40 AM","BAYAMON",166,1219,1385
"07/18/2026 10:40 AM","CAGUAS",193,0,193
"07/18/2026 10:40 AM","CAROLINA",6,0,6
"07/18/2026 10:40 AM","MAYAGUEZ",788,0,788
"07/18/2026 10:40 AM","PONCE",192,0,192
"07/18/2026 10:40 AM","SAN JUAN",68,0,68
"07/18/2026 10:40 AM","ARECIBO",41,0,41
"07/18/2026 10:40 AM","BAYAMON",166,1219,1385
"07/18/2026 10:40 AM","CAGUAS",193,0,193
"07/18/2026 10:40 AM","CAROLINA",6,0,6
"07/18/2026 10:40 AM","MAYAGUEZ",788,0,788
"07/18/2026 10:40 AM","PONCE",192,0,192
"07/18/2026 10:40 AM","SAN JUAN",68,0,68
"07/18/2026 10:40 AM","ARECIBO",41,0,41
"07/18/2026 10:40 AM","BAYAMON",166,1219,1385
"07/18/2026 10:40 AM","CAGUAS",193,0,193
"07/18/2026 10:40 AM","CAROLINA",6,0,6
"07/18/2026 10:40 AM","MAYAGUEZ",788,0,788
"07/18/2026 10:40 AM","PONCE",192,0,192
"07/18/2026 10:40 AM","SAN JUAN",68,0,68
"07/18/2026 10:45 AM","ARECIBO",41,0,41
"07/18/2026 10:45 AM","BAYAMON",167,1219,1386
"07/18/2026 10:45 AM","CAGUAS",193,0,193
"07/18/2026 10:45 AM","CAROLINA",6,0,6
"07/18/2026 10:45 AM","MAYAGUEZ",788,0,788
"07/18/2026 10:45 AM","PONCE",191,0,191
"07/18/2026 10:45 AM","SAN JUAN",69,0,69
"07/18/2026 10:45 AM","ARECIBO",41,0,41
"07/18/2026 10:45 AM","BAYAMON",167,1219,1386
"07/18/2026 10:45 AM","CAGUAS",193,0,193
"07/18/2026 10:45 AM","CAROLINA",6,0,6
"07/18/2026 10:45 AM","MAYAGUEZ",788,0,788
"07/18/2026 10:45 AM","PONCE",191,0,191
"07/18/2026 10:45 AM","SAN JUAN",69,0,69
"07/18/2026 10:50 AM","ARECIBO",41,0,41
"07/18/2026 10:50 AM","BAYAMON",168,1219,1387
"07/18/2026 10:50 AM","CAGUAS",144,0,144
"07/18/2026 10:50 AM","CAROLINA",6,0,6
"07/18/2026 10:50 AM","MAYAGUEZ",788,0,788
"07/18/2026 10:50 AM","PONCE",191,0,191
"07/18/2026 10:50 AM","SAN JUAN",33,0,33
"07/18/2026 10:50 AM","ARECIBO",41,0,41
"07/18/2026 10:50 AM","BAYAMON",168,1219,1387
"07/18/2026 10:50 AM","CAGUAS",144,0,144
"07/18/2026 10:50 AM","CAROLINA",6,0,6
"07/18/2026 10:50 AM","MAYAGUEZ",788,0,788
"07/18/2026 10:50 AM","PONCE",191,0,191
"07/18/2026 10:50 AM","SAN JUAN",33,0,33
"07/18/2026 10:50 AM","ARECIBO",41,0,41
"07/18/2026 10:50 AM","BAYAMON",168,1219,1387
"07/18/2026 10:50 AM","CAGUAS",144,0,144
"07/18/2026 10:50 AM","CAROLINA",6,0,6
"07/18/2026 10:50 AM","MAYAGUEZ",788,0,788
"07/18/2026 10:50 AM","PONCE",191,0,191
"07/18/2026 10:50 AM","SAN JUAN",33,0,33
"07/18/2026 10:55 AM","ARECIBO",41,0,41
"07/18/2026 10:55 AM","BAYAMON",168,1219,1387
"07/18/2026 10:55 AM","CAGUAS",145,0,145
"07/18/2026 10:55 AM","CAROLINA",6,0,6
"07/18/2026 10:55 AM","MAYAGUEZ",787,0,787
"07/18/2026 10:55 AM","PONCE",191,0,191
"07/18/2026 10:55 AM","SAN JUAN",32,0,32
"07/18/2026 10:55 AM","ARECIBO",41,0,41
"07/18/2026 10:55 AM","BAYAMON",168,1219,1387
"07/18/2026 10:55 AM","CAGUAS",145,0,145
"07/18/2026 10:55 AM","CAROLINA",6,0,6
"07/18/2026 10:55 AM","MAYAGUEZ",787,0,787
"07/18/2026 10:55 AM","PONCE",191,0,191
"07/18/2026 10:55 AM","SAN JUAN",32,0,32
"07/18/2026 11:00 AM","ARECIBO",38,0,38
"07/18/2026 11:00 AM","BAYAMON",159,1219,1378
"07/18/2026 11:00 AM","CAGUAS",145,0,145
"07/18/2026 11:00 AM","CAROLINA",5,0,5
"07/18/2026 11:00 AM","MAYAGUEZ",787,0,787
"07/18/2026 11:00 AM","PONCE",191,0,191
"07/18/2026 11:00 AM","SAN JUAN",32,0,32
"07/18/2026 11:00 AM","ARECIBO",38,0,38
"07/18/2026 11:00 AM","BAYAMON",159,1219,1378
"07/18/2026 11:00 AM","CAGUAS",145,0,145
"07/18/2026 11:00 AM","CAROLINA",5,0,5
"07/18/2026 11:00 AM","MAYAGUEZ",787,0,787
"07/18/2026 11:00 AM","PONCE",191,0,191
"07/18/2026 11:00 AM","SAN JUAN",32,0,32
"07/18/2026 11:00 AM","ARECIBO",38,0,38
"07/18/2026 11:00 AM","BAYAMON",159,1219,1378
"07/18/2026 11:00 AM","CAGUAS",145,0,145
"07/18/2026 11:00 AM","CAROLINA",5,0,5
"07/18/2026 11:00 AM","MAYAGUEZ",787,0,787
"07/18/2026 11:00 AM","PONCE",191,0,191
"07/18/2026 11:00 AM","SAN JUAN",32,0,32
"07/18/2026 11:05 AM","ARECIBO",52,0,52
"07/18/2026 11:05 AM","BAYAMON",155,1219,1374
"07/18/2026 11:05 AM","CAGUAS",145,0,145
"07/18/2026 11:05 AM","CAROLINA",6,0,6
"07/18/2026 11:05 AM","MAYAGUEZ",787,0,787
"07/18/2026 11:05 AM","PONCE",192,0,192
"07/18/2026 11:05 AM","SAN JUAN",32,0,32
"07/18/2026 11:05 AM","ARECIBO",52,0,52
"07/18/2026 11:05 AM","BAYAMON",155,1219,1374
"07/18/2026 11:05 AM","CAGUAS",145,0,145
"07/18/2026 11:05 AM","CAROLINA",6,0,6
"07/18/2026 11:05 AM","MAYAGUEZ",787,0,787
"07/18/2026 11:05 AM","PONCE",192,0,192
"07/18/2026 11:05 AM","SAN JUAN",32,0,32
"07/18/2026 11:10 AM","ARECIBO",54,0,54
"07/18/2026 11:10 AM","BAYAMON",156,1219,1375
"07/18/2026 11:10 AM","CAGUAS",145,0,145
"07/18/2026 11:10 AM","CAROLINA",79,0,79
"07/18/2026 11:10 AM","MAYAGUEZ",787,0,787
"07/18/2026 11:10 AM","PONCE",196,0,196
"07/18/2026 11:10 AM","SAN JUAN",32,0,32
"07/18/2026 11:10 AM","ARECIBO",54,0,54
"07/18/2026 11:10 AM","BAYAMON",156,1219,1375
"07/18/2026 11:10 AM","CAGUAS",145,0,145
"07/18/2026 11:10 AM","CAROLINA",79,0,79
"07/18/2026 11:10 AM","MAYAGUEZ",787,0,787
"07/18/2026 11:10 AM","PONCE",196,0,196
"07/18/2026 11:10 AM","SAN JUAN",32,0,32
"07/18/2026 11:10 AM","ARECIBO",54,0,54
"07/18/2026 11:10 AM","BAYAMON",156,1219,1375
"07/18/2026 11:10 AM","CAGUAS",145,0,145
"07/18/2026 11:10 AM","CAROLINA",79,0,79
"07/18/2026 11:10 AM","MAYAGUEZ",787,0,787
"07/18/2026 11:10 AM","PONCE",196,0,196
"07/18/2026 11:10 AM","SAN JUAN",32,0,32
"07/18/2026 11:15 AM","ARECIBO",54,0,54
"07/18/2026 11:15 AM","BAYAMON",155,1219,1374
"07/18/2026 11:15 AM","CAGUAS",131,0,131
"07/18/2026 11:15 AM","CAROLINA",79,0,79
"07/18/2026 11:15 AM","MAYAGUEZ",786,0,786
"07/18/2026 11:15 AM","PONCE",391,0,391
"07/18/2026 11:15 AM","SAN JUAN",32,0,32
"07/18/2026 11:15 AM","ARECIBO",54,0,54
"07/18/2026 11:15 AM","BAYAMON",155,1219,1374
"07/18/2026 11:15 AM","CAGUAS",131,0,131
"07/18/2026 11:15 AM","CAROLINA",79,0,79
"07/18/2026 11:15 AM","MAYAGUEZ",786,0,786
"07/18/2026 11:15 AM","PONCE",391,0,391
"07/18/2026 11:15 AM","SAN JUAN",32,0,32
"07/18/2026 11:20 AM","ARECIBO",89,0,89
"07/18/2026 11:20 AM","BAYAMON",155,1219,1374
"07/18/2026 11:20 AM","CAGUAS",131,0,131
"07/18/2026 11:20 AM","CAROLINA",79,0,79
"07/18/2026 11:20 AM","MAYAGUEZ",786,0,786
"07/18/2026 11:20 AM","PONCE",390,0,390
"07/18/2026 11:20 AM","SAN JUAN",32,0,32
"07/18/2026 11:20 AM","ARECIBO",89,0,89
"07/18/2026 11:20 AM","BAYAMON",155,1219,1374
"07/18/2026 11:20 AM","CAGUAS",131,0,131
"07/18/2026 11:20 AM","CAROLINA",79,0,79
"07/18/2026 11:20 AM","MAYAGUEZ",786,0,786
"07/18/2026 11:20 AM","PONCE",390,0,390
"07/18/2026 11:20 AM","SAN JUAN",32,0,32
"07/18/2026 11:20 AM","ARECIBO",89,0,89
"07/18/2026 11:20 AM","BAYAMON",155,1219,1374
"07/18/2026 11:20 AM","CAGUAS",131,0,131
"07/18/2026 11:20 AM","CAROLINA",79,0,79
"07/18/2026 11:20 AM","MAYAGUEZ",786,0,786
"07/18/2026 11:20 AM","PONCE",390,0,390
"07/18/2026 11:20 AM","SAN JUAN",32,0,32
"07/18/2026 11:25 AM","ARECIBO",88,0,88
"07/18/2026 11:25 AM","BAYAMON",155,1219,1374
"07/18/2026 11:25 AM","CAGUAS",132,0,132
"07/18/2026 11:25 AM","CAROLINA",79,0,79
"07/18/2026 11:25 AM","MAYAGUEZ",786,0,786
"07/18/2026 11:25 AM","PONCE",392,0,392
"07/18/2026 11:25 AM","SAN JUAN",32,0,32
"07/18/2026 11:25 AM","ARECIBO",88,0,88
"07/18/2026 11:25 AM","BAYAMON",155,1219,1374
"07/18/2026 11:25 AM","CAGUAS",132,0,132
"07/18/2026 11:25 AM","CAROLINA",79,0,79
"07/18/2026 11:25 AM","MAYAGUEZ",786,0,786
"07/18/2026 11:25 AM","PONCE",392,0,392
"07/18/2026 11:25 AM","SAN JUAN",32,0,32
"07/18/2026 11:30 AM","ARECIBO",88,0,88
"07/18/2026 11:30 AM","BAYAMON",155,1219,1374
"07/18/2026 11:30 AM","CAGUAS",132,0,132
"07/18/2026 11:30 AM","CAROLINA",79,0,79
"07/18/2026 11:30 AM","MAYAGUEZ",786,0,786
"07/18/2026 11:30 AM","PONCE",395,0,395
"07/18/2026 11:30 AM","SAN JUAN",32,0,32
"07/18/2026 11:30 AM","ARECIBO",88,0,88
"07/18/2026 11:30 AM","BAYAMON",155,1219,1374
"07/18/2026 11:30 AM","CAGUAS",132,0,132
"07/18/2026 11:30 AM","CAROLINA",79,0,79
"07/18/2026 11:30 AM","MAYAGUEZ",786,0,786
"07/18/2026 11:30 AM","PONCE",395,0,395
"07/18/2026 11:30 AM","SAN JUAN",32,0,32
"07/18/2026 02:10 PM","ARECIBO",138,0,138
"07/18/2026 02:10 PM","BAYAMON",147,1220,1367
"07/18/2026 02:10 PM","CAGUAS",171,0,171
"07/18/2026 02:10 PM","CAROLINA",30,0,30
"07/18/2026 02:10 PM","MAYAGUEZ",779,0,779
"07/18/2026 02:10 PM","PONCE",881,0,881
"07/18/2026 02:10 PM","SAN JUAN",387,0,387
"07/18/2026 02:10 PM","ARECIBO",138,0,138
"07/18/2026 02:10 PM","BAYAMON",147,1220,1367
"07/18/2026 02:10 PM","CAGUAS",171,0,171
"07/18/2026 02:10 PM","CAROLINA",30,0,30
"07/18/2026 02:10 PM","MAYAGUEZ",779,0,779
"07/18/2026 02:10 PM","PONCE",881,0,881
"07/18/2026 02:10 PM","SAN JUAN",387,0,387
"07/18/2026 02:15 PM","ARECIBO",139,0,139
"07/18/2026 02:15 PM","BAYAMON",146,1220,1366
"07/18/2026 02:15 PM","CAGUAS",172,0,172
"07/18/2026 02:15 PM","CAROLINA",29,0,29
"07/18/2026 02:15 PM","MAYAGUEZ",779,0,779
"07/18/2026 02:15 PM","PONCE",881,0,881
"07/18/2026 02:15 PM","SAN JUAN",387,0,387
"07/18/2026 02:15 PM","ARECIBO",139,0,139
"07/18/2026 02:15 PM","BAYAMON",146,1220,1366
"07/18/2026 02:15 PM","CAGUAS",172,0,172
"07/18/2026 02:15 PM","CAROLINA",29,0,29
"07/18/2026 02:15 PM","MAYAGUEZ",779,0,779
"07/18/2026 02:15 PM","PONCE",881,0,881
"07/18/2026 02:15 PM","SAN JUAN",387,0,387
"07/18/2026 02:15 PM","ARECIBO",139,0,139
"07/18/2026 02:15 PM","BAYAMON",146,1220,1366
"07/18/2026 02:15 PM","CAGUAS",172,0,172
"07/18/2026 02:15 PM","CAROLINA",29,0,29
"07/18/2026 02:15 PM","MAYAGUEZ",779,0,779
"07/18/2026 02:15 PM","PONCE",881,0,881
"07/18/2026 02:15 PM","SAN JUAN",387,0,387
"07/18/2026 02:20 PM","ARECIBO",347,0,347
"07/18/2026 02:20 PM","BAYAMON",158,1220,1378
"07/18/2026 02:20 PM","CAGUAS",85,0,85
"07/18/2026 02:20 PM","CAROLINA",29,0,29
"07/18/2026 02:20 PM","MAYAGUEZ",779,0,779
"07/18/2026 02:20 PM","PONCE",881,0,881
"07/18/2026 02:20 PM","SAN JUAN",375,0,375
"07/18/2026 02:20 PM","ARECIBO",347,0,347
"07/18/2026 02:20 PM","BAYAMON",158,1220,1378
"07/18/2026 02:20 PM","CAGUAS",85,0,85
"07/18/2026 02:20 PM","CAROLINA",29,0,29
"07/18/2026 02:20 PM","MAYAGUEZ",779,0,779
"07/18/2026 02:20 PM","PONCE",881,0,881
"07/18/2026 02:20 PM","SAN JUAN",375,0,375
"07/18/2026 02:25 PM","ARECIBO",349,0,349
"07/18/2026 02:25 PM","BAYAMON",149,1220,1369
"07/18/2026 02:25 PM","CAGUAS",84,0,84
"07/18/2026 02:25 PM","CAROLINA",29,0,29
"07/18/2026 02:25 PM","MAYAGUEZ",778,0,778
"07/18/2026 02:25 PM","PONCE",882,0,882
"07/18/2026 02:25 PM","SAN JUAN",374,0,374
"07/18/2026 02:25 PM","ARECIBO",349,0,349
"07/18/2026 02:25 PM","BAYAMON",149,1220,1369
"07/18/2026 02:25 PM","CAGUAS",84,0,84
"07/18/2026 02:25 PM","CAROLINA",29,0,29
"07/18/2026 02:25 PM","MAYAGUEZ",778,0,778
"07/18/2026 02:25 PM","PONCE",882,0,882
"07/18/2026 02:25 PM","SAN JUAN",374,0,374
"07/18/2026 02:25 PM","ARECIBO",349,0,349
"07/18/2026 02:25 PM","BAYAMON",149,1220,1369
"07/18/2026 02:25 PM","CAGUAS",84,0,84
"07/18/2026 02:25 PM","CAROLINA",29,0,29
"07/18/2026 02:25 PM","MAYAGUEZ",778,0,778
"07/18/2026 02:25 PM","PONCE",882,0,882
"07/18/2026 02:25 PM","SAN JUAN",374,0,374
"07/18/2026 02:30 PM","ARECIBO",122,0,122
"07/18/2026 02:30 PM","BAYAMON",149,1220,1369
"07/18/2026 02:30 PM","CAGUAS",84,0,84
"07/18/2026 02:30 PM","CAROLINA",29,0,29
"07/18/2026 02:30 PM","MAYAGUEZ",778,0,778
"07/18/2026 02:30 PM","PONCE",882,0,882
"07/18/2026 02:30 PM","SAN JUAN",374,0,374
"07/18/2026 02:30 PM","ARECIBO",122,0,122
"07/18/2026 02:30 PM","BAYAMON",149,1220,1369
"07/18/2026 02:30 PM","CAGUAS",84,0,84
"07/18/2026 02:30 PM","CAROLINA",29,0,29
"07/18/2026 02:30 PM","MAYAGUEZ",778,0,778
"07/18/2026 02:30 PM","PONCE",882,0,882
"07/18/2026 02:30 PM","SAN JUAN",374,0,374
"07/18/2026 02:35 PM","ARECIBO",121,0,121
"07/18/2026 02:35 PM","BAYAMON",149,1220,1369
"07/18/2026 02:35 PM","CAGUAS",83,0,83
"07/18/2026 02:35 PM","CAROLINA",29,0,29
"07/18/2026 02:35 PM","MAYAGUEZ",778,0,778
"07/18/2026 02:35 PM","PONCE",881,0,881
"07/18/2026 02:35 PM","SAN JUAN",354,0,354
"07/18/2026 02:35 PM","ARECIBO",121,0,121
"07/18/2026 02:35 PM","BAYAMON",149,1220,1369
"07/18/2026 02:35 PM","CAGUAS",83,0,83
"07/18/2026 02:35 PM","CAROLINA",29,0,29
"07/18/2026 02:35 PM","MAYAGUEZ",778,0,778
"07/18/2026 02:35 PM","PONCE",881,0,881
"07/18/2026 02:35 PM","SAN JUAN",354,0,354
"07/18/2026 02:35 PM","ARECIBO",121,0,121
"07/18/2026 02:35 PM","BAYAMON",149,1220,1369
"07/18/2026 02:35 PM","CAGUAS",83,0,83
"07/18/2026 02:35 PM","CAROLINA",29,0,29
"07/18/2026 02:35 PM","MAYAGUEZ",778,0,778
"07/18/2026 02:35 PM","PONCE",881,0,881
"07/18/2026 02:35 PM","SAN JUAN",354,0,354
"07/18/2026 02:40 PM","ARECIBO",121,0,121
"07/18/2026 02:40 PM","BAYAMON",149,1220,1369
"07/18/2026 02:40 PM","CAGUAS",83,0,83
"07/18/2026 02:40 PM","CAROLINA",29,0,29
"07/18/2026 02:40 PM","MAYAGUEZ",777,0,777
"07/18/2026 02:40 PM","PONCE",881,0,881
"07/18/2026 02:40 PM","SAN JUAN",355,0,355
"07/18/2026 02:40 PM","ARECIBO",121,0,121
"07/18/2026 02:40 PM","BAYAMON",149,1220,1369
"07/18/2026 02:40 PM","CAGUAS",83,0,83
"07/18/2026 02:40 PM","CAROLINA",29,0,29
"07/18/2026 02:40 PM","MAYAGUEZ",777,0,777
"07/18/2026 02:40 PM","PONCE",881,0,881
"07/18/2026 02:40 PM","SAN JUAN",355,0,355
"07/18/2026 02:45 PM","ARECIBO",39,0,39
"07/18/2026 02:45 PM","BAYAMON",150,1220,1370
"07/18/2026 02:45 PM","CAGUAS",84,0,84
"07/18/2026 02:45 PM","CAROLINA",29,0,29
"07/18/2026 02:45 PM","MAYAGUEZ",777,0,777
"07/18/2026 02:45 PM","PONCE",874,0,874
"07/18/2026 02:45 PM","SAN JUAN",355,0,355
"07/18/2026 02:45 PM","ARECIBO",39,0,39
"07/18/2026 02:45 PM","BAYAMON",150,1220,1370
"07/18/2026 02:45 PM","CAGUAS",84,0,84
"07/18/2026 02:45 PM","CAROLINA",29,0,29
"07/18/2026 02:45 PM","MAYAGUEZ",777,0,777
"07/18/2026 02:45 PM","PONCE",874,0,874
"07/18/2026 02:45 PM","SAN JUAN",355,0,355
"07/18/2026 02:45 PM","ARECIBO",39,0,39
"07/18/2026 02:45 PM","BAYAMON",150,1220,1370
"07/18/2026 02:45 PM","CAGUAS",84,0,84
"07/18/2026 02:45 PM","CAROLINA",29,0,29
"07/18/2026 02:45 PM","MAYAGUEZ",777,0,777
"07/18/2026 02:45 PM","PONCE",874,0,874
"07/18/2026 02:45 PM","SAN JUAN",355,0,355
"07/18/2026 02:50 PM","ARECIBO",39,0,39
"07/18/2026 02:50 PM","BAYAMON",126,1220,1346
"07/18/2026 02:50 PM","CAGUAS",83,0,83
"07/18/2026 02:50 PM","CAROLINA",28,0,28
"07/18/2026 02:50 PM","MAYAGUEZ",777,0,777
"07/18/2026 02:50 PM","PONCE",874,0,874
"07/18/2026 02:50 PM","SAN JUAN",355,0,355
"07/18/2026 02:50 PM","ARECIBO",39,0,39
"07/18/2026 02:50 PM","BAYAMON",126,1220,1346
"07/18/2026 02:50 PM","CAGUAS",83,0,83
"07/18/2026 02:50 PM","CAROLINA",28,0,28
"07/18/2026 02:50 PM","MAYAGUEZ",777,0,777
"07/18/2026 02:50 PM","PONCE",874,0,874
"07/18/2026 02:50 PM","SAN JUAN",355,0,355
"07/18/2026 02:55 PM","ARECIBO",39,0,39
"07/18/2026 02:55 PM","BAYAMON",126,1220,1346
"07/18/2026 02:55 PM","CAGUAS",84,0,84
"07/18/2026 02:55 PM","CAROLINA",28,0,28
"07/18/2026 02:55 PM","MAYAGUEZ",777,0,777
"07/18/2026 02:55 PM","PONCE",875,0,875
"07/18/2026 02:55 PM","SAN JUAN",355,0,355
"07/18/2026 02:55 PM","ARECIBO",39,0,39
"07/18/2026 02:55 PM","BAYAMON",126,1220,1346
"07/18/2026 02:55 PM","CAGUAS",84,0,84
"07/18/2026 02:55 PM","CAROLINA",28,0,28
"07/18/2026 02:55 PM","MAYAGUEZ",777,0,777
"07/18/2026 02:55 PM","PONCE",875,0,875
"07/18/2026 02:55 PM","SAN JUAN",355,0,355
"07/18/2026 02:55 PM","ARECIBO",39,0,39
"07/18/2026 02:55 PM","BAYAMON",126,1220,1346
"07/18/2026 02:55 PM","CAGUAS",84,0,84
"07/18/2026 02:55 PM","CAROLINA",28,0,28
"07/18/2026 02:55 PM","MAYAGUEZ",777,0,777
"07/18/2026 02:55 PM","PONCE",875,0,875
"07/18/2026 02:55 PM","SAN JUAN",355,0,355
"07/18/2026 03:00 PM","ARECIBO",38,0,38
"07/18/2026 03:00 PM","BAYAMON",127,1220,1347
"07/18/2026 03:00 PM","CAGUAS",85,0,85
"07/18/2026 03:00 PM","CAROLINA",28,0,28
"07/18/2026 03:00 PM","MAYAGUEZ",773,0,773
"07/18/2026 03:00 PM","PONCE",875,0,875
"07/18/2026 03:00 PM","SAN JUAN",355,0,355
"07/18/2026 03:00 PM","ARECIBO",38,0,38
"07/18/2026 03:00 PM","BAYAMON",127,1220,1347
"07/18/2026 03:00 PM","CAGUAS",85,0,85
"07/18/2026 03:00 PM","CAROLINA",28,0,28
"07/18/2026 03:00 PM","MAYAGUEZ",773,0,773
"07/18/2026 03:00 PM","PONCE",875,0,875
"07/18/2026 03:00 PM","SAN JUAN",355,0,355
"07/18/2026 03:05 PM","ARECIBO",32,0,32
"07/18/2026 03:05 PM","BAYAMON",17,1220,1237
"07/18/2026 03:05 PM","CAGUAS",85,0,85
"07/18/2026 03:05 PM","CAROLINA",28,0,28
"07/18/2026 03:05 PM","MAYAGUEZ",771,0,771
"07/18/2026 03:05 PM","PONCE",875,0,875
"07/18/2026 03:05 PM","SAN JUAN",355,0,355
"07/18/2026 05:35 PM","ARECIBO",6,0,6
"07/18/2026 05:35 PM","BAYAMON",135,0,135
"07/18/2026 05:35 PM","CAGUAS",62,0,62
"07/18/2026 05:35 PM","CAROLINA",2,0,2
"07/18/2026 05:35 PM","MAYAGUEZ",4,0,4
"07/18/2026 05:35 PM","PONCE",1,0,1
"07/18/2026 05:35 PM","SAN JUAN",513,0,513
"07/18/2026 05:35 PM","ARECIBO",6,0,6
"07/18/2026 05:35 PM","BAYAMON",135,0,135
"07/18/2026 05:35 PM","CAGUAS",62,0,62
"07/18/2026 05:35 PM","CAROLINA",2,0,2
"07/18/2026 05:35 PM","MAYAGUEZ",4,0,4
"07/18/2026 05:35 PM","PONCE",1,0,1
"07/18/2026 05:35 PM","SAN JUAN",513,0,513
"07/18/2026 05:40 PM","ARECIBO",6,0,6
"07/18/2026 05:40 PM","BAYAMON",397,0,397
"07/18/2026 05:40 PM","CAGUAS",62,0,62
"07/18/2026 05:40 PM","CAROLINA",2,0,2
"07/18/2026 05:40 PM","MAYAGUEZ",4,0,4
"07/18/2026 05:40 PM","PONCE",1,0,1
"07/18/2026 05:40 PM","SAN JUAN",614,0,614
"07/18/2026 05:40 PM","ARECIBO",6,0,6
"07/18/2026 05:40 PM","BAYAMON",397,0,397
"07/18/2026 05:40 PM","CAGUAS",62,0,62
"07/18/2026 05:40 PM","CAROLINA",2,0,2
"07/18/2026 05:40 PM","MAYAGUEZ",4,0,4
"07/18/2026 05:40 PM","PONCE",1,0,1
"07/18/2026 05:40 PM","SAN JUAN",614,0,614
"07/18/2026 05:40 PM","ARECIBO",6,0,6
"07/18/2026 05:40 PM","BAYAMON",397,0,397
"07/18/2026 05:40 PM","CAGUAS",62,0,62
"07/18/2026 05:40 PM","CAROLINA",2,0,2
"07/18/2026 05:40 PM","MAYAGUEZ",4,0,4
"07/18/2026 05:40 PM","PONCE",1,0,1
"07/18/2026 05:40 PM","SAN JUAN",614,0,614
"07/18/2026 05:45 PM","ARECIBO",20,0,20
"07/18/2026 05:45 PM","BAYAMON",397,0,397
"07/18/2026 05:45 PM","CAGUAS",62,0,62
"07/18/2026 05:45 PM","CAROLINA",2,0,2
"07/18/2026 05:45 PM","MAYAGUEZ",4,0,4
"07/18/2026 05:45 PM","PONCE",1,0,1
"07/18/2026 05:45 PM","SAN JUAN",615,0,615
"07/18/2026 05:45 PM","ARECIBO",20,0,20
"07/18/2026 05:45 PM","BAYAMON",397,0,397
"07/18/2026 05:45 PM","CAGUAS",62,0,62
"07/18/2026 05:45 PM","CAROLINA",2,0,2
"07/18/2026 05:45 PM","MAYAGUEZ",4,0,4
"07/18/2026 05:45 PM","PONCE",1,0,1
"07/18/2026 05:45 PM","SAN JUAN",615,0,615
"07/18/2026 05:50 PM","ARECIBO",113,0,113
"07/18/2026 05:50 PM","BAYAMON",396,0,396
"07/18/2026 05:50 PM","CAGUAS",63,0,63
"07/18/2026 05:50 PM","CAROLINA",2,0,2
"07/18/2026 05:50 PM","MAYAGUEZ",4,0,4
"07/18/2026 05:50 PM","PONCE",1,0,1
"07/18/2026 05:50 PM","SAN JUAN",614,0,614
"07/18/2026 05:50 PM","ARECIBO",113,0,113
"07/18/2026 05:50 PM","BAYAMON",396,0,396
"07/18/2026 05:50 PM","CAGUAS",63,0,63
"07/18/2026 05:50 PM","CAROLINA",2,0,2
"07/18/2026 05:50 PM","MAYAGUEZ",4,0,4
"07/18/2026 05:50 PM","PONCE",1,0,1
"07/18/2026 05:50 PM","SAN JUAN",614,0,614
"07/18/2026 05:55 PM","ARECIBO",12560,0,12560
"07/18/2026 05:55 PM","BAYAMON",395,0,395
"07/18/2026 05:55 PM","CAGUAS",10681,0,10681
"07/18/2026 05:55 PM","CAROLINA",2,0,2
"07/18/2026 05:55 PM","MAYAGUEZ",5,0,5
"07/18/2026 05:55 PM","PONCE",7209,0,7209
"07/18/2026 05:55 PM","SAN JUAN",7871,0,7871
"07/18/2026 05:55 PM","ARECIBO",12560,0,12560
"07/18/2026 05:55 PM","BAYAMON",395,0,395
"07/18/2026 05:55 PM","CAGUAS",10681,0,10681
"07/18/2026 05:55 PM","CAROLINA",2,0,2
"07/18/2026 05:55 PM","MAYAGUEZ",5,0,5
"07/18/2026 05:55 PM","PONCE",7209,0,7209
"07/18/2026 05:55 PM","SAN JUAN",7871,0,7871
"07/18/2026 05:55 PM","ARECIBO",12560,0,12560
"07/18/2026 05:55 PM","BAYAMON",395,0,395
"07/18/2026 05:55 PM","CAGUAS",10681,0,10681
"07/18/2026 05:55 PM","CAROLINA",2,0,2
"07/18/2026 05:55 PM","MAYAGUEZ",5,0,5
"07/18/2026 05:55 PM","PONCE",7209,0,7209
"07/18/2026 05:55 PM","SAN JUAN",7871,0,7871
"07/18/2026 06:00 PM","ARECIBO",12563,0,12563
"07/18/2026 06:00 PM","BAYAMON",395,0,395
"07/18/2026 06:00 PM","CAGUAS",10682,0,10682
"07/18/2026 06:00 PM","CAROLINA",2,0,2
"07/18/2026 06:00 PM","MAYAGUEZ",5925,0,5925
"07/18/2026 06:00 PM","PONCE",7208,0,7208
"07/18/2026 06:00 PM","SAN JUAN",7656,0,7656
"07/18/2026 06:00 PM","ARECIBO",12563,0,12563
"07/18/2026 06:00 PM","BAYAMON",395,0,395
"07/18/2026 06:00 PM","CAGUAS",10682,0,10682
"07/18/2026 06:00 PM","CAROLINA",2,0,2
"07/18/2026 06:00 PM","MAYAGUEZ",5925,0,5925
"07/18/2026 06:00 PM","PONCE",7208,0,7208
"07/18/2026 06:00 PM","SAN JUAN",7656,0,7656
"07/18/2026 06:05 PM","ARECIBO",12566,0,12566
"07/18/2026 06:05 PM","BAYAMON",383,0,383
"07/18/2026 06:05 PM","CAGUAS",10679,0,10679
"07/18/2026 06:05 PM","CAROLINA",2,0,2
"07/18/2026 06:05 PM","MAYAGUEZ",5925,0,5925
"07/18/2026 06:05 PM","PONCE",7207,0,7207
"07/18/2026 06:05 PM","SAN JUAN",8850,0,8850
"07/18/2026 06:05 PM","ARECIBO",12566,0,12566
"07/18/2026 06:05 PM","BAYAMON",383,0,383
"07/18/2026 06:05 PM","CAGUAS",10679,0,10679
"07/18/2026 06:05 PM","CAROLINA",2,0,2
"07/18/2026 06:05 PM","MAYAGUEZ",5925,0,5925
"07/18/2026 06:05 PM","PONCE",7207,0,7207
"07/18/2026 06:05 PM","SAN JUAN",8850,0,8850
"07/18/2026 06:05 PM","ARECIBO",12566,0,12566
"07/18/2026 06:05 PM","BAYAMON",383,0,383
"07/18/2026 06:05 PM","CAGUAS",10679,0,10679
"07/18/2026 06:05 PM","CAROLINA",2,0,2
"07/18/2026 06:05 PM","MAYAGUEZ",5925,0,5925
"07/18/2026 06:05 PM","PONCE",7207,0,7207
"07/18/2026 06:05 PM","SAN JUAN",8850,0,8850
"07/18/2026 06:10 PM","ARECIBO",16886,0,16886
"07/18/2026 06:10 PM","BAYAMON",383,0,383
"07/18/2026 06:10 PM","CAGUAS",10679,0,10679
"07/18/2026 06:10 PM","CAROLINA",2,0,2
"07/18/2026 06:10 PM","MAYAGUEZ",5924,0,5924
"07/18/2026 06:10 PM","PONCE",7358,0,7358
"07/18/2026 06:10 PM","SAN JUAN",8673,0,8673
"07/18/2026 06:10 PM","ARECIBO",16886,0,16886
"07/18/2026 06:10 PM","BAYAMON",383,0,383
"07/18/2026 06:10 PM","CAGUAS",10679,0,10679
"07/18/2026 06:10 PM","CAROLINA",2,0,2
"07/18/2026 06:10 PM","MAYAGUEZ",5924,0,5924
"07/18/2026 06:10 PM","PONCE",7358,0,7358
"07/18/2026 06:10 PM","SAN JUAN",8673,0,8673
"07/18/2026 06:15 PM","ARECIBO",24126,0,24126
"07/18/2026 06:15 PM","BAYAMON",383,0,383
"07/18/2026 06:15 PM","CAGUAS",10683,0,10683
"07/18/2026 06:15 PM","CAROLINA",2,0,2
"07/18/2026 06:15 PM","MAYAGUEZ",5924,0,5924
"07/18/2026 06:15 PM","PONCE",7356,0,7356
"07/18/2026 06:15 PM","SAN JUAN",8675,0,8675
"07/18/2026 06:15 PM","ARECIBO",24126,0,24126
"07/18/2026 06:15 PM","BAYAMON",383,0,383
"07/18/2026 06:15 PM","CAGUAS",10683,0,10683
"07/18/2026 06:15 PM","CAROLINA",2,0,2
"07/18/2026 06:15 PM","MAYAGUEZ",5924,0,5924
"07/18/2026 06:15 PM","PONCE",7356,0,7356
"07/18/2026 06:15 PM","SAN JUAN",8675,0,8675
"07/18/2026 06:15 PM","ARECIBO",24126,0,24126
"07/18/2026 06:15 PM","BAYAMON",383,0,383
"07/18/2026 06:15 PM","CAGUAS",10683,0,10683
"07/18/2026 06:15 PM","CAROLINA",2,0,2
"07/18/2026 06:15 PM","MAYAGUEZ",5924,0,5924
"07/18/2026 06:15 PM","PONCE",7356,0,7356
"07/18/2026 06:15 PM","SAN JUAN",8675,0,8675
"07/18/2026 06:20 PM","ARECIBO",24126,0,24126
"07/18/2026 06:20 PM","BAYAMON",383,0,383
"07/18/2026 06:20 PM","CAGUAS",10679,0,10679
"07/18/2026 06:20 PM","CAROLINA",2,0,2
"07/18/2026 06:20 PM","MAYAGUEZ",5924,0,5924
"07/18/2026 06:20 PM","PONCE",7357,0,7357
"07/18/2026 06:20 PM","SAN JUAN",8699,0,8699
"07/18/2026 06:20 PM","ARECIBO",24126,0,24126
"07/18/2026 06:20 PM","BAYAMON",383,0,383
"07/18/2026 06:20 PM","CAGUAS",10679,0,10679
"07/18/2026 06:20 PM","CAROLINA",2,0,2
"07/18/2026 06:20 PM","MAYAGUEZ",5924,0,5924
"07/18/2026 06:20 PM","PONCE",7357,0,7357
"07/18/2026 06:20 PM","SAN JUAN",8699,0,8699
"07/18/2026 06:25 PM","ARECIBO",30609,0,30609
"07/18/2026 06:25 PM","BAYAMON",84,0,84
"07/18/2026 06:25 PM","CAGUAS",10680,0,10680
"07/18/2026 06:25 PM","CAROLINA",1,0,1
"07/18/2026 06:25 PM","MAYAGUEZ",8643,0,8643
"07/18/2026 06:25 PM","PONCE",9927,0,9927
"07/18/2026 06:25 PM","SAN JUAN",8674,0,8674
"07/18/2026 06:25 PM","ARECIBO",30609,0,30609
"07/18/2026 06:25 PM","BAYAMON",84,0,84
"07/18/2026 06:25 PM","CAGUAS",10680,0,10680
"07/18/2026 06:25 PM","CAROLINA",1,0,1
"07/18/2026 06:25 PM","MAYAGUEZ",8643,0,8643
"07/18/2026 06:25 PM","PONCE",9927,0,9927
"07/18/2026 06:25 PM","SAN JUAN",8674,0,8674
"07/18/2026 06:25 PM","ARECIBO",30609,0,30609
"07/18/2026 06:25 PM","BAYAMON",84,0,84
"07/18/2026 06:25 PM","CAGUAS",10680,0,10680
"07/18/2026 06:25 PM","CAROLINA",1,0,1
"07/18/2026 06:25 PM","MAYAGUEZ",8643,0,8643
"07/18/2026 06:25 PM","PONCE",9927,0,9927
"07/18/2026 06:25 PM","SAN JUAN",8674,0,8674
"07/18/2026 06:30 PM","ARECIBO",30639,0,30639
"07/18/2026 06:30 PM","BAYAMON",83,0,83
"07/18/2026 06:30 PM","CAGUAS",10680,0,10680
"07/18/2026 06:30 PM","CAROLINA",1,0,1
"07/18/2026 06:30 PM","MAYAGUEZ",9132,0,9132
"07/18/2026 06:30 PM","PONCE",9929,0,9929
"07/18/2026 06:30 PM","SAN JUAN",8673,0,8673
"07/19/2026 03:30 AM","ARECIBO",1197,0,1197
"07/19/2026 03:30 AM","BAYAMON",5510,0,5510
"07/19/2026 03:30 AM","CAGUAS",490,0,490
"07/19/2026 03:30 AM","CAROLINA",8,0,8
"07/19/2026 03:30 AM","MAYAGUEZ",2765,0,2765
"07/19/2026 03:30 AM","PONCE",226,0,226
"07/19/2026 03:30 AM","SAN JUAN",8,0,8
"07/19/2026 03:30 AM","ARECIBO",1197,0,1197
"07/19/2026 03:30 AM","BAYAMON",5510,0,5510
"07/19/2026 03:30 AM","CAGUAS",490,0,490
"07/19/2026 03:30 AM","CAROLINA",8,0,8
"07/19/2026 03:30 AM","MAYAGUEZ",2765,0,2765
"07/19/2026 03:30 AM","PONCE",226,0,226
"07/19/2026 03:30 AM","SAN JUAN",8,0,8
"07/19/2026 03:35 AM","ARECIBO",1197,0,1197
"07/19/2026 03:35 AM","BAYAMON",5510,0,5510
"07/19/2026 03:35 AM","CAGUAS",490,0,490
"07/19/2026 03:35 AM","CAROLINA",8,0,8
"07/19/2026 03:35 AM","MAYAGUEZ",2765,0,2765
"07/19/2026 03:35 AM","PONCE",227,0,227
"07/19/2026 03:35 AM","SAN JUAN",8,0,8
"07/19/2026 03:35 AM","ARECIBO",1197,0,1197
"07/19/2026 03:35 AM","BAYAMON",5510,0,5510
"07/19/2026 03:35 AM","CAGUAS",490,0,490
"07/19/2026 03:35 AM","CAROLINA",8,0,8
"07/19/2026 03:35 AM","MAYAGUEZ",2765,0,2765
"07/19/2026 03:35 AM","PONCE",227,0,227
"07/19/2026 03:35 AM","SAN JUAN",8,0,8
"07/19/2026 03:40 AM","ARECIBO",1197,0,1197
"07/19/2026 03:40 AM","BAYAMON",5510,0,5510
"07/19/2026 03:40 AM","CAGUAS",490,0,490
"07/19/2026 03:40 AM","CAROLINA",8,0,8
"07/19/2026 03:40 AM","MAYAGUEZ",2765,0,2765
"07/19/2026 03:40 AM","PONCE",227,0,227
"07/19/2026 03:40 AM","SAN JUAN",8,0,8
"07/19/2026 03:40 AM","ARECIBO",1197,0,1197
"07/19/2026 03:40 AM","BAYAMON",5510,0,5510
"07/19/2026 03:40 AM","CAGUAS",490,0,490
"07/19/2026 03:40 AM","CAROLINA",8,0,8
"07/19/2026 03:40 AM","MAYAGUEZ",2765,0,2765
"07/19/2026 03:40 AM","PONCE",227,0,227
"07/19/2026 03:40 AM","SAN JUAN",8,0,8
"07/19/2026 03:40 AM","ARECIBO",1197,0,1197
"07/19/2026 03:40 AM","BAYAMON",5510,0,5510
"07/19/2026 03:40 AM","CAGUAS",490,0,490
"07/19/2026 03:40 AM","CAROLINA",8,0,8
"07/19/2026 03:40 AM","MAYAGUEZ",2765,0,2765
"07/19/2026 03:40 AM","PONCE",227,0,227
"07/19/2026 03:40 AM","SAN JUAN",8,0,8
"07/19/2026 03:45 AM","ARECIBO",1197,0,1197
"07/19/2026 03:45 AM","BAYAMON",5511,0,5511
"07/19/2026 03:45 AM","CAGUAS",490,0,490
"07/19/2026 03:45 AM","CAROLINA",8,0,8
"07/19/2026 03:45 AM","MAYAGUEZ",2765,0,2765
"07/19/2026 03:45 AM","PONCE",226,0,226
"07/19/2026 03:45 AM","SAN JUAN",8,0,8
"07/19/2026 03:45 AM","ARECIBO",1197,0,1197
"07/19/2026 03:45 AM","BAYAMON",5511,0,5511
"07/19/2026 03:45 AM","CAGUAS",490,0,490
"07/19/2026 03:45 AM","CAROLINA",8,0,8
"07/19/2026 03:45 AM","MAYAGUEZ",2765,0,2765
"07/19/2026 03:45 AM","PONCE",226,0,226
"07/19/2026 03:45 AM","SAN JUAN",8,0,8
"07/19/2026 03:50 AM","ARECIBO",1197,0,1197
"07/19/2026 03:50 AM","BAYAMON",5510,0,5510
"07/19/2026 03:50 AM","CAGUAS",490,0,490
"07/19/2026 03:50 AM","CAROLINA",8,0,8
"07/19/2026 03:50 AM","MAYAGUEZ",2765,0,2765
"07/19/2026 03:50 AM","PONCE",226,0,226
"07/19/2026 03:50 AM","SAN JUAN",8,0,8
"07/19/2026 03:50 AM","ARECIBO",1197,0,1197
"07/19/2026 03:50 AM","BAYAMON",5510,0,5510
"07/19/2026 03:50 AM","CAGUAS",490,0,490
"07/19/2026 03:50 AM","CAROLINA",8,0,8
"07/19/2026 03:50 AM","MAYAGUEZ",2765,0,2765
"07/19/2026 03:50 AM","PONCE",226,0,226
"07/19/2026 03:50 AM","SAN JUAN",8,0,8
"07/19/2026 03:50 AM","ARECIBO",1197,0,1197
"07/19/2026 03:50 AM","BAYAMON",5510,0,5510
"07/19/2026 03:50 AM","CAGUAS",490,0,490
"07/19/2026 03:50 AM","CAROLINA",8,0,8
"07/19/2026 03:50 AM","MAYAGUEZ",2765,0,2765
"07/19/2026 03:50 AM","PONCE",226,0,226
"07/19/2026 03:50 AM","SAN JUAN",8,0,8
"07/19/2026 03:55 AM","ARECIBO",1198,0,1198
"07/19/2026 03:55 AM","BAYAMON",5510,0,5510
"07/19/2026 03:55 AM","CAGUAS",490,0,490
"07/19/2026 03:55 AM","CAROLINA",8,0,8
"07/19/2026 03:55 AM","MAYAGUEZ",2765,0,2765
"07/19/2026 03:55 AM","PONCE",226,0,226
"07/19/2026 03:55 AM","SAN JUAN",8,0,8
"07/19/2026 03:55 AM","ARECIBO",1198,0,1198
"07/19/2026 03:55 AM","BAYAMON",5510,0,5510
"07/19/2026 03:55 AM","CAGUAS",490,0,490
"07/19/2026 03:55 AM","CAROLINA",8,0,8
"07/19/2026 03:55 AM","MAYAGUEZ",2765,0,2765
"07/19/2026 03:55 AM","PONCE",226,0,226
"07/19/2026 03:55 AM","SAN JUAN",8,0,8
"07/19/2026 04:00 AM","ARECIBO",1197,0,1197
"07/19/2026 04:00 AM","BAYAMON",5514,0,5514
"07/19/2026 04:00 AM","CAGUAS",490,0,490
"07/19/2026 04:00 AM","CAROLINA",9,0,9
"07/19/2026 04:00 AM","MAYAGUEZ",2765,0,2765
"07/19/2026 04:00 AM","PONCE",226,0,226
"07/19/2026 04:00 AM","SAN JUAN",8,0,8
"07/19/2026 04:00 AM","ARECIBO",1197,0,1197
"07/19/2026 04:00 AM","BAYAMON",5514,0,5514
"07/19/2026 04:00 AM","CAGUAS",490,0,490
"07/19/2026 04:00 AM","CAROLINA",9,0,9
"07/19/2026 04:00 AM","MAYAGUEZ",2765,0,2765
"07/19/2026 04:00 AM","PONCE",226,0,226
"07/19/2026 04:00 AM","SAN JUAN",8,0,8
"07/19/2026 04:00 AM","ARECIBO",1197,0,1197
"07/19/2026 04:00 AM","BAYAMON",5514,0,5514
"07/19/2026 04:00 AM","CAGUAS",490,0,490
"07/19/2026 04:00 AM","CAROLINA",9,0,9
"07/19/2026 04:00 AM","MAYAGUEZ",2765,0,2765
"07/19/2026 04:00 AM","PONCE",226,0,226
"07/19/2026 04:00 AM","SAN JUAN",8,0,8
"07/19/2026 04:05 AM","ARECIBO",1197,0,1197
"07/19/2026 04:05 AM","BAYAMON",5516,0,5516
"07/19/2026 04:05 AM","CAGUAS",490,0,490
"07/19/2026 04:05 AM","CAROLINA",8,0,8
"07/19/2026 04:05 AM","MAYAGUEZ",2765,0,2765
"07/19/2026 04:05 AM","PONCE",226,0,226
"07/19/2026 04:05 AM","SAN JUAN",8,0,8
"07/19/2026 04:05 AM","ARECIBO",1197,0,1197
"07/19/2026 04:05 AM","BAYAMON",5516,0,5516
"07/19/2026 04:05 AM","CAGUAS",490,0,490
"07/19/2026 04:05 AM","CAROLINA",8,0,8
"07/19/2026 04:05 AM","MAYAGUEZ",2765,0,2765
"07/19/2026 04:05 AM","PONCE",226,0,226
"07/19/2026 04:05 AM","SAN JUAN",8,0,8
"07/19/2026 04:10 AM","ARECIBO",1197,0,1197
"07/19/2026 04:10 AM","BAYAMON",5517,0,5517
"07/19/2026 04:10 AM","CAGUAS",491,0,491
"07/19/2026 04:10 AM","CAROLINA",8,0,8
"07/19/2026 04:10 AM","MAYAGUEZ",2765,0,2765
"07/19/2026 04:10 AM","PONCE",226,0,226
"07/19/2026 04:10 AM","SAN JUAN",8,0,8
"07/19/2026 04:10 AM","ARECIBO",1197,0,1197
"07/19/2026 04:10 AM","BAYAMON",5517,0,5517
"07/19/2026 04:10 AM","CAGUAS",491,0,491
"07/19/2026 04:10 AM","CAROLINA",8,0,8
"07/19/2026 04:10 AM","MAYAGUEZ",2765,0,2765
"07/19/2026 04:10 AM","PONCE",226,0,226
"07/19/2026 04:10 AM","SAN JUAN",8,0,8
"07/19/2026 04:10 AM","ARECIBO",1197,0,1197
"07/19/2026 04:10 AM","BAYAMON",5517,0,5517
"07/19/2026 04:10 AM","CAGUAS",491,0,491
"07/19/2026 04:10 AM","CAROLINA",8,0,8
"07/19/2026 04:10 AM","MAYAGUEZ",2765,0,2765
"07/19/2026 04:10 AM","PONCE",226,0,226
"07/19/2026 04:10 AM","SAN JUAN",8,0,8
"07/19/2026 04:15 AM","ARECIBO",1197,0,1197
"07/19/2026 04:15 AM","BAYAMON",5517,0,5517
"07/19/2026 04:15 AM","CAGUAS",491,0,491
"07/19/2026 04:15 AM","CAROLINA",8,0,8
"07/19/2026 04:15 AM","MAYAGUEZ",2765,0,2765
"07/19/2026 04:15 AM","PONCE",226,0,226
"07/19/2026 04:15 AM","SAN JUAN",8,0,8
"07/19/2026 04:15 AM","ARECIBO",1197,0,1197
"07/19/2026 04:15 AM","BAYAMON",5517,0,5517
"07/19/2026 04:15 AM","CAGUAS",491,0,491
"07/19/2026 04:15 AM","CAROLINA",8,0,8
"07/19/2026 04:15 AM","MAYAGUEZ",2765,0,2765
"07/19/2026 04:15 AM","PONCE",226,0,226
"07/19/2026 04:15 AM","SAN JUAN",8,0,8
"07/19/2026 04:20 AM","ARECIBO",1197,0,1197
"07/19/2026 04:20 AM","BAYAMON",5519,0,5519
"07/19/2026 04:20 AM","CAGUAS",491,0,491
"07/19/2026 04:20 AM","CAROLINA",8,0,8
"07/19/2026 04:20 AM","MAYAGUEZ",2765,0,2765
"07/19/2026 04:20 AM","PONCE",226,0,226
"07/19/2026 04:20 AM","SAN JUAN",9,0,9
"07/19/2026 04:20 AM","ARECIBO",1197,0,1197
"07/19/2026 04:20 AM","BAYAMON",5519,0,5519
"07/19/2026 04:20 AM","CAGUAS",491,0,491
"07/19/2026 04:20 AM","CAROLINA",8,0,8
"07/19/2026 04:20 AM","MAYAGUEZ",2765,0,2765
"07/19/2026 04:20 AM","PONCE",226,0,226
"07/19/2026 04:20 AM","SAN JUAN",9,0,9
"07/19/2026 04:20 AM","ARECIBO",1197,0,1197
"07/19/2026 04:20 AM","BAYAMON",5519,0,5519
"07/19/2026 04:20 AM","CAGUAS",491,0,491
"07/19/2026 04:20 AM","CAROLINA",8,0,8
"07/19/2026 04:20 AM","MAYAGUEZ",2765,0,2765
"07/19/2026 04:20 AM","PONCE",226,0,226
"07/19/2026 04:20 AM","SAN JUAN",9,0,9
"07/19/2026 04:25 AM","ARECIBO",1197,0,1197
"07/19/2026 04:25 AM","BAYAMON",5520,0,5520
"07/19/2026 04:25 AM","CAGUAS",491,0,491
"07/19/2026 04:25 AM","CAROLINA",8,0,8
"07/19/2026 04:25 AM","MAYAGUEZ",2765,0,2765
"07/19/2026 04:25 AM","PONCE",226,0,226
"07/19/2026 04:25 AM","SAN JUAN",9,0,9
"07/19/2026 07:40 AM","ARECIBO",8114,0,8114
"07/19/2026 07:40 AM","BAYAMON",101,0,101
"07/19/2026 07:40 AM","CAGUAS",603,0,603
"07/19/2026 07:40 AM","CAROLINA",9,0,9
"07/19/2026 07:40 AM","MAYAGUEZ",1857,0,1857
"07/19/2026 07:40 AM","PONCE",15,0,15
"07/19/2026 07:40 AM","SAN JUAN",168,0,168
"07/19/2026 07:40 AM","ARECIBO",8114,0,8114
"07/19/2026 07:40 AM","BAYAMON",101,0,101
"07/19/2026 07:40 AM","CAGUAS",603,0,603
"07/19/2026 07:40 AM","CAROLINA",9,0,9
"07/19/2026 07:40 AM","MAYAGUEZ",1857,0,1857
"07/19/2026 07:40 AM","PONCE",15,0,15
"07/19/2026 07:40 AM","SAN JUAN",168,0,168
"07/19/2026 07:45 AM","ARECIBO",11424,0,11424
"07/19/2026 07:45 AM","BAYAMON",101,0,101
"07/19/2026 07:45 AM","CAGUAS",604,0,604
"07/19/2026 07:45 AM","CAROLINA",9,0,9
"07/19/2026 07:45 AM","MAYAGUEZ",1857,0,1857
"07/19/2026 07:45 AM","PONCE",15,0,15
"07/19/2026 07:45 AM","SAN JUAN",168,0,168
"07/19/2026 07:45 AM","ARECIBO",11424,0,11424
"07/19/2026 07:45 AM","BAYAMON",101,0,101
"07/19/2026 07:45 AM","CAGUAS",604,0,604
"07/19/2026 07:45 AM","CAROLINA",9,0,9
"07/19/2026 07:45 AM","MAYAGUEZ",1857,0,1857
"07/19/2026 07:45 AM","PONCE",15,0,15
"07/19/2026 07:45 AM","SAN JUAN",168,0,168
"07/19/2026 07:45 AM","ARECIBO",11424,0,11424
"07/19/2026 07:45 AM","BAYAMON",101,0,101
"07/19/2026 07:45 AM","CAGUAS",604,0,604
"07/19/2026 07:45 AM","CAROLINA",9,0,9
"07/19/2026 07:45 AM","MAYAGUEZ",1857,0,1857
"07/19/2026 07:45 AM","PONCE",15,0,15
"07/19/2026 07:45 AM","SAN JUAN",168,0,168
"07/19/2026 07:50 AM","ARECIBO",11425,0,11425
"07/19/2026 07:50 AM","BAYAMON",101,0,101
"07/19/2026 07:50 AM","CAGUAS",839,0,839
"07/19/2026 07:50 AM","CAROLINA",10,0,10
"07/19/2026 07:50 AM","MAYAGUEZ",1857,0,1857
"07/19/2026 07:50 AM","PONCE",17,0,17
"07/19/2026 07:50 AM","SAN JUAN",168,0,168
"07/19/2026 07:50 AM","ARECIBO",11425,0,11425
"07/19/2026 07:50 AM","BAYAMON",101,0,101
"07/19/2026 07:50 AM","CAGUAS",839,0,839
"07/19/2026 07:50 AM","CAROLINA",10,0,10
"07/19/2026 07:50 AM","MAYAGUEZ",1857,0,1857
"07/19/2026 07:50 AM","PONCE",17,0,17
"07/19/2026 07:50 AM","SAN JUAN",168,0,168
"07/19/2026 07:55 AM","ARECIBO",11424,0,11424
"07/19/2026 07:55 AM","BAYAMON",102,0,102
"07/19/2026 07:55 AM","CAGUAS",840,0,840
"07/19/2026 07:55 AM","CAROLINA",9,0,9
"07/19/2026 07:55 AM","MAYAGUEZ",1858,0,1858
"07/19/2026 07:55 AM","PONCE",18,0,18
"07/19/2026 07:55 AM","SAN JUAN",169,0,169
"07/19/2026 07:55 AM","ARECIBO",11424,0,11424
"07/19/2026 07:55 AM","BAYAMON",102,0,102
"07/19/2026 07:55 AM","CAGUAS",840,0,840
"07/19/2026 07:55 AM","CAROLINA",9,0,9
"07/19/2026 07:55 AM","MAYAGUEZ",1858,0,1858
"07/19/2026 07:55 AM","PONCE",18,0,18
"07/19/2026 07:55 AM","SAN JUAN",169,0,169
"07/19/2026 08:00 AM","ARECIBO",11424,0,11424
"07/19/2026 08:00 AM","BAYAMON",104,0,104
"07/19/2026 08:00 AM","CAGUAS",841,0,841
"07/19/2026 08:00 AM","CAROLINA",53,0,53
"07/19/2026 08:00 AM","MAYAGUEZ",54,0,54
"07/19/2026 08:00 AM","PONCE",18,0,18
"07/19/2026 08:00 AM","SAN JUAN",169,0,169
"07/19/2026 08:00 AM","ARECIBO",11424,0,11424
"07/19/2026 08:00 AM","BAYAMON",104,0,104
"07/19/2026 08:00 AM","CAGUAS",841,0,841
"07/19/2026 08:00 AM","CAROLINA",53,0,53
"07/19/2026 08:00 AM","MAYAGUEZ",54,0,54
"07/19/2026 08:00 AM","PONCE",18,0,18
"07/19/2026 08:00 AM","SAN JUAN",169,0,169
"07/19/2026 08:00 AM","ARECIBO",11424,0,11424
"07/19/2026 08:00 AM","BAYAMON",104,0,104
"07/19/2026 08:00 AM","CAGUAS",841,0,841
"07/19/2026 08:00 AM","CAROLINA",53,0,53
"07/19/2026 08:00 AM","MAYAGUEZ",54,0,54
"07/19/2026 08:00 AM","PONCE",18,0,18
"07/19/2026 08:00 AM","SAN JUAN",169,0,169
"07/19/2026 08:05 AM","ARECIBO",11424,0,11424
"07/19/2026 08:05 AM","BAYAMON",102,0,102
"07/19/2026 08:05 AM","CAGUAS",842,0,842
"07/19/2026 08:05 AM","CAROLINA",53,0,53
"07/19/2026 08:05 AM","MAYAGUEZ",55,0,55
"07/19/2026 08:05 AM","PONCE",18,0,18
"07/19/2026 08:05 AM","SAN JUAN",169,0,169
"07/19/2026 08:05 AM","ARECIBO",11424,0,11424
"07/19/2026 08:05 AM","BAYAMON",102,0,102
"07/19/2026 08:05 AM","CAGUAS",842,0,842
"07/19/2026 08:05 AM","CAROLINA",53,0,53
"07/19/2026 08:05 AM","MAYAGUEZ",55,0,55
"07/19/2026 08:05 AM","PONCE",18,0,18
"07/19/2026 08:05 AM","SAN JUAN",169,0,169
"07/19/2026 08:10 AM","ARECIBO",11424,0,11424
"07/19/2026 08:10 AM","BAYAMON",102,0,102
"07/19/2026 08:10 AM","CAGUAS",841,0,841
"07/19/2026 08:10 AM","CAROLINA",53,0,53
"07/19/2026 08:10 AM","MAYAGUEZ",54,0,54
"07/19/2026 08:10 AM","PONCE",18,0,18
"07/19/2026 08:10 AM","SAN JUAN",169,0,169
"07/19/2026 08:10 AM","ARECIBO",11424,0,11424
"07/19/2026 08:10 AM","BAYAMON",102,0,102
"07/19/2026 08:10 AM","CAGUAS",841,0,841
"07/19/2026 08:10 AM","CAROLINA",53,0,53
"07/19/2026 08:10 AM","MAYAGUEZ",54,0,54
"07/19/2026 08:10 AM","PONCE",18,0,18
"07/19/2026 08:10 AM","SAN JUAN",169,0,169
"07/19/2026 08:10 AM","ARECIBO",11424,0,11424
"07/19/2026 08:10 AM","BAYAMON",102,0,102
"07/19/2026 08:10 AM","CAGUAS",841,0,841
"07/19/2026 08:10 AM","CAROLINA",53,0,53
"07/19/2026 08:10 AM","MAYAGUEZ",54,0,54
"07/19/2026 08:10 AM","PONCE",18,0,18
"07/19/2026 08:10 AM","SAN JUAN",169,0,169
"07/19/2026 08:15 AM","ARECIBO",11424,0,11424
"07/19/2026 08:15 AM","BAYAMON",102,0,102
"07/19/2026 08:15 AM","CAGUAS",841,0,841
"07/19/2026 08:15 AM","CAROLINA",48,0,48
"07/19/2026 08:15 AM","MAYAGUEZ",54,0,54
"07/19/2026 08:15 AM","PONCE",18,0,18
"07/19/2026 08:15 AM","SAN JUAN",169,0,169
"07/19/2026 08:15 AM","ARECIBO",11424,0,11424
"07/19/2026 08:15 AM","BAYAMON",102,0,102
"07/19/2026 08:15 AM","CAGUAS",841,0,841
"07/19/2026 08:15 AM","CAROLINA",48,0,48
"07/19/2026 08:15 AM","MAYAGUEZ",54,0,54
"07/19/2026 08:15 AM","PONCE",18,0,18
"07/19/2026 08:15 AM","SAN JUAN",169,0,169
"07/19/2026 08:20 AM","ARECIBO",11436,0,11436
"07/19/2026 08:20 AM","BAYAMON",102,0,102
"07/19/2026 08:20 AM","CAGUAS",858,0,858
"07/19/2026 08:20 AM","CAROLINA",48,0,48
"07/19/2026 08:20 AM","MAYAGUEZ",54,568,622
"07/19/2026 08:20 AM","PONCE",19,0,19
"07/19/2026 08:20 AM","SAN JUAN",169,0,169
"07/19/2026 08:20 AM","ARECIBO",11436,0,11436
"07/19/2026 08:20 AM","BAYAMON",102,0,102
"07/19/2026 08:20 AM","CAGUAS",858,0,858
"07/19/2026 08:20 AM","CAROLINA",48,0,48
"07/19/2026 08:20 AM","MAYAGUEZ",54,568,622
"07/19/2026 08:20 AM","PONCE",19,0,19
"07/19/2026 08:20 AM","SAN JUAN",169,0,169
"07/19/2026 08:20 AM","ARECIBO",11436,0,11436
"07/19/2026 08:20 AM","BAYAMON",102,0,102
"07/19/2026 08:20 AM","CAGUAS",858,0,858
"07/19/2026 08:20 AM","CAROLINA",48,0,48
"07/19/2026 08:20 AM","MAYAGUEZ",54,568,622
"07/19/2026 08:20 AM","PONCE",19,0,19
"07/19/2026 08:20 AM","SAN JUAN",169,0,169
"07/19/2026 08:25 AM","ARECIBO",11444,0,11444
"07/19/2026 08:25 AM","BAYAMON",103,0,103
"07/19/2026 08:25 AM","CAGUAS",570,0,570
"07/19/2026 08:25 AM","CAROLINA",48,0,48
"07/19/2026 08:25 AM","MAYAGUEZ",54,568,622
"07/19/2026 08:25 AM","PONCE",18,0,18
"07/19/2026 08:25 AM","SAN JUAN",114,0,114
"07/19/2026 08:25 AM","ARECIBO",11444,0,11444
"07/19/2026 08:25 AM","BAYAMON",103,0,103
"07/19/2026 08:25 AM","CAGUAS",570,0,570
"07/19/2026 08:25 AM","CAROLINA",48,0,48
"07/19/2026 08:25 AM","MAYAGUEZ",54,568,622
"07/19/2026 08:25 AM","PONCE",18,0,18
"07/19/2026 08:25 AM","SAN JUAN",114,0,114
"07/19/2026 08:30 AM","ARECIBO",11445,0,11445
"07/19/2026 08:30 AM","BAYAMON",156,0,156
"07/19/2026 08:30 AM","CAGUAS",570,0,570
"07/19/2026 08:30 AM","CAROLINA",48,0,48
"07/19/2026 08:30 AM","MAYAGUEZ",54,568,622
"07/19/2026 08:30 AM","PONCE",18,0,18
"07/19/2026 08:30 AM","SAN JUAN",114,0,114
"07/19/2026 08:30 AM","ARECIBO",11445,0,11445
"07/19/2026 08:30 AM","BAYAMON",156,0,156
"07/19/2026 08:30 AM","CAGUAS",570,0,570
"07/19/2026 08:30 AM","CAROLINA",48,0,48
"07/19/2026 08:30 AM","MAYAGUEZ",54,568,622
"07/19/2026 08:30 AM","PONCE",18,0,18
"07/19/2026 08:30 AM","SAN JUAN",114,0,114
"07/19/2026 08:30 AM","ARECIBO",11445,0,11445
"07/19/2026 08:30 AM","BAYAMON",156,0,156
"07/19/2026 08:30 AM","CAGUAS",570,0,570
"07/19/2026 08:30 AM","CAROLINA",48,0,48
"07/19/2026 08:30 AM","MAYAGUEZ",54,568,622
"07/19/2026 08:30 AM","PONCE",18,0,18
"07/19/2026 08:30 AM","SAN JUAN",114,0,114
"07/19/2026 08:35 AM","ARECIBO",11446,0,11446
"07/19/2026 08:35 AM","BAYAMON",155,0,155
"07/19/2026 08:35 AM","CAGUAS",570,0,570
"07/19/2026 08:35 AM","CAROLINA",48,0,48
"07/19/2026 08:35 AM","MAYAGUEZ",56,569,625
"07/19/2026 08:35 AM","PONCE",18,0,18
"07/19/2026 08:35 AM","SAN JUAN",113,0,113
"07/19/2026 11:30 AM","ARECIBO",428,1345,1773
"07/19/2026 11:30 AM","BAYAMON",506,0,506
"07/19/2026 11:30 AM","CAGUAS",145,0,145
"07/19/2026 11:30 AM","CAROLINA",377,0,377
"07/19/2026 11:30 AM","MAYAGUEZ",73,569,642
"07/19/2026 11:30 AM","PONCE",14,0,14
"07/19/2026 11:30 AM","SAN JUAN",130,0,130
"07/19/2026 11:35 AM","ARECIBO",428,1345,1773
"07/19/2026 11:35 AM","BAYAMON",506,0,506
"07/19/2026 11:35 AM","CAGUAS",146,0,146
"07/19/2026 11:35 AM","CAROLINA",377,0,377
"07/19/2026 11:35 AM","MAYAGUEZ",72,569,641
"07/19/2026 11:35 AM","PONCE",16,0,16
"07/19/2026 11:35 AM","SAN JUAN",295,0,295
"07/19/2026 11:35 AM","ARECIBO",428,1345,1773
"07/19/2026 11:35 AM","BAYAMON",506,0,506
"07/19/2026 11:35 AM","CAGUAS",146,0,146
"07/19/2026 11:35 AM","CAROLINA",377,0,377
"07/19/2026 11:35 AM","MAYAGUEZ",72,569,641
"07/19/2026 11:35 AM","PONCE",16,0,16
"07/19/2026 11:35 AM","SAN JUAN",295,0,295
"07/19/2026 11:40 AM","ARECIBO",428,1345,1773
"07/19/2026 11:40 AM","BAYAMON",506,0,506
"07/19/2026 11:40 AM","CAGUAS",148,0,148
"07/19/2026 11:40 AM","CAROLINA",378,0,378
"07/19/2026 11:40 AM","MAYAGUEZ",72,569,641
"07/19/2026 11:40 AM","PONCE",14,0,14
"07/19/2026 11:40 AM","SAN JUAN",295,0,295
"07/19/2026 11:40 AM","ARECIBO",428,1345,1773
"07/19/2026 11:40 AM","BAYAMON",506,0,506
"07/19/2026 11:40 AM","CAGUAS",148,0,148
"07/19/2026 11:40 AM","CAROLINA",378,0,378
"07/19/2026 11:40 AM","MAYAGUEZ",72,569,641
"07/19/2026 11:40 AM","PONCE",14,0,14
"07/19/2026 11:40 AM","SAN JUAN",295,0,295
"07/19/2026 11:40 AM","ARECIBO",428,1345,1773
"07/19/2026 11:40 AM","BAYAMON",506,0,506
"07/19/2026 11:40 AM","CAGUAS",148,0,148
"07/19/2026 11:40 AM","CAROLINA",378,0,378
"07/19/2026 11:40 AM","MAYAGUEZ",72,569,641
"07/19/2026 11:40 AM","PONCE",14,0,14
"07/19/2026 11:40 AM","SAN JUAN",295,0,295
"07/19/2026 11:45 AM","ARECIBO",428,1345,1773
"07/19/2026 11:45 AM","BAYAMON",506,0,506
"07/19/2026 11:45 AM","CAGUAS",112,0,112
"07/19/2026 11:45 AM","CAROLINA",378,0,378
"07/19/2026 11:45 AM","MAYAGUEZ",72,569,641
"07/19/2026 11:45 AM","PONCE",14,0,14
"07/19/2026 11:45 AM","SAN JUAN",295,0,295
"07/19/2026 11:45 AM","ARECIBO",428,1345,1773
"07/19/2026 11:45 AM","BAYAMON",506,0,506
"07/19/2026 11:45 AM","CAGUAS",112,0,112
"07/19/2026 11:45 AM","CAROLINA",378,0,378
"07/19/2026 11:45 AM","MAYAGUEZ",72,569,641
"07/19/2026 11:45 AM","PONCE",14,0,14
"07/19/2026 11:45 AM","SAN JUAN",295,0,295
"07/19/2026 11:50 AM","ARECIBO",285,1345,1630
"07/19/2026 11:50 AM","BAYAMON",507,0,507
"07/19/2026 11:50 AM","CAGUAS",111,0,111
"07/19/2026 11:50 AM","CAROLINA",377,0,377
"07/19/2026 11:50 AM","MAYAGUEZ",73,569,642
"07/19/2026 11:50 AM","PONCE",14,0,14
"07/19/2026 11:50 AM","SAN JUAN",295,0,295
"07/19/2026 11:50 AM","ARECIBO",285,1345,1630
"07/19/2026 11:50 AM","BAYAMON",507,0,507
"07/19/2026 11:50 AM","CAGUAS",111,0,111
"07/19/2026 11:50 AM","CAROLINA",377,0,377
"07/19/2026 11:50 AM","MAYAGUEZ",73,569,642
"07/19/2026 11:50 AM","PONCE",14,0,14
"07/19/2026 11:50 AM","SAN JUAN",295,0,295
"07/19/2026 11:50 AM","ARECIBO",285,1345,1630
"07/19/2026 11:50 AM","BAYAMON",507,0,507
"07/19/2026 11:50 AM","CAGUAS",111,0,111
"07/19/2026 11:50 AM","CAROLINA",377,0,377
"07/19/2026 11:50 AM","MAYAGUEZ",73,569,642
"07/19/2026 11:50 AM","PONCE",14,0,14
"07/19/2026 11:50 AM","SAN JUAN",295,0,295
"07/19/2026 11:55 AM","ARECIBO",287,1345,1632
"07/19/2026 11:55 AM","BAYAMON",507,0,507
"07/19/2026 11:55 AM","CAGUAS",95,0,95
"07/19/2026 11:55 AM","CAROLINA",377,0,377
"07/19/2026 11:55 AM","MAYAGUEZ",74,569,643
"07/19/2026 11:55 AM","PONCE",14,0,14
"07/19/2026 11:55 AM","SAN JUAN",294,0,294
"07/19/2026 11:55 AM","ARECIBO",287,1345,1632
"07/19/2026 11:55 AM","BAYAMON",507,0,507
"07/19/2026 11:55 AM","CAGUAS",95,0,95
"07/19/2026 11:55 AM","CAROLINA",377,0,377
"07/19/2026 11:55 AM","MAYAGUEZ",74,569,643
"07/19/2026 11:55 AM","PONCE",14,0,14
"07/19/2026 11:55 AM","SAN JUAN",294,0,294
"07/19/2026 12:00 PM","ARECIBO",288,1345,1633
"07/19/2026 12:00 PM","BAYAMON",507,0,507
"07/19/2026 12:00 PM","CAGUAS",95,0,95
"07/19/2026 12:00 PM","CAROLINA",377,0,377
"07/19/2026 12:00 PM","MAYAGUEZ",73,569,642
"07/19/2026 12:00 PM","PONCE",14,0,14
"07/19/2026 12:00 PM","SAN JUAN",294,0,294
"07/19/2026 12:00 PM","ARECIBO",288,1345,1633
"07/19/2026 12:00 PM","BAYAMON",507,0,507
"07/19/2026 12:00 PM","CAGUAS",95,0,95
"07/19/2026 12:00 PM","CAROLINA",377,0,377
"07/19/2026 12:00 PM","MAYAGUEZ",73,569,642
"07/19/2026 12:00 PM","PONCE",14,0,14
"07/19/2026 12:00 PM","SAN JUAN",294,0,294
"07/19/2026 12:00 PM","ARECIBO",288,1345,1633
"07/19/2026 12:00 PM","BAYAMON",507,0,507
"07/19/2026 12:00 PM","CAGUAS",95,0,95
"07/19/2026 12:00 PM","CAROLINA",377,0,377
"07/19/2026 12:00 PM","MAYAGUEZ",73,569,642
"07/19/2026 12:00 PM","PONCE",14,0,14
"07/19/2026 12:00 PM","SAN JUAN",294,0,294
"07/19/2026 12:05 PM","ARECIBO",333,1345,1678
"07/19/2026 12:05 PM","BAYAMON",507,0,507
"07/19/2026 12:05 PM","CAGUAS",95,0,95
"07/19/2026 12:05 PM","CAROLINA",377,0,377
"07/19/2026 12:05 PM","MAYAGUEZ",73,569,642
"07/19/2026 12:05 PM","PONCE",14,0,14
"07/19/2026 12:05 PM","SAN JUAN",307,0,307
"07/19/2026 12:05 PM","ARECIBO",333,1345,1678
"07/19/2026 12:05 PM","BAYAMON",507,0,507
"07/19/2026 12:05 PM","CAGUAS",95,0,95
"07/19/2026 12:05 PM","CAROLINA",377,0,377
"07/19/2026 12:05 PM","MAYAGUEZ",73,569,642
"07/19/2026 12:05 PM","PONCE",14,0,14
"07/19/2026 12:05 PM","SAN JUAN",307,0,307
"07/19/2026 12:10 PM","ARECIBO",332,1345,1677
"07/19/2026 12:10 PM","BAYAMON",507,0,507
"07/19/2026 12:10 PM","CAGUAS",95,0,95
"07/19/2026 12:10 PM","CAROLINA",377,0,377
"07/19/2026 12:10 PM","MAYAGUEZ",74,569,643
"07/19/2026 12:10 PM","PONCE",14,0,14
"07/19/2026 12:10 PM","SAN JUAN",1966,0,1966
"07/19/2026 12:10 PM","ARECIBO",332,1345,1677
"07/19/2026 12:10 PM","BAYAMON",507,0,507
"07/19/2026 12:10 PM","CAGUAS",95,0,95
"07/19/2026 12:10 PM","CAROLINA",377,0,377
"07/19/2026 12:10 PM","MAYAGUEZ",74,569,643
"07/19/2026 12:10 PM","PONCE",14,0,14
"07/19/2026 12:10 PM","SAN JUAN",1966,0,1966
"07/19/2026 12:10 PM","ARECIBO",332,1345,1677
"07/19/2026 12:10 PM","BAYAMON",507,0,507
"07/19/2026 12:10 PM","CAGUAS",95,0,95
"07/19/2026 12:10 PM","CAROLINA",377,0,377
"07/19/2026 12:10 PM","MAYAGUEZ",74,569,643
"07/19/2026 12:10 PM","PONCE",14,0,14
"07/19/2026 12:10 PM","SAN JUAN",1966,0,1966
"07/19/2026 12:15 PM","ARECIBO",332,1345,1677
"07/19/2026 12:15 PM","BAYAMON",508,0,508
"07/19/2026 12:15 PM","CAGUAS",95,0,95
"07/19/2026 12:15 PM","CAROLINA",377,0,377
"07/19/2026 12:15 PM","MAYAGUEZ",74,569,643
"07/19/2026 12:15 PM","PONCE",14,0,14
"07/19/2026 12:15 PM","SAN JUAN",307,0,307
"07/19/2026 12:15 PM","ARECIBO",332,1345,1677
"07/19/2026 12:15 PM","BAYAMON",508,0,508
"07/19/2026 12:15 PM","CAGUAS",95,0,95
"07/19/2026 12:15 PM","CAROLINA",377,0,377
"07/19/2026 12:15 PM","MAYAGUEZ",74,569,643
"07/19/2026 12:15 PM","PONCE",14,0,14
"07/19/2026 12:15 PM","SAN JUAN",307,0,307
"07/19/2026 12:20 PM","ARECIBO",332,1345,1677
"07/19/2026 12:20 PM","BAYAMON",509,0,509
"07/19/2026 12:20 PM","CAGUAS",96,0,96
"07/19/2026 12:20 PM","CAROLINA",376,0,376
"07/19/2026 12:20 PM","MAYAGUEZ",97,0,97
"07/19/2026 12:20 PM","PONCE",14,0,14
"07/19/2026 12:20 PM","SAN JUAN",308,0,308
"07/19/2026 12:20 PM","ARECIBO",332,1345,1677
"07/19/2026 12:20 PM","BAYAMON",509,0,509
"07/19/2026 12:20 PM","CAGUAS",96,0,96
"07/19/2026 12:20 PM","CAROLINA",376,0,376
"07/19/2026 12:20 PM","MAYAGUEZ",97,0,97
"07/19/2026 12:20 PM","PONCE",14,0,14
"07/19/2026 12:20 PM","SAN JUAN",308,0,308
"07/19/2026 12:20 PM","ARECIBO",332,1345,1677
"07/19/2026 12:20 PM","BAYAMON",509,0,509
"07/19/2026 12:20 PM","CAGUAS",96,0,96
"07/19/2026 12:20 PM","CAROLINA",376,0,376
"07/19/2026 12:20 PM","MAYAGUEZ",97,0,97
"07/19/2026 12:20 PM","PONCE",14,0,14
"07/19/2026 12:20 PM","SAN JUAN",308,0,308
"07/19/2026 12:25 PM","ARECIBO",275,1345,1620
"07/19/2026 12:25 PM","BAYAMON",510,0,510
"07/19/2026 12:25 PM","CAGUAS",139,0,139
"07/19/2026 12:25 PM","CAROLINA",376,0,376
"07/19/2026 12:25 PM","MAYAGUEZ",88,0,88
"07/19/2026 12:25 PM","PONCE",14,0,14
"07/19/2026 12:25 PM","SAN JUAN",35,0,35
"07/19/2026 12:25 PM","ARECIBO",275,1345,1620
"07/19/2026 12:25 PM","BAYAMON",510,0,510
"07/19/2026 12:25 PM","CAGUAS",139,0,139
"07/19/2026 12:25 PM","CAROLINA",376,0,376
"07/19/2026 12:25 PM","MAYAGUEZ",88,0,88
"07/19/2026 12:25 PM","PONCE",14,0,14
"07/19/2026 12:25 PM","SAN JUAN",35,0,35
"07/19/2026 04:10 PM","ARECIBO",474,1345,1819
"07/19/2026 04:10 PM","BAYAMON",169,0,169
"07/19/2026 04:10 PM","CAGUAS",91,0,91
"07/19/2026 04:10 PM","CAROLINA",270,0,270
"07/19/2026 04:10 PM","MAYAGUEZ",253,0,253
"07/19/2026 04:10 PM","PONCE",0,0,0
"07/19/2026 04:10 PM","SAN JUAN",1072,0,1072
"07/19/2026 04:10 PM","ARECIBO",474,1345,1819
"07/19/2026 04:10 PM","BAYAMON",169,0,169
"07/19/2026 04:10 PM","CAGUAS",91,0,91
"07/19/2026 04:10 PM","CAROLINA",270,0,270
"07/19/2026 04:10 PM","MAYAGUEZ",253,0,253
"07/19/2026 04:10 PM","PONCE",0,0,0
"07/19/2026 04:10 PM","SAN JUAN",1072,0,1072
"07/19/2026 04:10 PM","ARECIBO",474,1345,1819
"07/19/2026 04:10 PM","BAYAMON",169,0,169
"07/19/2026 04:10 PM","CAGUAS",91,0,91
"07/19/2026 04:10 PM","CAROLINA",270,0,270
"07/19/2026 04:10 PM","MAYAGUEZ",253,0,253
"07/19/2026 04:10 PM","PONCE",0,0,0
"07/19/2026 04:10 PM","SAN JUAN",1072,0,1072
"07/19/2026 04:15 PM","ARECIBO",474,1345,1819
"07/19/2026 04:15 PM","BAYAMON",170,0,170
"07/19/2026 04:15 PM","CAGUAS",91,0,91
"07/19/2026 04:15 PM","CAROLINA",270,0,270
"07/19/2026 04:15 PM","MAYAGUEZ",348,0,348
"07/19/2026 04:15 PM","PONCE",2,0,2
"07/19/2026 04:15 PM","SAN JUAN",1072,0,1072
"07/19/2026 04:15 PM","ARECIBO",474,1345,1819
"07/19/2026 04:15 PM","BAYAMON",170,0,170
"07/19/2026 04:15 PM","CAGUAS",91,0,91
"07/19/2026 04:15 PM","CAROLINA",270,0,270
"07/19/2026 04:15 PM","MAYAGUEZ",348,0,348
"07/19/2026 04:15 PM","PONCE",2,0,2
"07/19/2026 04:15 PM","SAN JUAN",1072,0,1072
"07/19/2026 04:20 PM","ARECIBO",474,1345,1819
"07/19/2026 04:20 PM","BAYAMON",170,0,170
"07/19/2026 04:20 PM","CAGUAS",91,0,91
"07/19/2026 04:20 PM","CAROLINA",0,0,0
"07/19/2026 04:20 PM","MAYAGUEZ",348,0,348
"07/19/2026 04:20 PM","PONCE",0,0,0
"07/19/2026 04:20 PM","SAN JUAN",1071,0,1071
"07/19/2026 04:20 PM","ARECIBO",474,1345,1819
"07/19/2026 04:20 PM","BAYAMON",170,0,170
"07/19/2026 04:20 PM","CAGUAS",91,0,91
"07/19/2026 04:20 PM","CAROLINA",0,0,0
"07/19/2026 04:20 PM","MAYAGUEZ",348,0,348
"07/19/2026 04:20 PM","PONCE",0,0,0
"07/19/2026 04:20 PM","SAN JUAN",1071,0,1071
"07/19/2026 04:20 PM","ARECIBO",474,1345,1819
"07/19/2026 04:20 PM","BAYAMON",170,0,170
"07/19/2026 04:20 PM","CAGUAS",91,0,91
"07/19/2026 04:20 PM","CAROLINA",0,0,0
"07/19/2026 04:20 PM","MAYAGUEZ",348,0,348
"07/19/2026 04:20 PM","PONCE",0,0,0
"07/19/2026 04:20 PM","SAN JUAN",1071,0,1071
"07/19/2026 04:25 PM","ARECIBO",459,1345,1804
"07/19/2026 04:25 PM","BAYAMON",170,0,170
"07/19/2026 04:25 PM","CAGUAS",91,0,91
"07/19/2026 04:25 PM","CAROLINA",0,0,0
"07/19/2026 04:25 PM","MAYAGUEZ",348,0,348
"07/19/2026 04:25 PM","PONCE",0,0,0
"07/19/2026 04:25 PM","SAN JUAN",1072,0,1072
"07/19/2026 04:25 PM","ARECIBO",459,1345,1804
"07/19/2026 04:25 PM","BAYAMON",170,0,170
"07/19/2026 04:25 PM","CAGUAS",91,0,91
"07/19/2026 04:25 PM","CAROLINA",0,0,0
"07/19/2026 04:25 PM","MAYAGUEZ",348,0,348
"07/19/2026 04:25 PM","PONCE",0,0,0
"07/19/2026 04:25 PM","SAN JUAN",1072,0,1072
"07/19/2026 04:30 PM","ARECIBO",460,1345,1805
"07/19/2026 04:30 PM","BAYAMON",171,0,171
"07/19/2026 04:30 PM","CAGUAS",71,0,71
"07/19/2026 04:30 PM","CAROLINA",1,0,1
"07/19/2026 04:30 PM","MAYAGUEZ",348,0,348
"07/19/2026 04:30 PM","PONCE",15,0,15
"07/19/2026 04:30 PM","SAN JUAN",1071,0,1071
"07/19/2026 04:30 PM","ARECIBO",460,1345,1805
"07/19/2026 04:30 PM","BAYAMON",171,0,171
"07/19/2026 04:30 PM","CAGUAS",71,0,71
"07/19/2026 04:30 PM","CAROLINA",1,0,1
"07/19/2026 04:30 PM","MAYAGUEZ",348,0,348
"07/19/2026 04:30 PM","PONCE",15,0,15
"07/19/2026 04:30 PM","SAN JUAN",1071,0,1071
"07/19/2026 04:30 PM","ARECIBO",460,1345,1805
"07/19/2026 04:30 PM","BAYAMON",171,0,171
"07/19/2026 04:30 PM","CAGUAS",71,0,71
"07/19/2026 04:30 PM","CAROLINA",1,0,1
"07/19/2026 04:30 PM","MAYAGUEZ",348,0,348
"07/19/2026 04:30 PM","PONCE",15,0,15
"07/19/2026 04:30 PM","SAN JUAN",1071,0,1071
"07/19/2026 04:35 PM","ARECIBO",460,1345,1805
"07/19/2026 04:35 PM","BAYAMON",171,0,171
"07/19/2026 04:35 PM","CAGUAS",100,0,100
"07/19/2026 04:35 PM","CAROLINA",1,0,1
"07/19/2026 04:35 PM","MAYAGUEZ",316,0,316
"07/19/2026 04:35 PM","PONCE",15,0,15
"07/19/2026 04:35 PM","SAN JUAN",1070,0,1070
"07/19/2026 04:35 PM","ARECIBO",460,1345,1805
"07/19/2026 04:35 PM","BAYAMON",171,0,171
"07/19/2026 04:35 PM","CAGUAS",100,0,100
"07/19/2026 04:35 PM","CAROLINA",1,0,1
"07/19/2026 04:35 PM","MAYAGUEZ",316,0,316
"07/19/2026 04:35 PM","PONCE",15,0,15
"07/19/2026 04:35 PM","SAN JUAN",1070,0,1070
"07/19/2026 04:40 PM","ARECIBO",499,1345,1844
"07/19/2026 04:40 PM","BAYAMON",171,0,171
"07/19/2026 04:40 PM","CAGUAS",100,0,100
"07/19/2026 04:40 PM","CAROLINA",0,0,0
"07/19/2026 04:40 PM","MAYAGUEZ",315,0,315
"07/19/2026 04:40 PM","PONCE",15,0,15
"07/19/2026 04:40 PM","SAN JUAN",18,0,18
"07/19/2026 04:40 PM","ARECIBO",499,1345,1844
"07/19/2026 04:40 PM","BAYAMON",171,0,171
"07/19/2026 04:40 PM","CAGUAS",100,0,100
"07/19/2026 04:40 PM","CAROLINA",0,0,0
"07/19/2026 04:40 PM","MAYAGUEZ",315,0,315
"07/19/2026 04:40 PM","PONCE",15,0,15
"07/19/2026 04:40 PM","SAN JUAN",18,0,18
"07/19/2026 04:40 PM","ARECIBO",499,1345,1844
"07/19/2026 04:40 PM","BAYAMON",171,0,171
"07/19/2026 04:40 PM","CAGUAS",100,0,100
"07/19/2026 04:40 PM","CAROLINA",0,0,0
"07/19/2026 04:40 PM","MAYAGUEZ",315,0,315
"07/19/2026 04:40 PM","PONCE",15,0,15
"07/19/2026 04:40 PM","SAN JUAN",18,0,18
"07/19/2026 04:45 PM","ARECIBO",500,1345,1845
"07/19/2026 04:45 PM","BAYAMON",172,0,172
"07/19/2026 04:45 PM","CAGUAS",100,0,100
"07/19/2026 04:45 PM","CAROLINA",0,0,0
"07/19/2026 04:45 PM","MAYAGUEZ",315,0,315
"07/19/2026 04:45 PM","PONCE",15,0,15
"07/19/2026 04:45 PM","SAN JUAN",18,0,18
"07/19/2026 04:45 PM","ARECIBO",500,1345,1845
"07/19/2026 04:45 PM","BAYAMON",172,0,172
"07/19/2026 04:45 PM","CAGUAS",100,0,100
"07/19/2026 04:45 PM","CAROLINA",0,0,0
"07/19/2026 04:45 PM","MAYAGUEZ",315,0,315
"07/19/2026 04:45 PM","PONCE",15,0,15
"07/19/2026 04:45 PM","SAN JUAN",18,0,18
"07/19/2026 04:50 PM","ARECIBO",526,1345,1871
"07/19/2026 04:50 PM","BAYAMON",172,0,172
"07/19/2026 04:50 PM","CAGUAS",101,0,101
"07/19/2026 04:50 PM","CAROLINA",0,0,0
"07/19/2026 04:50 PM","MAYAGUEZ",527,0,527
"07/19/2026 04:50 PM","PONCE",15,0,15
"07/19/2026 04:50 PM","SAN JUAN",18,0,18
"07/19/2026 04:50 PM","ARECIBO",526,1345,1871
"07/19/2026 04:50 PM","BAYAMON",172,0,172
"07/19/2026 04:50 PM","CAGUAS",101,0,101
"07/19/2026 04:50 PM","CAROLINA",0,0,0
"07/19/2026 04:50 PM","MAYAGUEZ",527,0,527
"07/19/2026 04:50 PM","PONCE",15,0,15
"07/19/2026 04:50 PM","SAN JUAN",18,0,18
"07/19/2026 04:50 PM","ARECIBO",526,1345,1871
"07/19/2026 04:50 PM","BAYAMON",172,0,172
"07/19/2026 04:50 PM","CAGUAS",101,0,101
"07/19/2026 04:50 PM","CAROLINA",0,0,0
"07/19/2026 04:50 PM","MAYAGUEZ",527,0,527
"07/19/2026 04:50 PM","PONCE",15,0,15
"07/19/2026 04:50 PM","SAN JUAN",18,0,18
"07/19/2026 04:55 PM","ARECIBO",527,1345,1872
"07/19/2026 04:55 PM","BAYAMON",171,0,171
"07/19/2026 04:55 PM","CAGUAS",101,0,101
"07/19/2026 04:55 PM","CAROLINA",0,0,0
"07/19/2026 04:55 PM","MAYAGUEZ",527,0,527
"07/19/2026 04:55 PM","PONCE",16,0,16
"07/19/2026 04:55 PM","SAN JUAN",47,0,47
"07/19/2026 04:55 PM","ARECIBO",527,1345,1872
"07/19/2026 04:55 PM","BAYAMON",171,0,171
"07/19/2026 04:55 PM","CAGUAS",101,0,101
"07/19/2026 04:55 PM","CAROLINA",0,0,0
"07/19/2026 04:55 PM","MAYAGUEZ",527,0,527
"07/19/2026 04:55 PM","PONCE",16,0,16
"07/19/2026 04:55 PM","SAN JUAN",47,0,47
"07/19/2026 05:00 PM","ARECIBO",527,1345,1872
"07/19/2026 05:00 PM","BAYAMON",171,0,171
"07/19/2026 05:00 PM","CAGUAS",100,0,100
"07/19/2026 05:00 PM","CAROLINA",0,0,0
"07/19/2026 05:00 PM","MAYAGUEZ",527,0,527
"07/19/2026 05:00 PM","PONCE",16,0,16
"07/19/2026 05:00 PM","SAN JUAN",47,0,47
"07/19/2026 05:00 PM","ARECIBO",527,1345,1872
"07/19/2026 05:00 PM","BAYAMON",171,0,171
"07/19/2026 05:00 PM","CAGUAS",100,0,100
"07/19/2026 05:00 PM","CAROLINA",0,0,0
"07/19/2026 05:00 PM","MAYAGUEZ",527,0,527
"07/19/2026 05:00 PM","PONCE",16,0,16
"07/19/2026 05:00 PM","SAN JUAN",47,0,47
"07/19/2026 05:00 PM","ARECIBO",527,1345,1872
"07/19/2026 05:00 PM","BAYAMON",171,0,171
"07/19/2026 05:00 PM","CAGUAS",100,0,100
"07/19/2026 05:00 PM","CAROLINA",0,0,0
"07/19/2026 05:00 PM","MAYAGUEZ",527,0,527
"07/19/2026 05:00 PM","PONCE",16,0,16
"07/19/2026 05:00 PM","SAN JUAN",47,0,47
"07/20/2026 04:20 AM","ARECIBO",160,0,160
"07/20/2026 04:20 AM","BAYAMON",549,0,549
"07/20/2026 04:20 AM","CAGUAS",4,0,4
"07/20/2026 04:20 AM","CAROLINA",0,0,0
"07/20/2026 04:20 AM","MAYAGUEZ",74,0,74
"07/20/2026 04:20 AM","PONCE",6,0,6
"07/20/2026 04:20 AM","SAN JUAN",44,0,44
"07/20/2026 04:20 AM","ARECIBO",160,0,160
"07/20/2026 04:20 AM","BAYAMON",549,0,549
"07/20/2026 04:20 AM","CAGUAS",4,0,4
"07/20/2026 04:20 AM","CAROLINA",0,0,0
"07/20/2026 04:20 AM","MAYAGUEZ",74,0,74
"07/20/2026 04:20 AM","PONCE",6,0,6
"07/20/2026 04:20 AM","SAN JUAN",44,0,44
"07/20/2026 04:25 AM","ARECIBO",160,0,160
"07/20/2026 04:25 AM","BAYAMON",549,0,549
"07/20/2026 04:25 AM","CAGUAS",4,0,4
"07/20/2026 04:25 AM","CAROLINA",0,0,0
"07/20/2026 04:25 AM","MAYAGUEZ",74,0,74
"07/20/2026 04:25 AM","PONCE",6,0,6
"07/20/2026 04:25 AM","SAN JUAN",44,0,44
"07/20/2026 04:25 AM","ARECIBO",160,0,160
"07/20/2026 04:25 AM","BAYAMON",549,0,549
"07/20/2026 04:25 AM","CAGUAS",4,0,4
"07/20/2026 04:25 AM","CAROLINA",0,0,0
"07/20/2026 04:25 AM","MAYAGUEZ",74,0,74
"07/20/2026 04:25 AM","PONCE",6,0,6
"07/20/2026 04:25 AM","SAN JUAN",44,0,44
"07/20/2026 04:30 AM","ARECIBO",198,0,198
"07/20/2026 04:30 AM","BAYAMON",549,0,549
"07/20/2026 04:30 AM","CAGUAS",4,0,4
"07/20/2026 04:30 AM","CAROLINA",0,0,0
"07/20/2026 04:30 AM","MAYAGUEZ",74,0,74
"07/20/2026 04:30 AM","PONCE",6,0,6
"07/20/2026 04:30 AM","SAN JUAN",44,0,44
"07/20/2026 04:30 AM","ARECIBO",198,0,198
"07/20/2026 04:30 AM","BAYAMON",549,0,549
"07/20/2026 04:30 AM","CAGUAS",4,0,4
"07/20/2026 04:30 AM","CAROLINA",0,0,0
"07/20/2026 04:30 AM","MAYAGUEZ",74,0,74
"07/20/2026 04:30 AM","PONCE",6,0,6
"07/20/2026 04:30 AM","SAN JUAN",44,0,44
"07/20/2026 04:30 AM","ARECIBO",198,0,198
"07/20/2026 04:30 AM","BAYAMON",549,0,549
"07/20/2026 04:30 AM","CAGUAS",4,0,4
"07/20/2026 04:30 AM","CAROLINA",0,0,0
"07/20/2026 04:30 AM","MAYAGUEZ",74,0,74
"07/20/2026 04:30 AM","PONCE",6,0,6
"07/20/2026 04:30 AM","SAN JUAN",44,0,44
"07/20/2026 04:35 AM","ARECIBO",198,0,198
"07/20/2026 04:35 AM","BAYAMON",550,0,550
"07/20/2026 04:35 AM","CAGUAS",4,0,4
"07/20/2026 04:35 AM","CAROLINA",0,0,0
"07/20/2026 04:35 AM","MAYAGUEZ",74,0,74
"07/20/2026 04:35 AM","PONCE",6,0,6
"07/20/2026 04:35 AM","SAN JUAN",44,0,44
"07/20/2026 04:35 AM","ARECIBO",198,0,198
"07/20/2026 04:35 AM","BAYAMON",550,0,550
"07/20/2026 04:35 AM","CAGUAS",4,0,4
"07/20/2026 04:35 AM","CAROLINA",0,0,0
"07/20/2026 04:35 AM","MAYAGUEZ",74,0,74
"07/20/2026 04:35 AM","PONCE",6,0,6
"07/20/2026 04:35 AM","SAN JUAN",44,0,44
"07/20/2026 04:40 AM","ARECIBO",199,0,199
"07/20/2026 04:40 AM","BAYAMON",550,0,550
"07/20/2026 04:40 AM","CAGUAS",4,0,4
"07/20/2026 04:40 AM","CAROLINA",0,0,0
"07/20/2026 04:40 AM","MAYAGUEZ",74,0,74
"07/20/2026 04:40 AM","PONCE",6,0,6
"07/20/2026 04:40 AM","SAN JUAN",44,0,44
"07/20/2026 04:40 AM","ARECIBO",199,0,199
"07/20/2026 04:40 AM","BAYAMON",550,0,550
"07/20/2026 04:40 AM","CAGUAS",4,0,4
"07/20/2026 04:40 AM","CAROLINA",0,0,0
"07/20/2026 04:40 AM","MAYAGUEZ",74,0,74
"07/20/2026 04:40 AM","PONCE",6,0,6
"07/20/2026 04:40 AM","SAN JUAN",44,0,44
"07/20/2026 04:40 AM","ARECIBO",199,0,199
"07/20/2026 04:40 AM","BAYAMON",550,0,550
"07/20/2026 04:40 AM","CAGUAS",4,0,4
"07/20/2026 04:40 AM","CAROLINA",0,0,0
"07/20/2026 04:40 AM","MAYAGUEZ",74,0,74
"07/20/2026 04:40 AM","PONCE",6,0,6
"07/20/2026 04:40 AM","SAN JUAN",44,0,44
"07/20/2026 04:45 AM","ARECIBO",199,0,199
"07/20/2026 04:45 AM","BAYAMON",550,0,550
"07/20/2026 04:45 AM","CAGUAS",4,0,4
"07/20/2026 04:45 AM","CAROLINA",0,0,0
"07/20/2026 04:45 AM","MAYAGUEZ",74,0,74
"07/20/2026 04:45 AM","PONCE",6,0,6
"07/20/2026 04:45 AM","SAN JUAN",44,0,44
"07/20/2026 04:45 AM","ARECIBO",199,0,199
"07/20/2026 04:45 AM","BAYAMON",550,0,550
"07/20/2026 04:45 AM","CAGUAS",4,0,4
"07/20/2026 04:45 AM","CAROLINA",0,0,0
"07/20/2026 04:45 AM","MAYAGUEZ",74,0,74
"07/20/2026 04:45 AM","PONCE",6,0,6
"07/20/2026 04:45 AM","SAN JUAN",44,0,44
"07/20/2026 04:50 AM","ARECIBO",203,0,203
"07/20/2026 04:50 AM","BAYAMON",550,0,550
"07/20/2026 04:50 AM","CAGUAS",4,0,4
"07/20/2026 04:50 AM","CAROLINA",0,0,0
"07/20/2026 04:50 AM","MAYAGUEZ",74,0,74
"07/20/2026 04:50 AM","PONCE",6,0,6
"07/20/2026 04:50 AM","SAN JUAN",44,0,44
"07/20/2026 04:50 AM","ARECIBO",203,0,203
"07/20/2026 04:50 AM","BAYAMON",550,0,550
"07/20/2026 04:50 AM","CAGUAS",4,0,4
"07/20/2026 04:50 AM","CAROLINA",0,0,0
"07/20/2026 04:50 AM","MAYAGUEZ",74,0,74
"07/20/2026 04:50 AM","PONCE",6,0,6
"07/20/2026 04:50 AM","SAN JUAN",44,0,44
"07/20/2026 04:50 AM","ARECIBO",203,0,203
"07/20/2026 04:50 AM","BAYAMON",550,0,550
"07/20/2026 04:50 AM","CAGUAS",4,0,4
"07/20/2026 04:50 AM","CAROLINA",0,0,0
"07/20/2026 04:50 AM","MAYAGUEZ",74,0,74
"07/20/2026 04:50 AM","PONCE",6,0,6
"07/20/2026 04:50 AM","SAN JUAN",44,0,44
"07/20/2026 04:55 AM","ARECIBO",343,0,343
"07/20/2026 04:55 AM","BAYAMON",550,0,550
"07/20/2026 04:55 AM","CAGUAS",4,0,4
"07/20/2026 04:55 AM","CAROLINA",0,0,0
"07/20/2026 04:55 AM","MAYAGUEZ",74,0,74
"07/20/2026 04:55 AM","PONCE",6,0,6
"07/20/2026 04:55 AM","SAN JUAN",44,0,44
"07/20/2026 04:55 AM","ARECIBO",343,0,343
"07/20/2026 04:55 AM","BAYAMON",550,0,550
"07/20/2026 04:55 AM","CAGUAS",4,0,4
"07/20/2026 04:55 AM","CAROLINA",0,0,0
"07/20/2026 04:55 AM","MAYAGUEZ",74,0,74
"07/20/2026 04:55 AM","PONCE",6,0,6
"07/20/2026 04:55 AM","SAN JUAN",44,0,44
"07/20/2026 05:00 AM","ARECIBO",343,0,343
"07/20/2026 05:00 AM","BAYAMON",550,0,550
"07/20/2026 05:00 AM","CAGUAS",4,0,4
"07/20/2026 05:00 AM","CAROLINA",0,0,0
"07/20/2026 05:00 AM","MAYAGUEZ",74,0,74
"07/20/2026 05:00 AM","PONCE",6,0,6
"07/20/2026 05:00 AM","SAN JUAN",44,0,44
"07/20/2026 05:00 AM","ARECIBO",343,0,343
"07/20/2026 05:00 AM","BAYAMON",550,0,550
"07/20/2026 05:00 AM","CAGUAS",4,0,4
"07/20/2026 05:00 AM","CAROLINA",0,0,0
"07/20/2026 05:00 AM","MAYAGUEZ",74,0,74
"07/20/2026 05:00 AM","PONCE",6,0,6
"07/20/2026 05:00 AM","SAN JUAN",44,0,44
"07/20/2026 05:00 AM","ARECIBO",343,0,343
"07/20/2026 05:00 AM","BAYAMON",550,0,550
"07/20/2026 05:00 AM","CAGUAS",4,0,4
"07/20/2026 05:00 AM","CAROLINA",0,0,0
"07/20/2026 05:00 AM","MAYAGUEZ",74,0,74
"07/20/2026 05:00 AM","PONCE",6,0,6
"07/20/2026 05:00 AM","SAN JUAN",44,0,44
"07/20/2026 05:05 AM","ARECIBO",343,0,343
"07/20/2026 05:05 AM","BAYAMON",550,0,550
"07/20/2026 05:05 AM","CAGUAS",4,0,4
"07/20/2026 05:05 AM","CAROLINA",0,0,0
"07/20/2026 05:05 AM","MAYAGUEZ",74,0,74
"07/20/2026 05:05 AM","PONCE",6,0,6
"07/20/2026 05:05 AM","SAN JUAN",44,0,44
"07/20/2026 05:05 AM","ARECIBO",343,0,343
"07/20/2026 05:05 AM","BAYAMON",550,0,550
"07/20/2026 05:05 AM","CAGUAS",4,0,4
"07/20/2026 05:05 AM","CAROLINA",0,0,0
"07/20/2026 05:05 AM","MAYAGUEZ",74,0,74
"07/20/2026 05:05 AM","PONCE",6,0,6
"07/20/2026 05:05 AM","SAN JUAN",44,0,44
"07/20/2026 05:10 AM","ARECIBO",343,0,343
"07/20/2026 05:10 AM","BAYAMON",550,0,550
"07/20/2026 05:10 AM","CAGUAS",4,0,4
"07/20/2026 05:10 AM","CAROLINA",0,0,0
"07/20/2026 05:10 AM","MAYAGUEZ",74,0,74
"07/20/2026 05:10 AM","PONCE",6,0,6
"07/20/2026 05:10 AM","SAN JUAN",44,0,44
"07/20/2026 05:10 AM","ARECIBO",343,0,343
"07/20/2026 05:10 AM","BAYAMON",550,0,550
"07/20/2026 05:10 AM","CAGUAS",4,0,4
"07/20/2026 05:10 AM","CAROLINA",0,0,0
"07/20/2026 05:10 AM","MAYAGUEZ",74,0,74
"07/20/2026 05:10 AM","PONCE",6,0,6
"07/20/2026 05:10 AM","SAN JUAN",44,0,44
"07/20/2026 05:15 AM","ARECIBO",343,0,343
"07/20/2026 05:15 AM","BAYAMON",550,0,550
"07/20/2026 05:15 AM","CAGUAS",4,0,4
"07/20/2026 05:15 AM","CAROLINA",0,0,0
"07/20/2026 05:15 AM","MAYAGUEZ",74,0,74
"07/20/2026 05:15 AM","PONCE",7,0,7
"07/20/2026 05:15 AM","SAN JUAN",44,0,44
"07/20/2026 05:15 AM","ARECIBO",343,0,343
"07/20/2026 05:15 AM","BAYAMON",550,0,550
"07/20/2026 05:15 AM","CAGUAS",4,0,4
"07/20/2026 05:15 AM","CAROLINA",0,0,0
"07/20/2026 05:15 AM","MAYAGUEZ",74,0,74
"07/20/2026 05:15 AM","PONCE",7,0,7
"07/20/2026 05:15 AM","SAN JUAN",44,0,44
"07/20/2026 12:00 PM","ARECIBO",668,0,668
"07/20/2026 12:00 PM","BAYAMON",4177,0,4177
"07/20/2026 12:00 PM","CAGUAS",118,615,733
"07/20/2026 12:00 PM","CAROLINA",467,0,467
"07/20/2026 12:00 PM","MAYAGUEZ",32,107,139
"07/20/2026 12:00 PM","PONCE",79,973,1052
"07/20/2026 12:00 PM","SAN JUAN",150,0,150
"07/20/2026 12:00 PM","ARECIBO",668,0,668
"07/20/2026 12:00 PM","BAYAMON",4177,0,4177
"07/20/2026 12:00 PM","CAGUAS",118,615,733
"07/20/2026 12:00 PM","CAROLINA",467,0,467
"07/20/2026 12:00 PM","MAYAGUEZ",32,107,139
"07/20/2026 12:00 PM","PONCE",79,973,1052
"07/20/2026 12:00 PM","SAN JUAN",150,0,150
"07/20/2026 12:00 PM","ARECIBO",668,0,668
"07/20/2026 12:00 PM","BAYAMON",4177,0,4177
"07/20/2026 12:00 PM","CAGUAS",118,615,733
"07/20/2026 12:00 PM","CAROLINA",467,0,467
"07/20/2026 12:00 PM","MAYAGUEZ",32,107,139
"07/20/2026 12:00 PM","PONCE",79,973,1052
"07/20/2026 12:00 PM","SAN JUAN",150,0,150
"07/20/2026 12:05 PM","ARECIBO",668,0,668
"07/20/2026 12:05 PM","BAYAMON",4028,0,4028
"07/20/2026 12:05 PM","CAGUAS",119,615,734
"07/20/2026 12:05 PM","CAROLINA",552,0,552
"07/20/2026 12:05 PM","MAYAGUEZ",34,107,141
"07/20/2026 12:05 PM","PONCE",81,973,1054
"07/20/2026 12:05 PM","SAN JUAN",150,0,150
"07/20/2026 12:05 PM","ARECIBO",668,0,668
"07/20/2026 12:05 PM","BAYAMON",4028,0,4028
"07/20/2026 12:05 PM","CAGUAS",119,615,734
"07/20/2026 12:05 PM","CAROLINA",552,0,552
"07/20/2026 12:05 PM","MAYAGUEZ",34,107,141
"07/20/2026 12:05 PM","PONCE",81,973,1054
"07/20/2026 12:05 PM","SAN JUAN",150,0,150
"07/20/2026 12:10 PM","ARECIBO",668,0,668
"07/20/2026 12:10 PM","BAYAMON",4028,0,4028
"07/20/2026 12:10 PM","CAGUAS",118,615,733
"07/20/2026 12:10 PM","CAROLINA",552,0,552
"07/20/2026 12:10 PM","MAYAGUEZ",34,107,141
"07/20/2026 12:10 PM","PONCE",85,973,1058
"07/20/2026 12:10 PM","SAN JUAN",150,0,150
"07/20/2026 12:10 PM","ARECIBO",668,0,668
"07/20/2026 12:10 PM","BAYAMON",4028,0,4028
"07/20/2026 12:10 PM","CAGUAS",118,615,733
"07/20/2026 12:10 PM","CAROLINA",552,0,552
"07/20/2026 12:10 PM","MAYAGUEZ",34,107,141
"07/20/2026 12:10 PM","PONCE",85,973,1058
"07/20/2026 12:10 PM","SAN JUAN",150,0,150
"07/20/2026 12:10 PM","ARECIBO",668,0,668
"07/20/2026 12:10 PM","BAYAMON",4028,0,4028
"07/20/2026 12:10 PM","CAGUAS",118,615,733
"07/20/2026 12:10 PM","CAROLINA",552,0,552
"07/20/2026 12:10 PM","MAYAGUEZ",34,107,141
"07/20/2026 12:10 PM","PONCE",85,973,1058
"07/20/2026 12:10 PM","SAN JUAN",150,0,150
"07/20/2026 12:15 PM","ARECIBO",668,0,668
"07/20/2026 12:15 PM","BAYAMON",4028,0,4028
"07/20/2026 12:15 PM","CAGUAS",118,615,733
"07/20/2026 12:15 PM","CAROLINA",552,0,552
"07/20/2026 12:15 PM","MAYAGUEZ",34,107,141
"07/20/2026 12:15 PM","PONCE",85,973,1058
"07/20/2026 12:15 PM","SAN JUAN",149,0,149
"07/20/2026 12:15 PM","ARECIBO",668,0,668
"07/20/2026 12:15 PM","BAYAMON",4028,0,4028
"07/20/2026 12:15 PM","CAGUAS",118,615,733
"07/20/2026 12:15 PM","CAROLINA",552,0,552
"07/20/2026 12:15 PM","MAYAGUEZ",34,107,141
"07/20/2026 12:15 PM","PONCE",85,973,1058
"07/20/2026 12:15 PM","SAN JUAN",149,0,149
"07/20/2026 12:20 PM","ARECIBO",669,0,669
"07/20/2026 12:20 PM","BAYAMON",4027,0,4027
"07/20/2026 12:20 PM","CAGUAS",118,615,733
"07/20/2026 12:20 PM","CAROLINA",552,0,552
"07/20/2026 12:20 PM","MAYAGUEZ",34,107,141
"07/20/2026 12:20 PM","PONCE",87,973,1060
"07/20/2026 12:20 PM","SAN JUAN",176,0,176
"07/20/2026 12:20 PM","ARECIBO",669,0,669
"07/20/2026 12:20 PM","BAYAMON",4027,0,4027
"07/20/2026 12:20 PM","CAGUAS",118,615,733
"07/20/2026 12:20 PM","CAROLINA",552,0,552
"07/20/2026 12:20 PM","MAYAGUEZ",34,107,141
"07/20/2026 12:20 PM","PONCE",87,973,1060
"07/20/2026 12:20 PM","SAN JUAN",176,0,176
"07/20/2026 12:20 PM","ARECIBO",669,0,669
"07/20/2026 12:20 PM","BAYAMON",4027,0,4027
"07/20/2026 12:20 PM","CAGUAS",118,615,733
"07/20/2026 12:20 PM","CAROLINA",552,0,552
"07/20/2026 12:20 PM","MAYAGUEZ",34,107,141
"07/20/2026 12:20 PM","PONCE",87,973,1060
"07/20/2026 12:20 PM","SAN JUAN",176,0,176
"07/20/2026 12:25 PM","ARECIBO",668,0,668
"07/20/2026 12:25 PM","BAYAMON",4027,0,4027
"07/20/2026 12:25 PM","CAGUAS",118,615,733
"07/20/2026 12:25 PM","CAROLINA",552,0,552
"07/20/2026 12:25 PM","MAYAGUEZ",164,107,271
"07/20/2026 12:25 PM","PONCE",86,973,1059
"07/20/2026 12:25 PM","SAN JUAN",176,0,176
"07/20/2026 12:25 PM","ARECIBO",668,0,668
"07/20/2026 12:25 PM","BAYAMON",4027,0,4027
"07/20/2026 12:25 PM","CAGUAS",118,615,733
"07/20/2026 12:25 PM","CAROLINA",552,0,552
"07/20/2026 12:25 PM","MAYAGUEZ",164,107,271
"07/20/2026 12:25 PM","PONCE",86,973,1059
"07/20/2026 12:25 PM","SAN JUAN",176,0,176
"07/20/2026 12:30 PM","ARECIBO",667,0,667
"07/20/2026 12:30 PM","BAYAMON",4027,0,4027
"07/20/2026 12:30 PM","CAGUAS",118,615,733
"07/20/2026 12:30 PM","CAROLINA",553,0,553
"07/20/2026 12:30 PM","MAYAGUEZ",32,107,139
"07/20/2026 12:30 PM","PONCE",86,973,1059
"07/20/2026 12:30 PM","SAN JUAN",175,0,175
"07/20/2026 12:30 PM","ARECIBO",667,0,667
"07/20/2026 12:30 PM","BAYAMON",4027,0,4027
"07/20/2026 12:30 PM","CAGUAS",118,615,733
"07/20/2026 12:30 PM","CAROLINA",553,0,553
"07/20/2026 12:30 PM","MAYAGUEZ",32,107,139
"07/20/2026 12:30 PM","PONCE",86,973,1059
"07/20/2026 12:30 PM","SAN JUAN",175,0,175
"07/20/2026 12:30 PM","ARECIBO",667,0,667
"07/20/2026 12:30 PM","BAYAMON",4027,0,4027
"07/20/2026 12:30 PM","CAGUAS",118,615,733
"07/20/2026 12:30 PM","CAROLINA",553,0,553
"07/20/2026 12:30 PM","MAYAGUEZ",32,107,139
"07/20/2026 12:30 PM","PONCE",86,973,1059
"07/20/2026 12:30 PM","SAN JUAN",175,0,175
"07/20/2026 12:35 PM","ARECIBO",667,0,667
"07/20/2026 12:35 PM","BAYAMON",4027,0,4027
"07/20/2026 12:35 PM","CAGUAS",119,615,734
"07/20/2026 12:35 PM","CAROLINA",552,0,552
"07/20/2026 12:35 PM","MAYAGUEZ",35,107,142
"07/20/2026 12:35 PM","PONCE",87,973,1060
"07/20/2026 12:35 PM","SAN JUAN",174,0,174
"07/20/2026 12:35 PM","ARECIBO",667,0,667
"07/20/2026 12:35 PM","BAYAMON",4027,0,4027
"07/20/2026 12:35 PM","CAGUAS",119,615,734
"07/20/2026 12:35 PM","CAROLINA",552,0,552
"07/20/2026 12:35 PM","MAYAGUEZ",35,107,142
"07/20/2026 12:35 PM","PONCE",87,973,1060
"07/20/2026 12:35 PM","SAN JUAN",174,0,174
"07/20/2026 12:40 PM","ARECIBO",667,0,667
"07/20/2026 12:40 PM","BAYAMON",4027,0,4027
"07/20/2026 12:40 PM","CAGUAS",119,615,734
"07/20/2026 12:40 PM","CAROLINA",381,0,381
"07/20/2026 12:40 PM","MAYAGUEZ",24,107,131
"07/20/2026 12:40 PM","PONCE",85,973,1058
"07/20/2026 12:40 PM","SAN JUAN",149,0,149
"07/20/2026 12:40 PM","ARECIBO",667,0,667
"07/20/2026 12:40 PM","BAYAMON",4027,0,4027
"07/20/2026 12:40 PM","CAGUAS",119,615,734
"07/20/2026 12:40 PM","CAROLINA",381,0,381
"07/20/2026 12:40 PM","MAYAGUEZ",24,107,131
"07/20/2026 12:40 PM","PONCE",85,973,1058
"07/20/2026 12:40 PM","SAN JUAN",149,0,149
"07/20/2026 12:40 PM","ARECIBO",667,0,667
"07/20/2026 12:40 PM","BAYAMON",4027,0,4027
"07/20/2026 12:40 PM","CAGUAS",119,615,734
"07/20/2026 12:40 PM","CAROLINA",381,0,381
"07/20/2026 12:40 PM","MAYAGUEZ",24,107,131
"07/20/2026 12:40 PM","PONCE",85,973,1058
"07/20/2026 12:40 PM","SAN JUAN",149,0,149
"07/20/2026 12:45 PM","ARECIBO",667,0,667
"07/20/2026 12:45 PM","BAYAMON",4027,0,4027
"07/20/2026 12:45 PM","CAGUAS",120,615,735
"07/20/2026 12:45 PM","CAROLINA",381,0,381
"07/20/2026 12:45 PM","MAYAGUEZ",25,107,132
"07/20/2026 12:45 PM","PONCE",85,973,1058
"07/20/2026 12:45 PM","SAN JUAN",149,0,149
"07/20/2026 12:45 PM","ARECIBO",667,0,667
"07/20/2026 12:45 PM","BAYAMON",4027,0,4027
"07/20/2026 12:45 PM","CAGUAS",120,615,735
"07/20/2026 12:45 PM","CAROLINA",381,0,381
"07/20/2026 12:45 PM","MAYAGUEZ",25,107,132
"07/20/2026 12:45 PM","PONCE",85,973,1058
"07/20/2026 12:45 PM","SAN JUAN",149,0,149
"07/20/2026 12:50 PM","ARECIBO",668,0,668
"07/20/2026 12:50 PM","BAYAMON",4027,0,4027
"07/20/2026 12:50 PM","CAGUAS",120,615,735
"07/20/2026 12:50 PM","CAROLINA",382,0,382
"07/20/2026 12:50 PM","MAYAGUEZ",25,107,132
"07/20/2026 12:50 PM","PONCE",85,973,1058
"07/20/2026 12:50 PM","SAN JUAN",171,0,171
"07/20/2026 12:50 PM","ARECIBO",668,0,668
"07/20/2026 12:50 PM","BAYAMON",4027,0,4027
"07/20/2026 12:50 PM","CAGUAS",120,615,735
"07/20/2026 12:50 PM","CAROLINA",382,0,382
"07/20/2026 12:50 PM","MAYAGUEZ",25,107,132
"07/20/2026 12:50 PM","PONCE",85,973,1058
"07/20/2026 12:50 PM","SAN JUAN",171,0,171
"07/20/2026 12:55 PM","ARECIBO",672,0,672
"07/20/2026 12:55 PM","BAYAMON",3962,0,3962
"07/20/2026 12:55 PM","CAGUAS",120,615,735
"07/20/2026 12:55 PM","CAROLINA",382,0,382
"07/20/2026 12:55 PM","MAYAGUEZ",25,107,132
"07/20/2026 12:55 PM","PONCE",86,973,1059
"07/20/2026 12:55 PM","SAN JUAN",171,0,171
"07/20/2026 04:50 PM","ARECIBO",384,0,384
"07/20/2026 04:50 PM","BAYAMON",4090,0,4090
"07/20/2026 04:50 PM","CAGUAS",8,0,8
"07/20/2026 04:50 PM","CAROLINA",3,0,3
"07/20/2026 04:50 PM","MAYAGUEZ",327,0,327
"07/20/2026 04:50 PM","PONCE",7,973,980
"07/20/2026 04:50 PM","SAN JUAN",168,0,168
"07/20/2026 04:50 PM","ARECIBO",384,0,384
"07/20/2026 04:50 PM","BAYAMON",4090,0,4090
"07/20/2026 04:50 PM","CAGUAS",8,0,8
"07/20/2026 04:50 PM","CAROLINA",3,0,3
"07/20/2026 04:50 PM","MAYAGUEZ",327,0,327
"07/20/2026 04:50 PM","PONCE",7,973,980
"07/20/2026 04:50 PM","SAN JUAN",168,0,168
"07/20/2026 04:50 PM","ARECIBO",384,0,384
"07/20/2026 04:50 PM","BAYAMON",4090,0,4090
"07/20/2026 04:50 PM","CAGUAS",8,0,8
"07/20/2026 04:50 PM","CAROLINA",3,0,3
"07/20/2026 04:50 PM","MAYAGUEZ",327,0,327
"07/20/2026 04:50 PM","PONCE",7,973,980
"07/20/2026 04:50 PM","SAN JUAN",168,0,168
"07/20/2026 04:55 PM","ARECIBO",410,0,410
"07/20/2026 04:55 PM","BAYAMON",4090,0,4090
"07/20/2026 04:55 PM","CAGUAS",7,0,7
"07/20/2026 04:55 PM","CAROLINA",2,0,2
"07/20/2026 04:55 PM","MAYAGUEZ",332,0,332
"07/20/2026 04:55 PM","PONCE",7,973,980
"07/20/2026 04:55 PM","SAN JUAN",167,0,167
"07/20/2026 04:55 PM","ARECIBO",410,0,410
"07/20/2026 04:55 PM","BAYAMON",4090,0,4090
"07/20/2026 04:55 PM","CAGUAS",7,0,7
"07/20/2026 04:55 PM","CAROLINA",2,0,2
"07/20/2026 04:55 PM","MAYAGUEZ",332,0,332
"07/20/2026 04:55 PM","PONCE",7,973,980
"07/20/2026 04:55 PM","SAN JUAN",167,0,167
"07/20/2026 05:00 PM","ARECIBO",410,0,410
"07/20/2026 05:00 PM","BAYAMON",358,0,358
"07/20/2026 05:00 PM","CAGUAS",7,0,7
"07/20/2026 05:00 PM","CAROLINA",2,0,2
"07/20/2026 05:00 PM","MAYAGUEZ",333,0,333
"07/20/2026 05:00 PM","PONCE",7,973,980
"07/20/2026 05:00 PM","SAN JUAN",168,0,168
"07/20/2026 05:00 PM","ARECIBO",410,0,410
"07/20/2026 05:00 PM","BAYAMON",358,0,358
"07/20/2026 05:00 PM","CAGUAS",7,0,7
"07/20/2026 05:00 PM","CAROLINA",2,0,2
"07/20/2026 05:00 PM","MAYAGUEZ",333,0,333
"07/20/2026 05:00 PM","PONCE",7,973,980
"07/20/2026 05:00 PM","SAN JUAN",168,0,168
"07/20/2026 05:00 PM","ARECIBO",410,0,410
"07/20/2026 05:00 PM","BAYAMON",358,0,358
"07/20/2026 05:00 PM","CAGUAS",7,0,7
"07/20/2026 05:00 PM","CAROLINA",2,0,2
"07/20/2026 05:00 PM","MAYAGUEZ",333,0,333
"07/20/2026 05:00 PM","PONCE",7,973,980
"07/20/2026 05:00 PM","SAN JUAN",168,0,168
"07/20/2026 05:05 PM","ARECIBO",410,0,410
"07/20/2026 05:05 PM","BAYAMON",361,0,361
"07/20/2026 05:05 PM","CAGUAS",8,0,8
"07/20/2026 05:05 PM","CAROLINA",2,0,2
"07/20/2026 05:05 PM","MAYAGUEZ",332,0,332
"07/20/2026 05:05 PM","PONCE",7,973,980
"07/20/2026 05:05 PM","SAN JUAN",168,0,168
"07/20/2026 05:05 PM","ARECIBO",410,0,410
"07/20/2026 05:05 PM","BAYAMON",361,0,361
"07/20/2026 05:05 PM","CAGUAS",8,0,8
"07/20/2026 05:05 PM","CAROLINA",2,0,2
"07/20/2026 05:05 PM","MAYAGUEZ",332,0,332
"07/20/2026 05:05 PM","PONCE",7,973,980
"07/20/2026 05:05 PM","SAN JUAN",168,0,168
"07/20/2026 05:10 PM","ARECIBO",410,0,410
"07/20/2026 05:10 PM","BAYAMON",361,0,361
"07/20/2026 05:10 PM","CAGUAS",8,0,8
"07/20/2026 05:10 PM","CAROLINA",2,0,2
"07/20/2026 05:10 PM","MAYAGUEZ",332,0,332
"07/20/2026 05:10 PM","PONCE",7,973,980
"07/20/2026 05:10 PM","SAN JUAN",73,0,73
"07/20/2026 05:10 PM","ARECIBO",410,0,410
"07/20/2026 05:10 PM","BAYAMON",361,0,361
"07/20/2026 05:10 PM","CAGUAS",8,0,8
"07/20/2026 05:10 PM","CAROLINA",2,0,2
"07/20/2026 05:10 PM","MAYAGUEZ",332,0,332
"07/20/2026 05:10 PM","PONCE",7,973,980
"07/20/2026 05:10 PM","SAN JUAN",73,0,73
"07/20/2026 05:10 PM","ARECIBO",410,0,410
"07/20/2026 05:10 PM","BAYAMON",361,0,361
"07/20/2026 05:10 PM","CAGUAS",8,0,8
"07/20/2026 05:10 PM","CAROLINA",2,0,2
"07/20/2026 05:10 PM","MAYAGUEZ",332,0,332
"07/20/2026 05:10 PM","PONCE",7,973,980
"07/20/2026 05:10 PM","SAN JUAN",73,0,73
"07/20/2026 05:15 PM","ARECIBO",410,0,410
"07/20/2026 05:15 PM","BAYAMON",361,0,361
"07/20/2026 05:15 PM","CAGUAS",8,0,8
"07/20/2026 05:15 PM","CAROLINA",2,0,2
"07/20/2026 05:15 PM","MAYAGUEZ",332,0,332
"07/20/2026 05:15 PM","PONCE",7,973,980
"07/20/2026 05:15 PM","SAN JUAN",73,0,73
"07/20/2026 05:15 PM","ARECIBO",410,0,410
"07/20/2026 05:15 PM","BAYAMON",361,0,361
"07/20/2026 05:15 PM","CAGUAS",8,0,8
"07/20/2026 05:15 PM","CAROLINA",2,0,2
"07/20/2026 05:15 PM","MAYAGUEZ",332,0,332
"07/20/2026 05:15 PM","PONCE",7,973,980
"07/20/2026 05:15 PM","SAN JUAN",73,0,73
"07/20/2026 05:20 PM","ARECIBO",214,0,214
"07/20/2026 05:20 PM","BAYAMON",360,0,360
"07/20/2026 05:20 PM","CAGUAS",8,0,8
"07/20/2026 05:20 PM","CAROLINA",2,0,2
"07/20/2026 05:20 PM","MAYAGUEZ",332,0,332
"07/20/2026 05:20 PM","PONCE",7,973,980
"07/20/2026 05:20 PM","SAN JUAN",73,0,73
"07/20/2026 05:20 PM","ARECIBO",214,0,214
"07/20/2026 05:20 PM","BAYAMON",360,0,360
"07/20/2026 05:20 PM","CAGUAS",8,0,8
"07/20/2026 05:20 PM","CAROLINA",2,0,2
"07/20/2026 05:20 PM","MAYAGUEZ",332,0,332
"07/20/2026 05:20 PM","PONCE",7,973,980
"07/20/2026 05:20 PM","SAN JUAN",73,0,73
"07/20/2026 05:20 PM","ARECIBO",214,0,214
"07/20/2026 05:20 PM","BAYAMON",360,0,360
"07/20/2026 05:20 PM","CAGUAS",8,0,8
"07/20/2026 05:20 PM","CAROLINA",2,0,2
"07/20/2026 05:20 PM","MAYAGUEZ",332,0,332
"07/20/2026 05:20 PM","PONCE",7,973,980
"07/20/2026 05:20 PM","SAN JUAN",73,0,73
"07/20/2026 05:25 PM","ARECIBO",213,0,213
"07/20/2026 05:25 PM","BAYAMON",360,0,360
"07/20/2026 05:25 PM","CAGUAS",8,0,8
"07/20/2026 05:25 PM","CAROLINA",3,0,3
"07/20/2026 05:25 PM","MAYAGUEZ",351,0,351
"07/20/2026 05:25 PM","PONCE",7,973,980
"07/20/2026 05:25 PM","SAN JUAN",99,0,99
"07/20/2026 05:25 PM","ARECIBO",213,0,213
"07/20/2026 05:25 PM","BAYAMON",360,0,360
"07/20/2026 05:25 PM","CAGUAS",8,0,8
"07/20/2026 05:25 PM","CAROLINA",3,0,3
"07/20/2026 05:25 PM","MAYAGUEZ",351,0,351
"07/20/2026 05:25 PM","PONCE",7,973,980
"07/20/2026 05:25 PM","SAN JUAN",99,0,99
"07/20/2026 05:30 PM","ARECIBO",212,0,212
"07/20/2026 05:30 PM","BAYAMON",360,0,360
"07/20/2026 05:30 PM","CAGUAS",8,0,8
"07/20/2026 05:30 PM","CAROLINA",3,0,3
"07/20/2026 05:30 PM","MAYAGUEZ",351,0,351
"07/20/2026 05:30 PM","PONCE",7,973,980
"07/20/2026 05:30 PM","SAN JUAN",99,0,99
"07/20/2026 05:30 PM","ARECIBO",212,0,212
"07/20/2026 05:30 PM","BAYAMON",360,0,360
"07/20/2026 05:30 PM","CAGUAS",8,0,8
"07/20/2026 05:30 PM","CAROLINA",3,0,3
"07/20/2026 05:30 PM","MAYAGUEZ",351,0,351
"07/20/2026 05:30 PM","PONCE",7,973,980
"07/20/2026 05:30 PM","SAN JUAN",99,0,99
"07/20/2026 05:35 PM","ARECIBO",230,0,230
"07/20/2026 05:35 PM","BAYAMON",361,0,361
"07/20/2026 05:35 PM","CAGUAS",8,0,8
"07/20/2026 05:35 PM","CAROLINA",2,0,2
"07/20/2026 05:35 PM","MAYAGUEZ",351,0,351
"07/20/2026 05:35 PM","PONCE",7,973,980
"07/20/2026 05:35 PM","SAN JUAN",99,0,99
"07/20/2026 05:35 PM","ARECIBO",230,0,230
"07/20/2026 05:35 PM","BAYAMON",361,0,361
"07/20/2026 05:35 PM","CAGUAS",8,0,8
"07/20/2026 05:35 PM","CAROLINA",2,0,2
"07/20/2026 05:35 PM","MAYAGUEZ",351,0,351
"07/20/2026 05:35 PM","PONCE",7,973,980
"07/20/2026 05:35 PM","SAN JUAN",99,0,99
"07/20/2026 05:35 PM","ARECIBO",230,0,230
"07/20/2026 05:35 PM","BAYAMON",361,0,361
"07/20/2026 05:35 PM","CAGUAS",8,0,8
"07/20/2026 05:35 PM","CAROLINA",2,0,2
"07/20/2026 05:35 PM","MAYAGUEZ",351,0,351
"07/20/2026 05:35 PM","PONCE",7,973,980
"07/20/2026 05:35 PM","SAN JUAN",99,0,99
"07/20/2026 05:40 PM","ARECIBO",231,0,231
"07/20/2026 05:40 PM","BAYAMON",361,0,361
"07/20/2026 05:40 PM","CAGUAS",10,0,10
"07/20/2026 05:40 PM","CAROLINA",2,0,2
"07/20/2026 05:40 PM","MAYAGUEZ",350,0,350
"07/20/2026 05:40 PM","PONCE",6,973,979
"07/20/2026 05:40 PM","SAN JUAN",100,0,100
"07/20/2026 05:40 PM","ARECIBO",231,0,231
"07/20/2026 05:40 PM","BAYAMON",361,0,361
"07/20/2026 05:40 PM","CAGUAS",10,0,10
"07/20/2026 05:40 PM","CAROLINA",2,0,2
"07/20/2026 05:40 PM","MAYAGUEZ",350,0,350
"07/20/2026 05:40 PM","PONCE",6,973,979
"07/20/2026 05:40 PM","SAN JUAN",100,0,100
"07/20/2026 05:45 PM","ARECIBO",230,0,230
"07/20/2026 05:45 PM","BAYAMON",362,0,362
"07/20/2026 05:45 PM","CAGUAS",13,0,13
"07/20/2026 05:45 PM","CAROLINA",2,0,2
"07/20/2026 05:45 PM","MAYAGUEZ",350,0,350
"07/20/2026 05:45 PM","PONCE",6,973,979
"07/20/2026 05:45 PM","SAN JUAN",100,0,100
"07/20/2026 08:15 PM","ARECIBO",19,0,19
"07/20/2026 08:15 PM","BAYAMON",274,0,274
"07/20/2026 08:15 PM","CAGUAS",137,0,137
"07/20/2026 08:15 PM","CAROLINA",1,0,1
"07/20/2026 08:15 PM","MAYAGUEZ",103,0,103
"07/20/2026 08:15 PM","PONCE",184,0,184
"07/20/2026 08:15 PM","SAN JUAN",195,0,195
"07/20/2026 08:15 PM","ARECIBO",19,0,19
"07/20/2026 08:15 PM","BAYAMON",274,0,274
"07/20/2026 08:15 PM","CAGUAS",137,0,137
"07/20/2026 08:15 PM","CAROLINA",1,0,1
"07/20/2026 08:15 PM","MAYAGUEZ",103,0,103
"07/20/2026 08:15 PM","PONCE",184,0,184
"07/20/2026 08:15 PM","SAN JUAN",195,0,195
"07/20/2026 08:20 PM","ARECIBO",19,0,19
"07/20/2026 08:20 PM","BAYAMON",225,0,225
"07/20/2026 08:20 PM","CAGUAS",137,0,137
"07/20/2026 08:20 PM","CAROLINA",1,0,1
"07/20/2026 08:20 PM","MAYAGUEZ",52,0,52
"07/20/2026 08:20 PM","PONCE",184,0,184
"07/20/2026 08:20 PM","SAN JUAN",195,0,195
"07/20/2026 08:20 PM","ARECIBO",19,0,19
"07/20/2026 08:20 PM","BAYAMON",225,0,225
"07/20/2026 08:20 PM","CAGUAS",137,0,137
"07/20/2026 08:20 PM","CAROLINA",1,0,1
"07/20/2026 08:20 PM","MAYAGUEZ",52,0,52
"07/20/2026 08:20 PM","PONCE",184,0,184
"07/20/2026 08:20 PM","SAN JUAN",195,0,195
"07/20/2026 08:20 PM","ARECIBO",19,0,19
"07/20/2026 08:20 PM","BAYAMON",225,0,225
"07/20/2026 08:20 PM","CAGUAS",137,0,137
"07/20/2026 08:20 PM","CAROLINA",1,0,1
"07/20/2026 08:20 PM","MAYAGUEZ",52,0,52
"07/20/2026 08:20 PM","PONCE",184,0,184
"07/20/2026 08:20 PM","SAN JUAN",195,0,195
"07/20/2026 08:25 PM","ARECIBO",19,0,19
"07/20/2026 08:25 PM","BAYAMON",225,0,225
"07/20/2026 08:25 PM","CAGUAS",137,0,137
"07/20/2026 08:25 PM","CAROLINA",1,0,1
"07/20/2026 08:25 PM","MAYAGUEZ",52,0,52
"07/20/2026 08:25 PM","PONCE",184,0,184
"07/20/2026 08:25 PM","SAN JUAN",195,0,195
"07/20/2026 08:25 PM","ARECIBO",19,0,19
"07/20/2026 08:25 PM","BAYAMON",225,0,225
"07/20/2026 08:25 PM","CAGUAS",137,0,137
"07/20/2026 08:25 PM","CAROLINA",1,0,1
"07/20/2026 08:25 PM","MAYAGUEZ",52,0,52
"07/20/2026 08:25 PM","PONCE",184,0,184
"07/20/2026 08:25 PM","SAN JUAN",195,0,195
"07/20/2026 08:30 PM","ARECIBO",19,0,19
"07/20/2026 08:30 PM","BAYAMON",225,0,225
"07/20/2026 08:30 PM","CAGUAS",137,0,137
"07/20/2026 08:30 PM","CAROLINA",1,0,1
"07/20/2026 08:30 PM","MAYAGUEZ",52,0,52
"07/20/2026 08:30 PM","PONCE",184,0,184
"07/20/2026 08:30 PM","SAN JUAN",195,0,195
"07/20/2026 08:30 PM","ARECIBO",19,0,19
"07/20/2026 08:30 PM","BAYAMON",225,0,225
"07/20/2026 08:30 PM","CAGUAS",137,0,137
"07/20/2026 08:30 PM","CAROLINA",1,0,1
"07/20/2026 08:30 PM","MAYAGUEZ",52,0,52
"07/20/2026 08:30 PM","PONCE",184,0,184
"07/20/2026 08:30 PM","SAN JUAN",195,0,195
"07/20/2026 08:30 PM","ARECIBO",19,0,19
"07/20/2026 08:30 PM","BAYAMON",225,0,225
"07/20/2026 08:30 PM","CAGUAS",137,0,137
"07/20/2026 08:30 PM","CAROLINA",1,0,1
"07/20/2026 08:30 PM","MAYAGUEZ",52,0,52
"07/20/2026 08:30 PM","PONCE",184,0,184
"07/20/2026 08:30 PM","SAN JUAN",195,0,195
"07/20/2026 08:35 PM","ARECIBO",19,0,19
"07/20/2026 08:35 PM","BAYAMON",227,0,227
"07/20/2026 08:35 PM","CAGUAS",135,0,135
"07/20/2026 08:35 PM","CAROLINA",1,0,1
"07/20/2026 08:35 PM","MAYAGUEZ",55,0,55
"07/20/2026 08:35 PM","PONCE",185,0,185
"07/20/2026 08:35 PM","SAN JUAN",195,0,195
"07/20/2026 08:35 PM","ARECIBO",19,0,19
"07/20/2026 08:35 PM","BAYAMON",227,0,227
"07/20/2026 08:35 PM","CAGUAS",135,0,135
"07/20/2026 08:35 PM","CAROLINA",1,0,1
"07/20/2026 08:35 PM","MAYAGUEZ",55,0,55
"07/20/2026 08:35 PM","PONCE",185,0,185
"07/20/2026 08:35 PM","SAN JUAN",195,0,195
"07/20/2026 08:40 PM","ARECIBO",19,0,19
"07/20/2026 08:40 PM","BAYAMON",226,0,226
"07/20/2026 08:40 PM","CAGUAS",105,0,105
"07/20/2026 08:40 PM","CAROLINA",1,0,1
"07/20/2026 08:40 PM","MAYAGUEZ",42,0,42
"07/20/2026 08:40 PM","PONCE",184,0,184
"07/20/2026 08:40 PM","SAN JUAN",195,0,195
"07/20/2026 08:40 PM","ARECIBO",19,0,19
"07/20/2026 08:40 PM","BAYAMON",226,0,226
"07/20/2026 08:40 PM","CAGUAS",105,0,105
"07/20/2026 08:40 PM","CAROLINA",1,0,1
"07/20/2026 08:40 PM","MAYAGUEZ",42,0,42
"07/20/2026 08:40 PM","PONCE",184,0,184
"07/20/2026 08:40 PM","SAN JUAN",195,0,195
"07/20/2026 08:40 PM","ARECIBO",19,0,19
"07/20/2026 08:40 PM","BAYAMON",226,0,226
"07/20/2026 08:40 PM","CAGUAS",105,0,105
"07/20/2026 08:40 PM","CAROLINA",1,0,1
"07/20/2026 08:40 PM","MAYAGUEZ",42,0,42
"07/20/2026 08:40 PM","PONCE",184,0,184
"07/20/2026 08:40 PM","SAN JUAN",195,0,195
"07/20/2026 08:45 PM","ARECIBO",19,0,19
"07/20/2026 08:45 PM","BAYAMON",228,0,228
"07/20/2026 08:45 PM","CAGUAS",106,0,106
"07/20/2026 08:45 PM","CAROLINA",1,0,1
"07/20/2026 08:45 PM","MAYAGUEZ",42,0,42
"07/20/2026 08:45 PM","PONCE",184,0,184
"07/20/2026 08:45 PM","SAN JUAN",196,0,196
"07/20/2026 08:45 PM","ARECIBO",19,0,19
"07/20/2026 08:45 PM","BAYAMON",228,0,228
"07/20/2026 08:45 PM","CAGUAS",106,0,106
"07/20/2026 08:45 PM","CAROLINA",1,0,1
"07/20/2026 08:45 PM","MAYAGUEZ",42,0,42
"07/20/2026 08:45 PM","PONCE",184,0,184
"07/20/2026 08:45 PM","SAN JUAN",196,0,196
"07/20/2026 08:50 PM","ARECIBO",19,0,19
"07/20/2026 08:50 PM","BAYAMON",229,0,229
"07/20/2026 08:50 PM","CAGUAS",108,0,108
"07/20/2026 08:50 PM","CAROLINA",2,0,2
"07/20/2026 08:50 PM","MAYAGUEZ",41,0,41
"07/20/2026 08:50 PM","PONCE",184,0,184
"07/20/2026 08:50 PM","SAN JUAN",196,0,196
"07/20/2026 08:50 PM","ARECIBO",19,0,19
"07/20/2026 08:50 PM","BAYAMON",229,0,229
"07/20/2026 08:50 PM","CAGUAS",108,0,108
"07/20/2026 08:50 PM","CAROLINA",2,0,2
"07/20/2026 08:50 PM","MAYAGUEZ",41,0,41
"07/20/2026 08:50 PM","PONCE",184,0,184
"07/20/2026 08:50 PM","SAN JUAN",196,0,196
"07/20/2026 08:50 PM","ARECIBO",19,0,19
"07/20/2026 08:50 PM","BAYAMON",229,0,229
"07/20/2026 08:50 PM","CAGUAS",108,0,108
"07/20/2026 08:50 PM","CAROLINA",2,0,2
"07/20/2026 08:50 PM","MAYAGUEZ",41,0,41
"07/20/2026 08:50 PM","PONCE",184,0,184
"07/20/2026 08:50 PM","SAN JUAN",196,0,196
"07/20/2026 08:55 PM","ARECIBO",19,0,19
"07/20/2026 08:55 PM","BAYAMON",228,0,228
"07/20/2026 08:55 PM","CAGUAS",108,0,108
"07/20/2026 08:55 PM","CAROLINA",2,0,2
"07/20/2026 08:55 PM","MAYAGUEZ",39,0,39
"07/20/2026 08:55 PM","PONCE",184,0,184
"07/20/2026 08:55 PM","SAN JUAN",249,0,249
"07/20/2026 08:55 PM","ARECIBO",19,0,19
"07/20/2026 08:55 PM","BAYAMON",228,0,228
"07/20/2026 08:55 PM","CAGUAS",108,0,108
"07/20/2026 08:55 PM","CAROLINA",2,0,2
"07/20/2026 08:55 PM","MAYAGUEZ",39,0,39
"07/20/2026 08:55 PM","PONCE",184,0,184
"07/20/2026 08:55 PM","SAN JUAN",249,0,249
"07/20/2026 09:00 PM","ARECIBO",19,0,19
"07/20/2026 09:00 PM","BAYAMON",228,0,228
"07/20/2026 09:00 PM","CAGUAS",108,0,108
"07/20/2026 09:00 PM","CAROLINA",2,0,2
"07/20/2026 09:00 PM","MAYAGUEZ",39,0,39
"07/20/2026 09:00 PM","PONCE",184,0,184
"07/20/2026 09:00 PM","SAN JUAN",251,0,251
"07/20/2026 09:00 PM","ARECIBO",19,0,19
"07/20/2026 09:00 PM","BAYAMON",228,0,228
"07/20/2026 09:00 PM","CAGUAS",108,0,108
"07/20/2026 09:00 PM","CAROLINA",2,0,2
"07/20/2026 09:00 PM","MAYAGUEZ",39,0,39
"07/20/2026 09:00 PM","PONCE",184,0,184
"07/20/2026 09:00 PM","SAN JUAN",251,0,251
"07/20/2026 09:00 PM","ARECIBO",19,0,19
"07/20/2026 09:00 PM","BAYAMON",228,0,228
"07/20/2026 09:00 PM","CAGUAS",108,0,108
"07/20/2026 09:00 PM","CAROLINA",2,0,2
"07/20/2026 09:00 PM","MAYAGUEZ",39,0,39
"07/20/2026 09:00 PM","PONCE",184,0,184
"07/20/2026 09:00 PM","SAN JUAN",251,0,251
"07/20/2026 09:05 PM","ARECIBO",19,0,19
"07/20/2026 09:05 PM","BAYAMON",230,0,230
"07/20/2026 09:05 PM","CAGUAS",108,0,108
"07/20/2026 09:05 PM","CAROLINA",1,0,1
"07/20/2026 09:05 PM","MAYAGUEZ",40,0,40
"07/20/2026 09:05 PM","PONCE",184,0,184
"07/20/2026 09:05 PM","SAN JUAN",251,0,251
"07/20/2026 09:05 PM","ARECIBO",19,0,19
"07/20/2026 09:05 PM","BAYAMON",230,0,230
"07/20/2026 09:05 PM","CAGUAS",108,0,108
"07/20/2026 09:05 PM","CAROLINA",1,0,1
"07/20/2026 09:05 PM","MAYAGUEZ",40,0,40
"07/20/2026 09:05 PM","PONCE",184,0,184
"07/20/2026 09:05 PM","SAN JUAN",251,0,251
"07/20/2026 09:10 PM","ARECIBO",19,0,19
"07/20/2026 09:10 PM","BAYAMON",230,0,230
"07/20/2026 09:10 PM","CAGUAS",108,0,108
"07/20/2026 09:10 PM","CAROLINA",1,0,1
"07/20/2026 09:10 PM","MAYAGUEZ",56,0,56
"07/20/2026 09:10 PM","PONCE",184,0,184
"07/20/2026 09:10 PM","SAN JUAN",251,0,251
"07/21/2026 06:05 AM","ARECIBO",247,0,247
"07/21/2026 06:05 AM","BAYAMON",47,0,47
"07/21/2026 06:05 AM","CAGUAS",819,0,819
"07/21/2026 06:05 AM","CAROLINA",694,0,694
"07/21/2026 06:05 AM","MAYAGUEZ",39,0,39
"07/21/2026 06:05 AM","PONCE",3,0,3
"07/21/2026 06:05 AM","SAN JUAN",1519,0,1519
"07/21/2026 06:10 AM","ARECIBO",257,0,257
"07/21/2026 06:10 AM","BAYAMON",2989,0,2989
"07/21/2026 06:10 AM","CAGUAS",984,0,984
"07/21/2026 06:10 AM","CAROLINA",694,0,694
"07/21/2026 06:10 AM","MAYAGUEZ",40,0,40
"07/21/2026 06:10 AM","PONCE",3,0,3
"07/21/2026 06:10 AM","SAN JUAN",1572,0,1572
"07/21/2026 06:10 AM","ARECIBO",257,0,257
"07/21/2026 06:10 AM","BAYAMON",2989,0,2989
"07/21/2026 06:10 AM","CAGUAS",984,0,984
"07/21/2026 06:10 AM","CAROLINA",694,0,694
"07/21/2026 06:10 AM","MAYAGUEZ",40,0,40
"07/21/2026 06:10 AM","PONCE",3,0,3
"07/21/2026 06:10 AM","SAN JUAN",1572,0,1572
"07/21/2026 06:10 AM","ARECIBO",257,0,257
"07/21/2026 06:10 AM","BAYAMON",2989,0,2989
"07/21/2026 06:10 AM","CAGUAS",984,0,984
"07/21/2026 06:10 AM","CAROLINA",694,0,694
"07/21/2026 06:10 AM","MAYAGUEZ",40,0,40
"07/21/2026 06:10 AM","PONCE",3,0,3
"07/21/2026 06:10 AM","SAN JUAN",1572,0,1572
"07/21/2026 06:15 AM","ARECIBO",252,0,252
"07/21/2026 06:15 AM","BAYAMON",83,0,83
"07/21/2026 06:15 AM","CAGUAS",1004,0,1004
"07/21/2026 06:15 AM","CAROLINA",694,0,694
"07/21/2026 06:15 AM","MAYAGUEZ",40,0,40
"07/21/2026 06:15 AM","PONCE",16,0,16
"07/21/2026 06:15 AM","SAN JUAN",1572,0,1572
"07/21/2026 06:15 AM","ARECIBO",252,0,252
"07/21/2026 06:15 AM","BAYAMON",83,0,83
"07/21/2026 06:15 AM","CAGUAS",1004,0,1004
"07/21/2026 06:15 AM","CAROLINA",694,0,694
"07/21/2026 06:15 AM","MAYAGUEZ",40,0,40
"07/21/2026 06:15 AM","PONCE",16,0,16
"07/21/2026 06:15 AM","SAN JUAN",1572,0,1572
"07/21/2026 06:20 AM","ARECIBO",252,0,252
"07/21/2026 06:20 AM","BAYAMON",83,0,83
"07/21/2026 06:20 AM","CAGUAS",1566,0,1566
"07/21/2026 06:20 AM","CAROLINA",694,0,694
"07/21/2026 06:20 AM","MAYAGUEZ",41,0,41
"07/21/2026 06:20 AM","PONCE",38,0,38
"07/21/2026 06:20 AM","SAN JUAN",1519,0,1519
"07/21/2026 06:20 AM","ARECIBO",252,0,252
"07/21/2026 06:20 AM","BAYAMON",83,0,83
"07/21/2026 06:20 AM","CAGUAS",1566,0,1566
"07/21/2026 06:20 AM","CAROLINA",694,0,694
"07/21/2026 06:20 AM","MAYAGUEZ",41,0,41
"07/21/2026 06:20 AM","PONCE",38,0,38
"07/21/2026 06:20 AM","SAN JUAN",1519,0,1519
"07/21/2026 06:25 AM","ARECIBO",252,0,252
"07/21/2026 06:25 AM","BAYAMON",80,0,80
"07/21/2026 06:25 AM","CAGUAS",1572,0,1572
"07/21/2026 06:25 AM","CAROLINA",694,0,694
"07/21/2026 06:25 AM","MAYAGUEZ",57,0,57
"07/21/2026 06:25 AM","PONCE",39,0,39
"07/21/2026 06:25 AM","SAN JUAN",1522,0,1522
"07/21/2026 06:25 AM","ARECIBO",252,0,252
"07/21/2026 06:25 AM","BAYAMON",80,0,80
"07/21/2026 06:25 AM","CAGUAS",1572,0,1572
"07/21/2026 06:25 AM","CAROLINA",694,0,694
"07/21/2026 06:25 AM","MAYAGUEZ",57,0,57
"07/21/2026 06:25 AM","PONCE",39,0,39
"07/21/2026 06:25 AM","SAN JUAN",1522,0,1522
"07/21/2026 06:25 AM","ARECIBO",252,0,252
"07/21/2026 06:25 AM","BAYAMON",80,0,80
"07/21/2026 06:25 AM","CAGUAS",1572,0,1572
"07/21/2026 06:25 AM","CAROLINA",694,0,694
"07/21/2026 06:25 AM","MAYAGUEZ",57,0,57
"07/21/2026 06:25 AM","PONCE",39,0,39
"07/21/2026 06:25 AM","SAN JUAN",1522,0,1522
"07/21/2026 06:30 AM","ARECIBO",252,0,252
"07/21/2026 06:30 AM","BAYAMON",80,0,80
"07/21/2026 06:30 AM","CAGUAS",1574,0,1574
"07/21/2026 06:30 AM","CAROLINA",694,0,694
"07/21/2026 06:30 AM","MAYAGUEZ",57,0,57
"07/21/2026 06:30 AM","PONCE",40,0,40
"07/21/2026 06:30 AM","SAN JUAN",1523,0,1523
"07/21/2026 06:30 AM","ARECIBO",252,0,252
"07/21/2026 06:30 AM","BAYAMON",80,0,80
"07/21/2026 06:30 AM","CAGUAS",1574,0,1574
"07/21/2026 06:30 AM","CAROLINA",694,0,694
"07/21/2026 06:30 AM","MAYAGUEZ",57,0,57
"07/21/2026 06:30 AM","PONCE",40,0,40
"07/21/2026 06:30 AM","SAN JUAN",1523,0,1523
"07/21/2026 06:35 AM","ARECIBO",742,0,742
"07/21/2026 06:35 AM","BAYAMON",71,0,71
"07/21/2026 06:35 AM","CAGUAS",1638,0,1638
"07/21/2026 06:35 AM","CAROLINA",694,0,694
"07/21/2026 06:35 AM","MAYAGUEZ",58,0,58
"07/21/2026 06:35 AM","PONCE",204,0,204
"07/21/2026 06:35 AM","SAN JUAN",1755,0,1755
"07/21/2026 06:35 AM","ARECIBO",742,0,742
"07/21/2026 06:35 AM","BAYAMON",71,0,71
"07/21/2026 06:35 AM","CAGUAS",1638,0,1638
"07/21/2026 06:35 AM","CAROLINA",694,0,694
"07/21/2026 06:35 AM","MAYAGUEZ",58,0,58
"07/21/2026 06:35 AM","PONCE",204,0,204
"07/21/2026 06:35 AM","SAN JUAN",1755,0,1755
"07/21/2026 06:35 AM","ARECIBO",742,0,742
"07/21/2026 06:35 AM","BAYAMON",71,0,71
"07/21/2026 06:35 AM","CAGUAS",1638,0,1638
"07/21/2026 06:35 AM","CAROLINA",694,0,694
"07/21/2026 06:35 AM","MAYAGUEZ",58,0,58
"07/21/2026 06:35 AM","PONCE",204,0,204
"07/21/2026 06:35 AM","SAN JUAN",1755,0,1755
"07/21/2026 06:40 AM","ARECIBO",742,0,742
"07/21/2026 06:40 AM","BAYAMON",71,0,71
"07/21/2026 06:40 AM","CAGUAS",1638,0,1638
"07/21/2026 06:40 AM","CAROLINA",695,0,695
"07/21/2026 06:40 AM","MAYAGUEZ",59,0,59
"07/21/2026 06:40 AM","PONCE",204,0,204
"07/21/2026 06:40 AM","SAN JUAN",1670,0,1670
"07/21/2026 06:40 AM","ARECIBO",742,0,742
"07/21/2026 06:40 AM","BAYAMON",71,0,71
"07/21/2026 06:40 AM","CAGUAS",1638,0,1638
"07/21/2026 06:40 AM","CAROLINA",695,0,695
"07/21/2026 06:40 AM","MAYAGUEZ",59,0,59
"07/21/2026 06:40 AM","PONCE",204,0,204
"07/21/2026 06:40 AM","SAN JUAN",1670,0,1670
"07/21/2026 06:45 AM","ARECIBO",742,0,742
"07/21/2026 06:45 AM","BAYAMON",71,0,71
"07/21/2026 06:45 AM","CAGUAS",1638,0,1638
"07/21/2026 06:45 AM","CAROLINA",697,0,697
"07/21/2026 06:45 AM","MAYAGUEZ",59,0,59
"07/21/2026 06:45 AM","PONCE",204,0,204
"07/21/2026 06:45 AM","SAN JUAN",1520,0,1520
"07/21/2026 06:45 AM","ARECIBO",742,0,742
"07/21/2026 06:45 AM","BAYAMON",71,0,71
"07/21/2026 06:45 AM","CAGUAS",1638,0,1638
"07/21/2026 06:45 AM","CAROLINA",697,0,697
"07/21/2026 06:45 AM","MAYAGUEZ",59,0,59
"07/21/2026 06:45 AM","PONCE",204,0,204
"07/21/2026 06:45 AM","SAN JUAN",1520,0,1520
"07/21/2026 06:45 AM","ARECIBO",742,0,742
"07/21/2026 06:45 AM","BAYAMON",71,0,71
"07/21/2026 06:45 AM","CAGUAS",1638,0,1638
"07/21/2026 06:45 AM","CAROLINA",697,0,697
"07/21/2026 06:45 AM","MAYAGUEZ",59,0,59
"07/21/2026 06:45 AM","PONCE",204,0,204
"07/21/2026 06:45 AM","SAN JUAN",1520,0,1520
"07/21/2026 06:50 AM","ARECIBO",742,0,742
"07/21/2026 06:50 AM","BAYAMON",54,0,54
"07/21/2026 06:50 AM","CAGUAS",1638,0,1638
"07/21/2026 06:50 AM","CAROLINA",690,0,690
"07/21/2026 06:50 AM","MAYAGUEZ",63,0,63
"07/21/2026 06:50 AM","PONCE",206,0,206
"07/21/2026 06:50 AM","SAN JUAN",1520,0,1520
"07/21/2026 06:50 AM","ARECIBO",742,0,742
"07/21/2026 06:50 AM","BAYAMON",54,0,54
"07/21/2026 06:50 AM","CAGUAS",1638,0,1638
"07/21/2026 06:50 AM","CAROLINA",690,0,690
"07/21/2026 06:50 AM","MAYAGUEZ",63,0,63
"07/21/2026 06:50 AM","PONCE",206,0,206
"07/21/2026 06:50 AM","SAN JUAN",1520,0,1520
"07/21/2026 06:55 AM","ARECIBO",743,0,743
"07/21/2026 06:55 AM","BAYAMON",19,0,19
"07/21/2026 06:55 AM","CAGUAS",1646,0,1646
"07/21/2026 06:55 AM","CAROLINA",692,0,692
"07/21/2026 06:55 AM","MAYAGUEZ",65,0,65
"07/21/2026 06:55 AM","PONCE",206,0,206
"07/21/2026 06:55 AM","SAN JUAN",978,0,978
"07/21/2026 06:55 AM","ARECIBO",743,0,743
"07/21/2026 06:55 AM","BAYAMON",19,0,19
"07/21/2026 06:55 AM","CAGUAS",1646,0,1646
"07/21/2026 06:55 AM","CAROLINA",692,0,692
"07/21/2026 06:55 AM","MAYAGUEZ",65,0,65
"07/21/2026 06:55 AM","PONCE",206,0,206
"07/21/2026 06:55 AM","SAN JUAN",978,0,978
"07/21/2026 06:55 AM","ARECIBO",743,0,743
"07/21/2026 06:55 AM","BAYAMON",19,0,19
"07/21/2026 06:55 AM","CAGUAS",1646,0,1646
"07/21/2026 06:55 AM","CAROLINA",692,0,692
"07/21/2026 06:55 AM","MAYAGUEZ",65,0,65
"07/21/2026 06:55 AM","PONCE",206,0,206
"07/21/2026 06:55 AM","SAN JUAN",978,0,978
"07/21/2026 07:00 AM","ARECIBO",743,0,743
"07/21/2026 07:00 AM","BAYAMON",99,0,99
"07/21/2026 07:00 AM","CAGUAS",1648,0,1648
"07/21/2026 07:00 AM","CAROLINA",693,0,693
"07/21/2026 07:00 AM","MAYAGUEZ",104,0,104
"07/21/2026 07:00 AM","PONCE",207,0,207
"07/21/2026 07:00 AM","SAN JUAN",975,0,975
"07/21/2026 07:00 AM","ARECIBO",743,0,743
"07/21/2026 07:00 AM","BAYAMON",99,0,99
"07/21/2026 07:00 AM","CAGUAS",1648,0,1648
"07/21/2026 07:00 AM","CAROLINA",693,0,693
"07/21/2026 07:00 AM","MAYAGUEZ",104,0,104
"07/21/2026 07:00 AM","PONCE",207,0,207
"07/21/2026 07:00 AM","SAN JUAN",975,0,975
"07/21/2026 12:05 PM","ARECIBO",1044,176,1220
"07/21/2026 12:05 PM","BAYAMON",186,637,823
"07/21/2026 12:05 PM","CAGUAS",3530,6265,9795
"07/21/2026 12:05 PM","CAROLINA",799,0,799
"07/21/2026 12:05 PM","MAYAGUEZ",3107,51,3158
"07/21/2026 12:05 PM","PONCE",239,2010,2249
"07/21/2026 12:05 PM","SAN JUAN",1918,0,1918
"07/21/2026 12:05 PM","ARECIBO",1044,176,1220
"07/21/2026 12:05 PM","BAYAMON",186,637,823
"07/21/2026 12:05 PM","CAGUAS",3530,6265,9795
"07/21/2026 12:05 PM","CAROLINA",799,0,799
"07/21/2026 12:05 PM","MAYAGUEZ",3107,51,3158
"07/21/2026 12:05 PM","PONCE",239,2010,2249
"07/21/2026 12:05 PM","SAN JUAN",1918,0,1918
"07/21/2026 12:10 PM","ARECIBO",1042,176,1218
"07/21/2026 12:10 PM","BAYAMON",280,637,917
"07/21/2026 12:10 PM","CAGUAS",3529,6265,9794
"07/21/2026 12:10 PM","CAROLINA",774,0,774
"07/21/2026 12:10 PM","MAYAGUEZ",3107,51,3158
"07/21/2026 12:10 PM","PONCE",225,2010,2235
"07/21/2026 12:10 PM","SAN JUAN",2889,0,2889
"07/21/2026 12:10 PM","ARECIBO",1042,176,1218
"07/21/2026 12:10 PM","BAYAMON",280,637,917
"07/21/2026 12:10 PM","CAGUAS",3529,6265,9794
"07/21/2026 12:10 PM","CAROLINA",774,0,774
"07/21/2026 12:10 PM","MAYAGUEZ",3107,51,3158
"07/21/2026 12:10 PM","PONCE",225,2010,2235
"07/21/2026 12:10 PM","SAN JUAN",2889,0,2889
"07/21/2026 12:15 PM","ARECIBO",1042,176,1218
"07/21/2026 12:15 PM","BAYAMON",281,637,918
"07/21/2026 12:15 PM","CAGUAS",3529,6265,9794
"07/21/2026 12:15 PM","CAROLINA",779,0,779
"07/21/2026 12:15 PM","MAYAGUEZ",3108,51,3159
"07/21/2026 12:15 PM","PONCE",231,2010,2241
"07/21/2026 12:15 PM","SAN JUAN",2890,0,2890
"07/21/2026 12:15 PM","ARECIBO",1042,176,1218
"07/21/2026 12:15 PM","BAYAMON",281,637,918
"07/21/2026 12:15 PM","CAGUAS",3529,6265,9794
"07/21/2026 12:15 PM","CAROLINA",779,0,779
"07/21/2026 12:15 PM","MAYAGUEZ",3108,51,3159
"07/21/2026 12:15 PM","PONCE",231,2010,2241
"07/21/2026 12:15 PM","SAN JUAN",2890,0,2890
"07/21/2026 12:15 PM","ARECIBO",1042,176,1218
"07/21/2026 12:15 PM","BAYAMON",281,637,918
"07/21/2026 12:15 PM","CAGUAS",3529,6265,9794
"07/21/2026 12:15 PM","CAROLINA",779,0,779
"07/21/2026 12:15 PM","MAYAGUEZ",3108,51,3159
"07/21/2026 12:15 PM","PONCE",231,2010,2241
"07/21/2026 12:15 PM","SAN JUAN",2890,0,2890
"07/21/2026 12:20 PM","ARECIBO",1042,176,1218
"07/21/2026 12:20 PM","BAYAMON",282,637,919
"07/21/2026 12:20 PM","CAGUAS",3596,6265,9861
"07/21/2026 12:20 PM","CAROLINA",781,0,781
"07/21/2026 12:20 PM","MAYAGUEZ",3111,51,3162
"07/21/2026 12:20 PM","PONCE",233,2010,2243
"07/21/2026 12:20 PM","SAN JUAN",4024,0,4024
"07/21/2026 12:20 PM","ARECIBO",1042,176,1218
"07/21/2026 12:20 PM","BAYAMON",282,637,919
"07/21/2026 12:20 PM","CAGUAS",3596,6265,9861
"07/21/2026 12:20 PM","CAROLINA",781,0,781
"07/21/2026 12:20 PM","MAYAGUEZ",3111,51,3162
"07/21/2026 12:20 PM","PONCE",233,2010,2243
"07/21/2026 12:20 PM","SAN JUAN",4024,0,4024
"07/21/2026 12:25 PM","ARECIBO",1044,176,1220
"07/21/2026 12:25 PM","BAYAMON",281,637,918
"07/21/2026 12:25 PM","CAGUAS",3960,6265,10225
"07/21/2026 12:25 PM","CAROLINA",510,0,510
"07/21/2026 12:25 PM","MAYAGUEZ",3560,51,3611
"07/21/2026 12:25 PM","PONCE",232,2010,2242
"07/21/2026 12:25 PM","SAN JUAN",4055,0,4055
"07/21/2026 12:25 PM","ARECIBO",1044,176,1220
"07/21/2026 12:25 PM","BAYAMON",281,637,918
"07/21/2026 12:25 PM","CAGUAS",3960,6265,10225
"07/21/2026 12:25 PM","CAROLINA",510,0,510
"07/21/2026 12:25 PM","MAYAGUEZ",3560,51,3611
"07/21/2026 12:25 PM","PONCE",232,2010,2242
"07/21/2026 12:25 PM","SAN JUAN",4055,0,4055
"07/21/2026 12:25 PM","ARECIBO",1044,176,1220
"07/21/2026 12:25 PM","BAYAMON",281,637,918
"07/21/2026 12:25 PM","CAGUAS",3960,6265,10225
"07/21/2026 12:25 PM","CAROLINA",510,0,510
"07/21/2026 12:25 PM","MAYAGUEZ",3560,51,3611
"07/21/2026 12:25 PM","PONCE",232,2010,2242
"07/21/2026 12:25 PM","SAN JUAN",4055,0,4055
"07/21/2026 12:30 PM","ARECIBO",1044,176,1220
"07/21/2026 12:30 PM","BAYAMON",281,637,918
"07/21/2026 12:30 PM","CAGUAS",3961,6265,10226
"07/21/2026 12:30 PM","CAROLINA",279,0,279
"07/21/2026 12:30 PM","MAYAGUEZ",3533,51,3584
"07/21/2026 12:30 PM","PONCE",233,2010,2243
"07/21/2026 12:30 PM","SAN JUAN",4057,0,4057
"07/21/2026 12:30 PM","ARECIBO",1044,176,1220
"07/21/2026 12:30 PM","BAYAMON",281,637,918
"07/21/2026 12:30 PM","CAGUAS",3961,6265,10226
"07/21/2026 12:30 PM","CAROLINA",279,0,279
"07/21/2026 12:30 PM","MAYAGUEZ",3533,51,3584
"07/21/2026 12:30 PM","PONCE",233,2010,2243
"07/21/2026 12:30 PM","SAN JUAN",4057,0,4057
"07/21/2026 12:35 PM","ARECIBO",1044,176,1220
"07/21/2026 12:35 PM","BAYAMON",410,637,1047
"07/21/2026 12:35 PM","CAGUAS",3971,6265,10236
"07/21/2026 12:35 PM","CAROLINA",292,0,292
"07/21/2026 12:35 PM","MAYAGUEZ",3535,51,3586
"07/21/2026 12:35 PM","PONCE",235,2010,2245
"07/21/2026 12:35 PM","SAN JUAN",4057,0,4057
"07/21/2026 12:35 PM","ARECIBO",1044,176,1220
"07/21/2026 12:35 PM","BAYAMON",410,637,1047
"07/21/2026 12:35 PM","CAGUAS",3971,6265,10236
"07/21/2026 12:35 PM","CAROLINA",292,0,292
"07/21/2026 12:35 PM","MAYAGUEZ",3535,51,3586
"07/21/2026 12:35 PM","PONCE",235,2010,2245
"07/21/2026 12:35 PM","SAN JUAN",4057,0,4057
"07/21/2026 12:35 PM","ARECIBO",1044,176,1220
"07/21/2026 12:35 PM","BAYAMON",410,637,1047
"07/21/2026 12:35 PM","CAGUAS",3971,6265,10236
"07/21/2026 12:35 PM","CAROLINA",292,0,292
"07/21/2026 12:35 PM","MAYAGUEZ",3535,51,3586
"07/21/2026 12:35 PM","PONCE",235,2010,2245
"07/21/2026 12:35 PM","SAN JUAN",4057,0,4057
"07/21/2026 12:40 PM","ARECIBO",1044,176,1220
"07/21/2026 12:40 PM","BAYAMON",412,637,1049
"07/21/2026 12:40 PM","CAGUAS",3964,6265,10229
"07/21/2026 12:40 PM","CAROLINA",294,0,294
"07/21/2026 12:40 PM","MAYAGUEZ",3534,51,3585
"07/21/2026 12:40 PM","PONCE",223,2013,2236
"07/21/2026 12:40 PM","SAN JUAN",4080,0,4080
"07/21/2026 12:40 PM","ARECIBO",1044,176,1220
"07/21/2026 12:40 PM","BAYAMON",412,637,1049
"07/21/2026 12:40 PM","CAGUAS",3964,6265,10229
"07/21/2026 12:40 PM","CAROLINA",294,0,294
"07/21/2026 12:40 PM","MAYAGUEZ",3534,51,3585
"07/21/2026 12:40 PM","PONCE",223,2013,2236
"07/21/2026 12:40 PM","SAN JUAN",4080,0,4080
"07/21/2026 12:45 PM","ARECIBO",1043,176,1219
"07/21/2026 12:45 PM","BAYAMON",397,637,1034
"07/21/2026 12:45 PM","CAGUAS",4231,6265,10496
"07/21/2026 12:45 PM","CAROLINA",294,0,294
"07/21/2026 12:45 PM","MAYAGUEZ",3543,51,3594
"07/21/2026 12:45 PM","PONCE",222,2013,2235
"07/21/2026 12:45 PM","SAN JUAN",4080,0,4080
"07/21/2026 12:45 PM","ARECIBO",1043,176,1219
"07/21/2026 12:45 PM","BAYAMON",397,637,1034
"07/21/2026 12:45 PM","CAGUAS",4231,6265,10496
"07/21/2026 12:45 PM","CAROLINA",294,0,294
"07/21/2026 12:45 PM","MAYAGUEZ",3543,51,3594
"07/21/2026 12:45 PM","PONCE",222,2013,2235
"07/21/2026 12:45 PM","SAN JUAN",4080,0,4080
"07/21/2026 12:45 PM","ARECIBO",1043,176,1219
"07/21/2026 12:45 PM","BAYAMON",397,637,1034
"07/21/2026 12:45 PM","CAGUAS",4231,6265,10496
"07/21/2026 12:45 PM","CAROLINA",294,0,294
"07/21/2026 12:45 PM","MAYAGUEZ",3543,51,3594
"07/21/2026 12:45 PM","PONCE",222,2013,2235
"07/21/2026 12:45 PM","SAN JUAN",4080,0,4080
"07/21/2026 12:50 PM","ARECIBO",930,176,1106
"07/21/2026 12:50 PM","BAYAMON",391,640,1031
"07/21/2026 12:50 PM","CAGUAS",2624,6265,8889
"07/21/2026 12:50 PM","CAROLINA",227,0,227
"07/21/2026 12:50 PM","MAYAGUEZ",3544,51,3595
"07/21/2026 12:50 PM","PONCE",223,2013,2236
"07/21/2026 12:50 PM","SAN JUAN",3962,0,3962
"07/21/2026 12:50 PM","ARECIBO",930,176,1106
"07/21/2026 12:50 PM","BAYAMON",391,640,1031
"07/21/2026 12:50 PM","CAGUAS",2624,6265,8889
"07/21/2026 12:50 PM","CAROLINA",227,0,227
"07/21/2026 12:50 PM","MAYAGUEZ",3544,51,3595
"07/21/2026 12:50 PM","PONCE",223,2013,2236
"07/21/2026 12:50 PM","SAN JUAN",3962,0,3962
"07/21/2026 12:55 PM","ARECIBO",930,176,1106
"07/21/2026 12:55 PM","BAYAMON",390,654,1044
"07/21/2026 12:55 PM","CAGUAS",2628,6265,8893
"07/21/2026 12:55 PM","CAROLINA",229,0,229
"07/21/2026 12:55 PM","MAYAGUEZ",3534,51,3585
"07/21/2026 12:55 PM","PONCE",224,2013,2237
"07/21/2026 12:55 PM","SAN JUAN",3967,0,3967
"07/21/2026 12:55 PM","ARECIBO",930,176,1106
"07/21/2026 12:55 PM","BAYAMON",390,654,1044
"07/21/2026 12:55 PM","CAGUAS",2628,6265,8893
"07/21/2026 12:55 PM","CAROLINA",229,0,229
"07/21/2026 12:55 PM","MAYAGUEZ",3534,51,3585
"07/21/2026 12:55 PM","PONCE",224,2013,2237
"07/21/2026 12:55 PM","SAN JUAN",3967,0,3967
"07/21/2026 01:00 PM","ARECIBO",867,176,1043
"07/21/2026 01:00 PM","BAYAMON",390,654,1044
"07/21/2026 01:00 PM","CAGUAS",2654,6265,8919
"07/21/2026 01:00 PM","CAROLINA",229,0,229
"07/21/2026 01:00 PM","MAYAGUEZ",3807,51,3858
"07/21/2026 01:00 PM","PONCE",226,2013,2239
"07/21/2026 01:00 PM","SAN JUAN",3966,0,3966
"07/21/2026 01:00 PM","ARECIBO",867,176,1043
"07/21/2026 01:00 PM","BAYAMON",390,654,1044
"07/21/2026 01:00 PM","CAGUAS",2654,6265,8919
"07/21/2026 01:00 PM","CAROLINA",229,0,229
"07/21/2026 01:00 PM","MAYAGUEZ",3807,51,3858
"07/21/2026 01:00 PM","PONCE",226,2013,2239
"07/21/2026 01:00 PM","SAN JUAN",3966,0,3966
"07/21/2026 04:50 PM","ARECIBO",104,0,104
"07/21/2026 04:50 PM","BAYAMON",213,640,853
"07/21/2026 04:50 PM","CAGUAS",8363,240,8603
"07/21/2026 04:50 PM","CAROLINA",74,14,88
"07/21/2026 04:50 PM","MAYAGUEZ",7834,0,7834
"07/21/2026 04:50 PM","PONCE",11553,1957,13510
"07/21/2026 04:50 PM","SAN JUAN",6382,0,6382
"07/21/2026 04:50 PM","ARECIBO",104,0,104
"07/21/2026 04:50 PM","BAYAMON",213,640,853
"07/21/2026 04:50 PM","CAGUAS",8363,240,8603
"07/21/2026 04:50 PM","CAROLINA",74,14,88
"07/21/2026 04:50 PM","MAYAGUEZ",7834,0,7834
"07/21/2026 04:50 PM","PONCE",11553,1957,13510
"07/21/2026 04:50 PM","SAN JUAN",6382,0,6382
"07/21/2026 04:55 PM","ARECIBO",105,0,105
"07/21/2026 04:55 PM","BAYAMON",212,641,853
"07/21/2026 04:55 PM","CAGUAS",8364,240,8604
"07/21/2026 04:55 PM","CAROLINA",74,14,88
"07/21/2026 04:55 PM","MAYAGUEZ",7852,0,7852
"07/21/2026 04:55 PM","PONCE",6436,1957,8393
"07/21/2026 04:55 PM","SAN JUAN",137,0,137
"07/21/2026 04:55 PM","ARECIBO",105,0,105
"07/21/2026 04:55 PM","BAYAMON",212,641,853
"07/21/2026 04:55 PM","CAGUAS",8364,240,8604
"07/21/2026 04:55 PM","CAROLINA",74,14,88
"07/21/2026 04:55 PM","MAYAGUEZ",7852,0,7852
"07/21/2026 04:55 PM","PONCE",6436,1957,8393
"07/21/2026 04:55 PM","SAN JUAN",137,0,137
"07/21/2026 05:00 PM","ARECIBO",106,0,106
"07/21/2026 05:00 PM","BAYAMON",222,641,863
"07/21/2026 05:00 PM","CAGUAS",8403,240,8643
"07/21/2026 05:00 PM","CAROLINA",16,14,30
"07/21/2026 05:00 PM","MAYAGUEZ",7853,0,7853
"07/21/2026 05:00 PM","PONCE",6437,1957,8394
"07/21/2026 05:00 PM","SAN JUAN",185,0,185
"07/21/2026 05:00 PM","ARECIBO",106,0,106
"07/21/2026 05:00 PM","BAYAMON",222,641,863
"07/21/2026 05:00 PM","CAGUAS",8403,240,8643
"07/21/2026 05:00 PM","CAROLINA",16,14,30
"07/21/2026 05:00 PM","MAYAGUEZ",7853,0,7853
"07/21/2026 05:00 PM","PONCE",6437,1957,8394
"07/21/2026 05:00 PM","SAN JUAN",185,0,185
"07/21/2026 05:00 PM","ARECIBO",106,0,106
"07/21/2026 05:00 PM","BAYAMON",222,641,863
"07/21/2026 05:00 PM","CAGUAS",8403,240,8643
"07/21/2026 05:00 PM","CAROLINA",16,14,30
"07/21/2026 05:00 PM","MAYAGUEZ",7853,0,7853
"07/21/2026 05:00 PM","PONCE",6437,1957,8394
"07/21/2026 05:00 PM","SAN JUAN",185,0,185
"07/21/2026 05:05 PM","ARECIBO",84,0,84
"07/21/2026 05:05 PM","BAYAMON",202,641,843
"07/21/2026 05:05 PM","CAGUAS",8391,240,8631
"07/21/2026 05:05 PM","CAROLINA",16,14,30
"07/21/2026 05:05 PM","MAYAGUEZ",7858,0,7858
"07/21/2026 05:05 PM","PONCE",6438,1957,8395
"07/21/2026 05:05 PM","SAN JUAN",159,0,159
"07/21/2026 05:05 PM","ARECIBO",84,0,84
"07/21/2026 05:05 PM","BAYAMON",202,641,843
"07/21/2026 05:05 PM","CAGUAS",8391,240,8631
"07/21/2026 05:05 PM","CAROLINA",16,14,30
"07/21/2026 05:05 PM","MAYAGUEZ",7858,0,7858
"07/21/2026 05:05 PM","PONCE",6438,1957,8395
"07/21/2026 05:05 PM","SAN JUAN",159,0,159
"07/21/2026 05:10 PM","ARECIBO",84,0,84
"07/21/2026 05:10 PM","BAYAMON",350,641,991
"07/21/2026 05:10 PM","CAGUAS",7797,240,8037
"07/21/2026 05:10 PM","CAROLINA",16,14,30
"07/21/2026 05:10 PM","MAYAGUEZ",7861,0,7861
"07/21/2026 05:10 PM","PONCE",6438,1957,8395
"07/21/2026 05:10 PM","SAN JUAN",129,0,129
"07/21/2026 05:10 PM","ARECIBO",84,0,84
"07/21/2026 05:10 PM","BAYAMON",350,641,991
"07/21/2026 05:10 PM","CAGUAS",7797,240,8037
"07/21/2026 05:10 PM","CAROLINA",16,14,30
"07/21/2026 05:10 PM","MAYAGUEZ",7861,0,7861
"07/21/2026 05:10 PM","PONCE",6438,1957,8395
"07/21/2026 05:10 PM","SAN JUAN",129,0,129
"07/21/2026 05:10 PM","ARECIBO",84,0,84
"07/21/2026 05:10 PM","BAYAMON",350,641,991
"07/21/2026 05:10 PM","CAGUAS",7797,240,8037
"07/21/2026 05:10 PM","CAROLINA",16,14,30
"07/21/2026 05:10 PM","MAYAGUEZ",7861,0,7861
"07/21/2026 05:10 PM","PONCE",6438,1957,8395
"07/21/2026 05:10 PM","SAN JUAN",129,0,129
"07/21/2026 05:15 PM","ARECIBO",84,0,84
"07/21/2026 05:15 PM","BAYAMON",351,641,992
"07/21/2026 05:15 PM","CAGUAS",7798,240,8038
"07/21/2026 05:15 PM","CAROLINA",16,14,30
"07/21/2026 05:15 PM","MAYAGUEZ",1468,0,1468
"07/21/2026 05:15 PM","PONCE",6437,1957,8394
"07/21/2026 05:15 PM","SAN JUAN",128,0,128
"07/21/2026 05:15 PM","ARECIBO",84,0,84
"07/21/2026 05:15 PM","BAYAMON",351,641,992
"07/21/2026 05:15 PM","CAGUAS",7798,240,8038
"07/21/2026 05:15 PM","CAROLINA",16,14,30
"07/21/2026 05:15 PM","MAYAGUEZ",1468,0,1468
"07/21/2026 05:15 PM","PONCE",6437,1957,8394
"07/21/2026 05:15 PM","SAN JUAN",128,0,128
"07/21/2026 05:20 PM","ARECIBO",119,0,119
"07/21/2026 05:20 PM","BAYAMON",344,641,985
"07/21/2026 05:20 PM","CAGUAS",1970,240,2210
"07/21/2026 05:20 PM","CAROLINA",15,14,29
"07/21/2026 05:20 PM","MAYAGUEZ",1466,0,1466
"07/21/2026 05:20 PM","PONCE",6435,1957,8392
"07/21/2026 05:20 PM","SAN JUAN",130,0,130
"07/21/2026 05:20 PM","ARECIBO",119,0,119
"07/21/2026 05:20 PM","BAYAMON",344,641,985
"07/21/2026 05:20 PM","CAGUAS",1970,240,2210
"07/21/2026 05:20 PM","CAROLINA",15,14,29
"07/21/2026 05:20 PM","MAYAGUEZ",1466,0,1466
"07/21/2026 05:20 PM","PONCE",6435,1957,8392
"07/21/2026 05:20 PM","SAN JUAN",130,0,130
"07/21/2026 05:20 PM","ARECIBO",119,0,119
"07/21/2026 05:20 PM","BAYAMON",344,641,985
"07/21/2026 05:20 PM","CAGUAS",1970,240,2210
"07/21/2026 05:20 PM","CAROLINA",15,14,29
"07/21/2026 05:20 PM","MAYAGUEZ",1466,0,1466
"07/21/2026 05:20 PM","PONCE",6435,1957,8392
"07/21/2026 05:20 PM","SAN JUAN",130,0,130
"07/21/2026 05:25 PM","ARECIBO",161,0,161
"07/21/2026 05:25 PM","BAYAMON",184,641,825
"07/21/2026 05:25 PM","CAGUAS",1113,240,1353
"07/21/2026 05:25 PM","CAROLINA",15,14,29
"07/21/2026 05:25 PM","MAYAGUEZ",1467,0,1467
"07/21/2026 05:25 PM","PONCE",6435,1957,8392
"07/21/2026 05:25 PM","SAN JUAN",55,0,55
"07/21/2026 05:25 PM","ARECIBO",161,0,161
"07/21/2026 05:25 PM","BAYAMON",184,641,825
"07/21/2026 05:25 PM","CAGUAS",1113,240,1353
"07/21/2026 05:25 PM","CAROLINA",15,14,29
"07/21/2026 05:25 PM","MAYAGUEZ",1467,0,1467
"07/21/2026 05:25 PM","PONCE",6435,1957,8392
"07/21/2026 05:25 PM","SAN JUAN",55,0,55
"07/21/2026 05:30 PM","ARECIBO",161,0,161
"07/21/2026 05:30 PM","BAYAMON",179,641,820
"07/21/2026 05:30 PM","CAGUAS",1113,240,1353
"07/21/2026 05:30 PM","CAROLINA",15,14,29
"07/21/2026 05:30 PM","MAYAGUEZ",1469,0,1469
"07/21/2026 05:30 PM","PONCE",6434,1924,8358
"07/21/2026 05:30 PM","SAN JUAN",54,0,54
"07/21/2026 05:30 PM","ARECIBO",161,0,161
"07/21/2026 05:30 PM","BAYAMON",179,641,820
"07/21/2026 05:30 PM","CAGUAS",1113,240,1353
"07/21/2026 05:30 PM","CAROLINA",15,14,29
"07/21/2026 05:30 PM","MAYAGUEZ",1469,0,1469
"07/21/2026 05:30 PM","PONCE",6434,1924,8358
"07/21/2026 05:30 PM","SAN JUAN",54,0,54
"07/21/2026 05:30 PM","ARECIBO",161,0,161
"07/21/2026 05:30 PM","BAYAMON",179,641,820
"07/21/2026 05:30 PM","CAGUAS",1113,240,1353
"07/21/2026 05:30 PM","CAROLINA",15,14,29
"07/21/2026 05:30 PM","MAYAGUEZ",1469,0,1469
"07/21/2026 05:30 PM","PONCE",6434,1924,8358
"07/21/2026 05:30 PM","SAN JUAN",54,0,54
"07/21/2026 05:35 PM","ARECIBO",160,0,160
"07/21/2026 05:35 PM","BAYAMON",191,643,834
"07/21/2026 05:35 PM","CAGUAS",1039,240,1279
"07/21/2026 05:35 PM","CAROLINA",19,14,33
"07/21/2026 05:35 PM","MAYAGUEZ",1540,0,1540
"07/21/2026 05:35 PM","PONCE",6436,1924,8360
"07/21/2026 05:35 PM","SAN JUAN",55,0,55
"07/21/2026 05:35 PM","ARECIBO",160,0,160
"07/21/2026 05:35 PM","BAYAMON",191,643,834
"07/21/2026 05:35 PM","CAGUAS",1039,240,1279
"07/21/2026 05:35 PM","CAROLINA",19,14,33
"07/21/2026 05:35 PM","MAYAGUEZ",1540,0,1540
"07/21/2026 05:35 PM","PONCE",6436,1924,8360
"07/21/2026 05:35 PM","SAN JUAN",55,0,55
"07/21/2026 05:40 PM","ARECIBO",162,0,162
"07/21/2026 05:40 PM","BAYAMON",185,643,828
"07/21/2026 05:40 PM","CAGUAS",1038,240,1278
"07/21/2026 05:40 PM","CAROLINA",20,14,34
"07/21/2026 05:40 PM","MAYAGUEZ",5331,0,5331
"07/21/2026 05:40 PM","PONCE",6437,1924,8361
"07/21/2026 05:40 PM","SAN JUAN",55,0,55
"07/21/2026 05:40 PM","ARECIBO",162,0,162
"07/21/2026 05:40 PM","BAYAMON",185,643,828
"07/21/2026 05:40 PM","CAGUAS",1038,240,1278
"07/21/2026 05:40 PM","CAROLINA",20,14,34
"07/21/2026 05:40 PM","MAYAGUEZ",5331,0,5331
"07/21/2026 05:40 PM","PONCE",6437,1924,8361
"07/21/2026 05:40 PM","SAN JUAN",55,0,55
"07/21/2026 05:40 PM","ARECIBO",162,0,162
"07/21/2026 05:40 PM","BAYAMON",185,643,828
"07/21/2026 05:40 PM","CAGUAS",1038,240,1278
"07/21/2026 05:40 PM","CAROLINA",20,14,34
"07/21/2026 05:40 PM","MAYAGUEZ",5331,0,5331
"07/21/2026 05:40 PM","PONCE",6437,1924,8361
"07/21/2026 05:40 PM","SAN JUAN",55,0,55
"07/21/2026 05:45 PM","ARECIBO",162,0,162
"07/21/2026 05:45 PM","BAYAMON",186,643,829
"07/21/2026 05:45 PM","CAGUAS",1038,240,1278
"07/21/2026 05:45 PM","CAROLINA",20,14,34
"07/21/2026 05:45 PM","MAYAGUEZ",5332,0,5332
"07/21/2026 05:45 PM","PONCE",6417,1586,8003
"07/21/2026 05:45 PM","SAN JUAN",54,0,54
"07/21/2026 08:05 PM","ARECIBO",569,0,569
"07/21/2026 08:05 PM","BAYAMON",234,116,350
"07/21/2026 08:05 PM","CAGUAS",1090,85,1175
"07/21/2026 08:05 PM","CAROLINA",3,0,3
"07/21/2026 08:05 PM","MAYAGUEZ",4687,0,4687
"07/21/2026 08:05 PM","PONCE",234,0,234
"07/21/2026 08:05 PM","SAN JUAN",95,0,95
"07/21/2026 08:10 PM","ARECIBO",569,0,569
"07/21/2026 08:10 PM","BAYAMON",234,116,350
"07/21/2026 08:10 PM","CAGUAS",1090,85,1175
"07/21/2026 08:10 PM","CAROLINA",3,0,3
"07/21/2026 08:10 PM","MAYAGUEZ",4687,0,4687
"07/21/2026 08:10 PM","PONCE",235,0,235
"07/21/2026 08:10 PM","SAN JUAN",96,0,96
"07/21/2026 08:10 PM","ARECIBO",569,0,569
"07/21/2026 08:10 PM","BAYAMON",234,116,350
"07/21/2026 08:10 PM","CAGUAS",1090,85,1175
"07/21/2026 08:10 PM","CAROLINA",3,0,3
"07/21/2026 08:10 PM","MAYAGUEZ",4687,0,4687
"07/21/2026 08:10 PM","PONCE",235,0,235
"07/21/2026 08:10 PM","SAN JUAN",96,0,96
"07/21/2026 08:15 PM","ARECIBO",173,0,173
"07/21/2026 08:15 PM","BAYAMON",234,116,350
"07/21/2026 08:15 PM","CAGUAS",1091,85,1176
"07/21/2026 08:15 PM","CAROLINA",2,0,2
"07/21/2026 08:15 PM","MAYAGUEZ",4688,0,4688
"07/21/2026 08:15 PM","PONCE",238,0,238
"07/21/2026 08:15 PM","SAN JUAN",96,0,96
"07/21/2026 08:15 PM","ARECIBO",173,0,173
"07/21/2026 08:15 PM","BAYAMON",234,116,350
"07/21/2026 08:15 PM","CAGUAS",1091,85,1176
"07/21/2026 08:15 PM","CAROLINA",2,0,2
"07/21/2026 08:15 PM","MAYAGUEZ",4688,0,4688
"07/21/2026 08:15 PM","PONCE",238,0,238
"07/21/2026 08:15 PM","SAN JUAN",96,0,96
"07/21/2026 08:20 PM","ARECIBO",210,0,210
"07/21/2026 08:20 PM","BAYAMON",234,116,350
"07/21/2026 08:20 PM","CAGUAS",1094,85,1179
"07/21/2026 08:20 PM","CAROLINA",3,0,3
"07/21/2026 08:20 PM","MAYAGUEZ",4688,0,4688
"07/21/2026 08:20 PM","PONCE",244,0,244
"07/21/2026 08:20 PM","SAN JUAN",171,0,171
"07/21/2026 08:20 PM","ARECIBO",210,0,210
"07/21/2026 08:20 PM","BAYAMON",234,116,350
"07/21/2026 08:20 PM","CAGUAS",1094,85,1179
"07/21/2026 08:20 PM","CAROLINA",3,0,3
"07/21/2026 08:20 PM","MAYAGUEZ",4688,0,4688
"07/21/2026 08:20 PM","PONCE",244,0,244
"07/21/2026 08:20 PM","SAN JUAN",171,0,171
"07/21/2026 08:20 PM","ARECIBO",210,0,210
"07/21/2026 08:20 PM","BAYAMON",234,116,350
"07/21/2026 08:20 PM","CAGUAS",1094,85,1179
"07/21/2026 08:20 PM","CAROLINA",3,0,3
"07/21/2026 08:20 PM","MAYAGUEZ",4688,0,4688
"07/21/2026 08:20 PM","PONCE",244,0,244
"07/21/2026 08:20 PM","SAN JUAN",171,0,171
"07/21/2026 08:25 PM","ARECIBO",110,0,110
"07/21/2026 08:25 PM","BAYAMON",234,116,350
"07/21/2026 08:25 PM","CAGUAS",1027,0,1027
"07/21/2026 08:25 PM","CAROLINA",3,0,3
"07/21/2026 08:25 PM","MAYAGUEZ",4688,0,4688
"07/21/2026 08:25 PM","PONCE",253,0,253
"07/21/2026 08:25 PM","SAN JUAN",170,0,170
"07/21/2026 08:25 PM","ARECIBO",110,0,110
"07/21/2026 08:25 PM","BAYAMON",234,116,350
"07/21/2026 08:25 PM","CAGUAS",1027,0,1027
"07/21/2026 08:25 PM","CAROLINA",3,0,3
"07/21/2026 08:25 PM","MAYAGUEZ",4688,0,4688
"07/21/2026 08:25 PM","PONCE",253,0,253
"07/21/2026 08:25 PM","SAN JUAN",170,0,170
"07/21/2026 08:30 PM","ARECIBO",110,0,110
"07/21/2026 08:30 PM","BAYAMON",305,116,421
"07/21/2026 08:30 PM","CAGUAS",1027,0,1027
"07/21/2026 08:30 PM","CAROLINA",3,0,3
"07/21/2026 08:30 PM","MAYAGUEZ",4688,0,4688
"07/21/2026 08:30 PM","PONCE",255,0,255
"07/21/2026 08:30 PM","SAN JUAN",171,0,171
"07/21/2026 08:30 PM","ARECIBO",110,0,110
"07/21/2026 08:30 PM","BAYAMON",305,116,421
"07/21/2026 08:30 PM","CAGUAS",1027,0,1027
"07/21/2026 08:30 PM","CAROLINA",3,0,3
"07/21/2026 08:30 PM","MAYAGUEZ",4688,0,4688
"07/21/2026 08:30 PM","PONCE",255,0,255
"07/21/2026 08:30 PM","SAN JUAN",171,0,171
"07/21/2026 08:30 PM","ARECIBO",110,0,110
"07/21/2026 08:30 PM","BAYAMON",305,116,421
"07/21/2026 08:30 PM","CAGUAS",1027,0,1027
"07/21/2026 08:30 PM","CAROLINA",3,0,3
"07/21/2026 08:30 PM","MAYAGUEZ",4688,0,4688
"07/21/2026 08:30 PM","PONCE",255,0,255
"07/21/2026 08:30 PM","SAN JUAN",171,0,171
"07/21/2026 08:35 PM","ARECIBO",110,0,110
"07/21/2026 08:35 PM","BAYAMON",429,116,545
"07/21/2026 08:35 PM","CAGUAS",1030,0,1030
"07/21/2026 08:35 PM","CAROLINA",3,0,3
"07/21/2026 08:35 PM","MAYAGUEZ",4689,0,4689
"07/21/2026 08:35 PM","PONCE",257,0,257
"07/21/2026 08:35 PM","SAN JUAN",170,0,170
"07/21/2026 08:35 PM","ARECIBO",110,0,110
"07/21/2026 08:35 PM","BAYAMON",429,116,545
"07/21/2026 08:35 PM","CAGUAS",1030,0,1030
"07/21/2026 08:35 PM","CAROLINA",3,0,3
"07/21/2026 08:35 PM","MAYAGUEZ",4689,0,4689
"07/21/2026 08:35 PM","PONCE",257,0,257
"07/21/2026 08:35 PM","SAN JUAN",170,0,170
"07/21/2026 08:40 PM","ARECIBO",111,0,111
"07/21/2026 08:40 PM","BAYAMON",429,116,545
"07/21/2026 08:40 PM","CAGUAS",1070,0,1070
"07/21/2026 08:40 PM","CAROLINA",3,0,3
"07/21/2026 08:40 PM","MAYAGUEZ",4688,0,4688
"07/21/2026 08:40 PM","PONCE",261,0,261
"07/21/2026 08:40 PM","SAN JUAN",171,0,171
"07/21/2026 08:40 PM","ARECIBO",111,0,111
"07/21/2026 08:40 PM","BAYAMON",429,116,545
"07/21/2026 08:40 PM","CAGUAS",1070,0,1070
"07/21/2026 08:40 PM","CAROLINA",3,0,3
"07/21/2026 08:40 PM","MAYAGUEZ",4688,0,4688
"07/21/2026 08:40 PM","PONCE",261,0,261
"07/21/2026 08:40 PM","SAN JUAN",171,0,171
"07/21/2026 08:40 PM","ARECIBO",111,0,111
"07/21/2026 08:40 PM","BAYAMON",429,116,545
"07/21/2026 08:40 PM","CAGUAS",1070,0,1070
"07/21/2026 08:40 PM","CAROLINA",3,0,3
"07/21/2026 08:40 PM","MAYAGUEZ",4688,0,4688
"07/21/2026 08:40 PM","PONCE",261,0,261
"07/21/2026 08:40 PM","SAN JUAN",171,0,171
"07/21/2026 08:45 PM","ARECIBO",111,0,111
"07/21/2026 08:45 PM","BAYAMON",430,116,546
"07/21/2026 08:45 PM","CAGUAS",1069,0,1069
"07/21/2026 08:45 PM","CAROLINA",3,0,3
"07/21/2026 08:45 PM","MAYAGUEZ",4688,0,4688
"07/21/2026 08:45 PM","PONCE",262,0,262
"07/21/2026 08:45 PM","SAN JUAN",171,0,171
"07/21/2026 08:45 PM","ARECIBO",111,0,111
"07/21/2026 08:45 PM","BAYAMON",430,116,546
"07/21/2026 08:45 PM","CAGUAS",1069,0,1069
"07/21/2026 08:45 PM","CAROLINA",3,0,3
"07/21/2026 08:45 PM","MAYAGUEZ",4688,0,4688
"07/21/2026 08:45 PM","PONCE",262,0,262
"07/21/2026 08:45 PM","SAN JUAN",171,0,171
"07/21/2026 08:50 PM","ARECIBO",110,0,110
"07/21/2026 08:50 PM","BAYAMON",429,116,545
"07/21/2026 08:50 PM","CAGUAS",824,0,824
"07/21/2026 08:50 PM","CAROLINA",3,0,3
"07/21/2026 08:50 PM","MAYAGUEZ",4688,0,4688
"07/21/2026 08:50 PM","PONCE",265,0,265
"07/21/2026 08:50 PM","SAN JUAN",171,0,171
"07/21/2026 08:50 PM","ARECIBO",110,0,110
"07/21/2026 08:50 PM","BAYAMON",429,116,545
"07/21/2026 08:50 PM","CAGUAS",824,0,824
"07/21/2026 08:50 PM","CAROLINA",3,0,3
"07/21/2026 08:50 PM","MAYAGUEZ",4688,0,4688
"07/21/2026 08:50 PM","PONCE",265,0,265
"07/21/2026 08:50 PM","SAN JUAN",171,0,171
"07/21/2026 08:50 PM","ARECIBO",110,0,110
"07/21/2026 08:50 PM","BAYAMON",429,116,545
"07/21/2026 08:50 PM","CAGUAS",824,0,824
"07/21/2026 08:50 PM","CAROLINA",3,0,3
"07/21/2026 08:50 PM","MAYAGUEZ",4688,0,4688
"07/21/2026 08:50 PM","PONCE",265,0,265
"07/21/2026 08:50 PM","SAN JUAN",171,0,171
"07/21/2026 08:55 PM","ARECIBO",110,0,110
"07/21/2026 08:55 PM","BAYAMON",429,116,545
"07/21/2026 08:55 PM","CAGUAS",825,0,825
"07/21/2026 08:55 PM","CAROLINA",3,0,3
"07/21/2026 08:55 PM","MAYAGUEZ",4688,0,4688
"07/21/2026 08:55 PM","PONCE",319,0,319
"07/21/2026 08:55 PM","SAN JUAN",174,0,174
"07/21/2026 08:55 PM","ARECIBO",110,0,110
"07/21/2026 08:55 PM","BAYAMON",429,116,545
"07/21/2026 08:55 PM","CAGUAS",825,0,825
"07/21/2026 08:55 PM","CAROLINA",3,0,3
"07/21/2026 08:55 PM","MAYAGUEZ",4688,0,4688
"07/21/2026 08:55 PM","PONCE",319,0,319
"07/21/2026 08:55 PM","SAN JUAN",174,0,174
"07/21/2026 09:00 PM","ARECIBO",110,0,110
"07/21/2026 09:00 PM","BAYAMON",429,116,545
"07/21/2026 09:00 PM","CAGUAS",825,0,825
"07/21/2026 09:00 PM","CAROLINA",3,0,3
"07/21/2026 09:00 PM","MAYAGUEZ",4688,0,4688
"07/21/2026 09:00 PM","PONCE",321,0,321
"07/21/2026 09:00 PM","SAN JUAN",174,0,174
"07/21/2026 09:00 PM","ARECIBO",110,0,110
"07/21/2026 09:00 PM","BAYAMON",429,116,545
"07/21/2026 09:00 PM","CAGUAS",825,0,825
"07/21/2026 09:00 PM","CAROLINA",3,0,3
"07/21/2026 09:00 PM","MAYAGUEZ",4688,0,4688
"07/21/2026 09:00 PM","PONCE",321,0,321
"07/21/2026 09:00 PM","SAN JUAN",174,0,174
"07/21/2026 09:00 PM","ARECIBO",110,0,110
"07/21/2026 09:00 PM","BAYAMON",429,116,545
"07/21/2026 09:00 PM","CAGUAS",825,0,825
"07/21/2026 09:00 PM","CAROLINA",3,0,3
"07/21/2026 09:00 PM","MAYAGUEZ",4688,0,4688
"07/21/2026 09:00 PM","PONCE",321,0,321
"07/21/2026 09:00 PM","SAN JUAN",174,0,174
"07/22/2026 06:05 AM","ARECIBO",200,0,200
"07/22/2026 06:05 AM","BAYAMON",148,0,148
"07/22/2026 06:05 AM","CAGUAS",380,0,380
"07/22/2026 06:05 AM","CAROLINA",78,0,78
"07/22/2026 06:05 AM","MAYAGUEZ",92,0,92
"07/22/2026 06:05 AM","PONCE",624,0,624
"07/22/2026 06:05 AM","SAN JUAN",23,0,23
"07/22/2026 06:10 AM","ARECIBO",200,0,200
"07/22/2026 06:10 AM","BAYAMON",149,0,149
"07/22/2026 06:10 AM","CAGUAS",460,0,460
"07/22/2026 06:10 AM","CAROLINA",78,0,78
"07/22/2026 06:10 AM","MAYAGUEZ",93,0,93
"07/22/2026 06:10 AM","PONCE",624,0,624
"07/22/2026 06:10 AM","SAN JUAN",69,0,69
"07/22/2026 06:10 AM","ARECIBO",200,0,200
"07/22/2026 06:10 AM","BAYAMON",149,0,149
"07/22/2026 06:10 AM","CAGUAS",460,0,460
"07/22/2026 06:10 AM","CAROLINA",78,0,78
"07/22/2026 06:10 AM","MAYAGUEZ",93,0,93
"07/22/2026 06:10 AM","PONCE",624,0,624
"07/22/2026 06:10 AM","SAN JUAN",69,0,69
"07/22/2026 06:10 AM","ARECIBO",200,0,200
"07/22/2026 06:10 AM","BAYAMON",149,0,149
"07/22/2026 06:10 AM","CAGUAS",460,0,460
"07/22/2026 06:10 AM","CAROLINA",78,0,78
"07/22/2026 06:10 AM","MAYAGUEZ",93,0,93
"07/22/2026 06:10 AM","PONCE",624,0,624
"07/22/2026 06:10 AM","SAN JUAN",69,0,69
"07/22/2026 06:15 AM","ARECIBO",201,0,201
"07/22/2026 06:15 AM","BAYAMON",149,0,149
"07/22/2026 06:15 AM","CAGUAS",460,0,460
"07/22/2026 06:15 AM","CAROLINA",78,0,78
"07/22/2026 06:15 AM","MAYAGUEZ",94,0,94
"07/22/2026 06:15 AM","PONCE",624,0,624
"07/22/2026 06:15 AM","SAN JUAN",69,0,69
"07/22/2026 06:15 AM","ARECIBO",201,0,201
"07/22/2026 06:15 AM","BAYAMON",149,0,149
"07/22/2026 06:15 AM","CAGUAS",460,0,460
"07/22/2026 06:15 AM","CAROLINA",78,0,78
"07/22/2026 06:15 AM","MAYAGUEZ",94,0,94
"07/22/2026 06:15 AM","PONCE",624,0,624
"07/22/2026 06:15 AM","SAN JUAN",69,0,69
"07/22/2026 06:20 AM","ARECIBO",214,0,214
"07/22/2026 06:20 AM","BAYAMON",163,0,163
"07/22/2026 06:20 AM","CAGUAS",460,0,460
"07/22/2026 06:20 AM","CAROLINA",79,0,79
"07/22/2026 06:20 AM","MAYAGUEZ",93,0,93
"07/22/2026 06:20 AM","PONCE",626,0,626
"07/22/2026 06:20 AM","SAN JUAN",25,0,25
"07/22/2026 06:20 AM","ARECIBO",214,0,214
"07/22/2026 06:20 AM","BAYAMON",163,0,163
"07/22/2026 06:20 AM","CAGUAS",460,0,460
"07/22/2026 06:20 AM","CAROLINA",79,0,79
"07/22/2026 06:20 AM","MAYAGUEZ",93,0,93
"07/22/2026 06:20 AM","PONCE",626,0,626
"07/22/2026 06:20 AM","SAN JUAN",25,0,25
"07/22/2026 06:20 AM","ARECIBO",214,0,214
"07/22/2026 06:20 AM","BAYAMON",163,0,163
"07/22/2026 06:20 AM","CAGUAS",460,0,460
"07/22/2026 06:20 AM","CAROLINA",79,0,79
"07/22/2026 06:20 AM","MAYAGUEZ",93,0,93
"07/22/2026 06:20 AM","PONCE",626,0,626
"07/22/2026 06:20 AM","SAN JUAN",25,0,25
"07/22/2026 06:25 AM","ARECIBO",215,0,215
"07/22/2026 06:25 AM","BAYAMON",162,0,162
"07/22/2026 06:25 AM","CAGUAS",619,0,619
"07/22/2026 06:25 AM","CAROLINA",80,0,80
"07/22/2026 06:25 AM","MAYAGUEZ",93,0,93
"07/22/2026 06:25 AM","PONCE",626,0,626
"07/22/2026 06:25 AM","SAN JUAN",26,0,26
"07/22/2026 06:25 AM","ARECIBO",215,0,215
"07/22/2026 06:25 AM","BAYAMON",162,0,162
"07/22/2026 06:25 AM","CAGUAS",619,0,619
"07/22/2026 06:25 AM","CAROLINA",80,0,80
"07/22/2026 06:25 AM","MAYAGUEZ",93,0,93
"07/22/2026 06:25 AM","PONCE",626,0,626
"07/22/2026 06:25 AM","SAN JUAN",26,0,26
"07/22/2026 06:30 AM","ARECIBO",216,0,216
"07/22/2026 06:30 AM","BAYAMON",161,0,161
"07/22/2026 06:30 AM","CAGUAS",619,0,619
"07/22/2026 06:30 AM","CAROLINA",81,0,81
"07/22/2026 06:30 AM","MAYAGUEZ",93,0,93
"07/22/2026 06:30 AM","PONCE",626,0,626
"07/22/2026 06:30 AM","SAN JUAN",75,0,75
"07/22/2026 06:30 AM","ARECIBO",216,0,216
"07/22/2026 06:30 AM","BAYAMON",161,0,161
"07/22/2026 06:30 AM","CAGUAS",619,0,619
"07/22/2026 06:30 AM","CAROLINA",81,0,81
"07/22/2026 06:30 AM","MAYAGUEZ",93,0,93
"07/22/2026 06:30 AM","PONCE",626,0,626
"07/22/2026 06:30 AM","SAN JUAN",75,0,75
"07/22/2026 06:30 AM","ARECIBO",216,0,216
"07/22/2026 06:30 AM","BAYAMON",161,0,161
"07/22/2026 06:30 AM","CAGUAS",619,0,619
"07/22/2026 06:30 AM","CAROLINA",81,0,81
"07/22/2026 06:30 AM","MAYAGUEZ",93,0,93
"07/22/2026 06:30 AM","PONCE",626,0,626
"07/22/2026 06:30 AM","SAN JUAN",75,0,75
"07/22/2026 06:35 AM","ARECIBO",215,0,215
"07/22/2026 06:35 AM","BAYAMON",107,0,107
"07/22/2026 06:35 AM","CAGUAS",619,0,619
"07/22/2026 06:35 AM","CAROLINA",81,0,81
"07/22/2026 06:35 AM","MAYAGUEZ",93,0,93
"07/22/2026 06:35 AM","PONCE",626,0,626
"07/22/2026 06:35 AM","SAN JUAN",26,49,75
"07/22/2026 06:35 AM","ARECIBO",215,0,215
"07/22/2026 06:35 AM","BAYAMON",107,0,107
"07/22/2026 06:35 AM","CAGUAS",619,0,619
"07/22/2026 06:35 AM","CAROLINA",81,0,81
"07/22/2026 06:35 AM","MAYAGUEZ",93,0,93
"07/22/2026 06:35 AM","PONCE",626,0,626
"07/22/2026 06:35 AM","SAN JUAN",26,49,75
"07/22/2026 06:40 AM","ARECIBO",215,0,215
"07/22/2026 06:40 AM","BAYAMON",107,0,107
"07/22/2026 06:40 AM","CAGUAS",619,0,619
"07/22/2026 06:40 AM","CAROLINA",81,0,81
"07/22/2026 06:40 AM","MAYAGUEZ",93,0,93
"07/22/2026 06:40 AM","PONCE",630,0,630
"07/22/2026 06:40 AM","SAN JUAN",27,49,76
"07/22/2026 06:40 AM","ARECIBO",215,0,215
"07/22/2026 06:40 AM","BAYAMON",107,0,107
"07/22/2026 06:40 AM","CAGUAS",619,0,619
"07/22/2026 06:40 AM","CAROLINA",81,0,81
"07/22/2026 06:40 AM","MAYAGUEZ",93,0,93
"07/22/2026 06:40 AM","PONCE",630,0,630
"07/22/2026 06:40 AM","SAN JUAN",27,49,76
"07/22/2026 06:40 AM","ARECIBO",215,0,215
"07/22/2026 06:40 AM","BAYAMON",107,0,107
"07/22/2026 06:40 AM","CAGUAS",619,0,619
"07/22/2026 06:40 AM","CAROLINA",81,0,81
"07/22/2026 06:40 AM","MAYAGUEZ",93,0,93
"07/22/2026 06:40 AM","PONCE",630,0,630
"07/22/2026 06:40 AM","SAN JUAN",27,49,76
"07/22/2026 06:45 AM","ARECIBO",215,0,215
"07/22/2026 06:45 AM","BAYAMON",107,0,107
"07/22/2026 06:45 AM","CAGUAS",619,0,619
"07/22/2026 06:45 AM","CAROLINA",81,0,81
"07/22/2026 06:45 AM","MAYAGUEZ",93,0,93
"07/22/2026 06:45 AM","PONCE",630,0,630
"07/22/2026 06:45 AM","SAN JUAN",27,49,76
"07/22/2026 06:45 AM","ARECIBO",215,0,215
"07/22/2026 06:45 AM","BAYAMON",107,0,107
"07/22/2026 06:45 AM","CAGUAS",619,0,619
"07/22/2026 06:45 AM","CAROLINA",81,0,81
"07/22/2026 06:45 AM","MAYAGUEZ",93,0,93
"07/22/2026 06:45 AM","PONCE",630,0,630
"07/22/2026 06:45 AM","SAN JUAN",27,49,76
"07/22/2026 06:50 AM","ARECIBO",216,0,216
"07/22/2026 06:50 AM","BAYAMON",107,0,107
"07/22/2026 06:50 AM","CAGUAS",619,0,619
"07/22/2026 06:50 AM","CAROLINA",82,0,82
"07/22/2026 06:50 AM","MAYAGUEZ",93,0,93
"07/22/2026 06:50 AM","PONCE",644,0,644
"07/22/2026 06:50 AM","SAN JUAN",27,49,76
"07/22/2026 06:50 AM","ARECIBO",216,0,216
"07/22/2026 06:50 AM","BAYAMON",107,0,107
"07/22/2026 06:50 AM","CAGUAS",619,0,619
"07/22/2026 06:50 AM","CAROLINA",82,0,82
"07/22/2026 06:50 AM","MAYAGUEZ",93,0,93
"07/22/2026 06:50 AM","PONCE",644,0,644
"07/22/2026 06:50 AM","SAN JUAN",27,49,76
"07/22/2026 06:50 AM","ARECIBO",216,0,216
"07/22/2026 06:50 AM","BAYAMON",107,0,107
"07/22/2026 06:50 AM","CAGUAS",619,0,619
"07/22/2026 06:50 AM","CAROLINA",82,0,82
"07/22/2026 06:50 AM","MAYAGUEZ",93,0,93
"07/22/2026 06:50 AM","PONCE",644,0,644
"07/22/2026 06:50 AM","SAN JUAN",27,49,76
"07/22/2026 06:55 AM","ARECIBO",216,0,216
"07/22/2026 06:55 AM","BAYAMON",107,0,107
"07/22/2026 06:55 AM","CAGUAS",620,0,620
"07/22/2026 06:55 AM","CAROLINA",82,0,82
"07/22/2026 06:55 AM","MAYAGUEZ",94,0,94
"07/22/2026 06:55 AM","PONCE",796,0,796
"07/22/2026 06:55 AM","SAN JUAN",28,49,77
"07/22/2026 06:55 AM","ARECIBO",216,0,216
"07/22/2026 06:55 AM","BAYAMON",107,0,107
"07/22/2026 06:55 AM","CAGUAS",620,0,620
"07/22/2026 06:55 AM","CAROLINA",82,0,82
"07/22/2026 06:55 AM","MAYAGUEZ",94,0,94
"07/22/2026 06:55 AM","PONCE",796,0,796
"07/22/2026 06:55 AM","SAN JUAN",28,49,77
"07/22/2026 07:00 AM","ARECIBO",217,0,217
"07/22/2026 07:00 AM","BAYAMON",107,0,107
"07/22/2026 07:00 AM","CAGUAS",620,0,620
"07/22/2026 07:00 AM","CAROLINA",84,0,84
"07/22/2026 07:00 AM","MAYAGUEZ",94,0,94
"07/22/2026 07:00 AM","PONCE",796,0,796
"07/22/2026 07:00 AM","SAN JUAN",28,49,77
"07/22/2026 07:00 AM","ARECIBO",217,0,217
"07/22/2026 07:00 AM","BAYAMON",107,0,107
"07/22/2026 07:00 AM","CAGUAS",620,0,620
"07/22/2026 07:00 AM","CAROLINA",84,0,84
"07/22/2026 07:00 AM","MAYAGUEZ",94,0,94
"07/22/2026 07:00 AM","PONCE",796,0,796
"07/22/2026 07:00 AM","SAN JUAN",28,49,77
"07/22/2026 09:20 AM","ARECIBO",911,112,1023
"07/22/2026 09:20 AM","BAYAMON",148,285,433
"07/22/2026 09:20 AM","CAGUAS",1992,0,1992
"07/22/2026 09:20 AM","CAROLINA",197,0,197
"07/22/2026 09:20 AM","MAYAGUEZ",141,0,141
"07/22/2026 09:20 AM","PONCE",9186,0,9186
"07/22/2026 09:20 AM","SAN JUAN",276,115,391
"07/22/2026 09:25 AM","ARECIBO",911,221,1132
"07/22/2026 09:25 AM","BAYAMON",149,176,325
"07/22/2026 09:25 AM","CAGUAS",1992,0,1992
"07/22/2026 09:25 AM","CAROLINA",197,0,197
"07/22/2026 09:25 AM","MAYAGUEZ",258,0,258
"07/22/2026 09:25 AM","PONCE",9198,0,9198
"07/22/2026 09:25 AM","SAN JUAN",276,115,391
"07/22/2026 09:25 AM","ARECIBO",911,221,1132
"07/22/2026 09:25 AM","BAYAMON",149,176,325
"07/22/2026 09:25 AM","CAGUAS",1992,0,1992
"07/22/2026 09:25 AM","CAROLINA",197,0,197
"07/22/2026 09:25 AM","MAYAGUEZ",258,0,258
"07/22/2026 09:25 AM","PONCE",9198,0,9198
"07/22/2026 09:25 AM","SAN JUAN",276,115,391
"07/22/2026 09:25 AM","ARECIBO",911,221,1132
"07/22/2026 09:25 AM","BAYAMON",149,176,325
"07/22/2026 09:25 AM","CAGUAS",1992,0,1992
"07/22/2026 09:25 AM","CAROLINA",197,0,197
"07/22/2026 09:25 AM","MAYAGUEZ",258,0,258
"07/22/2026 09:25 AM","PONCE",9198,0,9198
"07/22/2026 09:25 AM","SAN JUAN",276,115,391
"07/22/2026 09:30 AM","ARECIBO",911,221,1132
"07/22/2026 09:30 AM","BAYAMON",3122,176,3298
"07/22/2026 09:30 AM","CAGUAS",1991,0,1991
"07/22/2026 09:30 AM","CAROLINA",175,0,175
"07/22/2026 09:30 AM","MAYAGUEZ",258,0,258
"07/22/2026 09:30 AM","PONCE",9199,0,9199
"07/22/2026 09:30 AM","SAN JUAN",278,115,393
"07/22/2026 09:30 AM","ARECIBO",911,221,1132
"07/22/2026 09:30 AM","BAYAMON",3122,176,3298
"07/22/2026 09:30 AM","CAGUAS",1991,0,1991
"07/22/2026 09:30 AM","CAROLINA",175,0,175
"07/22/2026 09:30 AM","MAYAGUEZ",258,0,258
"07/22/2026 09:30 AM","PONCE",9199,0,9199
"07/22/2026 09:30 AM","SAN JUAN",278,115,393
"07/22/2026 09:35 AM","ARECIBO",910,221,1131
"07/22/2026 09:35 AM","BAYAMON",138,176,314
"07/22/2026 09:35 AM","CAGUAS",1992,0,1992
"07/22/2026 09:35 AM","CAROLINA",175,0,175
"07/22/2026 09:35 AM","MAYAGUEZ",258,0,258
"07/22/2026 09:35 AM","PONCE",9285,0,9285
"07/22/2026 09:35 AM","SAN JUAN",279,115,394
"07/22/2026 09:35 AM","ARECIBO",910,221,1131
"07/22/2026 09:35 AM","BAYAMON",138,176,314
"07/22/2026 09:35 AM","CAGUAS",1992,0,1992
"07/22/2026 09:35 AM","CAROLINA",175,0,175
"07/22/2026 09:35 AM","MAYAGUEZ",258,0,258
"07/22/2026 09:35 AM","PONCE",9285,0,9285
"07/22/2026 09:35 AM","SAN JUAN",279,115,394
"07/22/2026 09:40 AM","ARECIBO",910,221,1131
"07/22/2026 09:40 AM","BAYAMON",3120,176,3296
"07/22/2026 09:40 AM","CAGUAS",1992,0,1992
"07/22/2026 09:40 AM","CAROLINA",175,0,175
"07/22/2026 09:40 AM","MAYAGUEZ",258,0,258
"07/22/2026 09:40 AM","PONCE",9306,1077,10383
"07/22/2026 09:40 AM","SAN JUAN",280,115,395
"07/22/2026 09:40 AM","ARECIBO",910,221,1131
"07/22/2026 09:40 AM","BAYAMON",3120,176,3296
"07/22/2026 09:40 AM","CAGUAS",1992,0,1992
"07/22/2026 09:40 AM","CAROLINA",175,0,175
"07/22/2026 09:40 AM","MAYAGUEZ",258,0,258
"07/22/2026 09:40 AM","PONCE",9306,1077,10383
"07/22/2026 09:40 AM","SAN JUAN",280,115,395
"07/22/2026 09:40 AM","ARECIBO",910,221,1131
"07/22/2026 09:40 AM","BAYAMON",3120,176,3296
"07/22/2026 09:40 AM","CAGUAS",1992,0,1992
"07/22/2026 09:40 AM","CAROLINA",175,0,175
"07/22/2026 09:40 AM","MAYAGUEZ",258,0,258
"07/22/2026 09:40 AM","PONCE",9306,1077,10383
"07/22/2026 09:40 AM","SAN JUAN",280,115,395
"07/22/2026 09:45 AM","ARECIBO",911,221,1132
"07/22/2026 09:45 AM","BAYAMON",3121,176,3297
"07/22/2026 09:45 AM","CAGUAS",1992,0,1992
"07/22/2026 09:45 AM","CAROLINA",175,0,175
"07/22/2026 09:45 AM","MAYAGUEZ",258,0,258
"07/22/2026 09:45 AM","PONCE",3375,1077,4452
"07/22/2026 09:45 AM","SAN JUAN",279,115,394
"07/22/2026 09:45 AM","ARECIBO",911,221,1132
"07/22/2026 09:45 AM","BAYAMON",3121,176,3297
"07/22/2026 09:45 AM","CAGUAS",1992,0,1992
"07/22/2026 09:45 AM","CAROLINA",175,0,175
"07/22/2026 09:45 AM","MAYAGUEZ",258,0,258
"07/22/2026 09:45 AM","PONCE",3375,1077,4452
"07/22/2026 09:45 AM","SAN JUAN",279,115,394
"07/22/2026 09:50 AM","ARECIBO",874,221,1095
"07/22/2026 09:50 AM","BAYAMON",3139,176,3315
"07/22/2026 09:50 AM","CAGUAS",1992,0,1992
"07/22/2026 09:50 AM","CAROLINA",175,0,175
"07/22/2026 09:50 AM","MAYAGUEZ",258,0,258
"07/22/2026 09:50 AM","PONCE",4347,1077,5424
"07/22/2026 09:50 AM","SAN JUAN",293,115,408
"07/22/2026 09:50 AM","ARECIBO",874,221,1095
"07/22/2026 09:50 AM","BAYAMON",3139,176,3315
"07/22/2026 09:50 AM","CAGUAS",1992,0,1992
"07/22/2026 09:50 AM","CAROLINA",175,0,175
"07/22/2026 09:50 AM","MAYAGUEZ",258,0,258
"07/22/2026 09:50 AM","PONCE",4347,1077,5424
"07/22/2026 09:50 AM","SAN JUAN",293,115,408
"07/22/2026 09:50 AM","ARECIBO",874,221,1095
"07/22/2026 09:50 AM","BAYAMON",3139,176,3315
"07/22/2026 09:50 AM","CAGUAS",1992,0,1992
"07/22/2026 09:50 AM","CAROLINA",175,0,175
"07/22/2026 09:50 AM","MAYAGUEZ",258,0,258
"07/22/2026 09:50 AM","PONCE",4347,1077,5424
"07/22/2026 09:50 AM","SAN JUAN",293,115,408
"07/22/2026 09:55 AM","ARECIBO",875,221,1096
"07/22/2026 09:55 AM","BAYAMON",3413,176,3589
"07/22/2026 09:55 AM","CAGUAS",1993,0,1993
"07/22/2026 09:55 AM","CAROLINA",76,0,76
"07/22/2026 09:55 AM","MAYAGUEZ",250,0,250
"07/22/2026 09:55 AM","PONCE",4209,1077,5286
"07/22/2026 09:55 AM","SAN JUAN",293,141,434
"07/22/2026 09:55 AM","ARECIBO",875,221,1096
"07/22/2026 09:55 AM","BAYAMON",3413,176,3589
"07/22/2026 09:55 AM","CAGUAS",1993,0,1993
"07/22/2026 09:55 AM","CAROLINA",76,0,76
"07/22/2026 09:55 AM","MAYAGUEZ",250,0,250
"07/22/2026 09:55 AM","PONCE",4209,1077,5286
"07/22/2026 09:55 AM","SAN JUAN",293,141,434
"07/22/2026 10:00 AM","ARECIBO",876,221,1097
"07/22/2026 10:00 AM","BAYAMON",3413,176,3589
"07/22/2026 10:00 AM","CAGUAS",1995,0,1995
"07/22/2026 10:00 AM","CAROLINA",76,0,76
"07/22/2026 10:00 AM","MAYAGUEZ",250,0,250
"07/22/2026 10:00 AM","PONCE",6710,1077,7787
"07/22/2026 10:00 AM","SAN JUAN",294,141,435
"07/22/2026 10:00 AM","ARECIBO",876,221,1097
"07/22/2026 10:00 AM","BAYAMON",3413,176,3589
"07/22/2026 10:00 AM","CAGUAS",1995,0,1995
"07/22/2026 10:00 AM","CAROLINA",76,0,76
"07/22/2026 10:00 AM","MAYAGUEZ",250,0,250
"07/22/2026 10:00 AM","PONCE",6710,1077,7787
"07/22/2026 10:00 AM","SAN JUAN",294,141,435
"07/22/2026 10:00 AM","ARECIBO",876,221,1097
"07/22/2026 10:00 AM","BAYAMON",3413,176,3589
"07/22/2026 10:00 AM","CAGUAS",1995,0,1995
"07/22/2026 10:00 AM","CAROLINA",76,0,76
"07/22/2026 10:00 AM","MAYAGUEZ",250,0,250
"07/22/2026 10:00 AM","PONCE",6710,1077,7787
"07/22/2026 10:00 AM","SAN JUAN",294,141,435
"07/22/2026 10:05 AM","ARECIBO",876,221,1097
"07/22/2026 10:05 AM","BAYAMON",3413,176,3589
"07/22/2026 10:05 AM","CAGUAS",1996,0,1996
"07/22/2026 10:05 AM","CAROLINA",78,0,78
"07/22/2026 10:05 AM","MAYAGUEZ",250,0,250
"07/22/2026 10:05 AM","PONCE",6790,1090,7880
"07/22/2026 10:05 AM","SAN JUAN",298,141,439
"07/22/2026 10:05 AM","ARECIBO",876,221,1097
"07/22/2026 10:05 AM","BAYAMON",3413,176,3589
"07/22/2026 10:05 AM","CAGUAS",1996,0,1996
"07/22/2026 10:05 AM","CAROLINA",78,0,78
"07/22/2026 10:05 AM","MAYAGUEZ",250,0,250
"07/22/2026 10:05 AM","PONCE",6790,1090,7880
"07/22/2026 10:05 AM","SAN JUAN",298,141,439
"07/22/2026 10:10 AM","ARECIBO",882,221,1103
"07/22/2026 10:10 AM","BAYAMON",3407,176,3583
"07/22/2026 10:10 AM","CAGUAS",1997,0,1997
"07/22/2026 10:10 AM","CAROLINA",78,0,78
"07/22/2026 10:10 AM","MAYAGUEZ",256,0,256
"07/22/2026 10:10 AM","PONCE",4027,1100,5127
"07/22/2026 10:10 AM","SAN JUAN",298,141,439
"07/22/2026 10:10 AM","ARECIBO",882,221,1103
"07/22/2026 10:10 AM","BAYAMON",3407,176,3583
"07/22/2026 10:10 AM","CAGUAS",1997,0,1997
"07/22/2026 10:10 AM","CAROLINA",78,0,78
"07/22/2026 10:10 AM","MAYAGUEZ",256,0,256
"07/22/2026 10:10 AM","PONCE",4027,1100,5127
"07/22/2026 10:10 AM","SAN JUAN",298,141,439
"07/22/2026 10:10 AM","ARECIBO",882,221,1103
"07/22/2026 10:10 AM","BAYAMON",3407,176,3583
"07/22/2026 10:10 AM","CAGUAS",1997,0,1997
"07/22/2026 10:10 AM","CAROLINA",78,0,78
"07/22/2026 10:10 AM","MAYAGUEZ",256,0,256
"07/22/2026 10:10 AM","PONCE",4027,1100,5127
"07/22/2026 10:10 AM","SAN JUAN",298,141,439
"07/22/2026 10:15 AM","ARECIBO",883,221,1104
"07/22/2026 10:15 AM","BAYAMON",3894,176,4070
"07/22/2026 10:15 AM","CAGUAS",1996,0,1996
"07/22/2026 10:15 AM","CAROLINA",78,0,78
"07/22/2026 10:15 AM","MAYAGUEZ",256,0,256
"07/22/2026 10:15 AM","PONCE",4027,1100,5127
"07/22/2026 10:15 AM","SAN JUAN",297,141,438
"07/22/2026 10:15 AM","ARECIBO",883,221,1104
"07/22/2026 10:15 AM","BAYAMON",3894,176,4070
"07/22/2026 10:15 AM","CAGUAS",1996,0,1996
"07/22/2026 10:15 AM","CAROLINA",78,0,78
"07/22/2026 10:15 AM","MAYAGUEZ",256,0,256
"07/22/2026 10:15 AM","PONCE",4027,1100,5127
"07/22/2026 10:15 AM","SAN JUAN",297,141,438
"07/22/2026 12:05 PM","ARECIBO",762,224,986
"07/22/2026 12:05 PM","BAYAMON",1435,176,1611
"07/22/2026 12:05 PM","CAGUAS",7107,0,7107
"07/22/2026 12:05 PM","CAROLINA",5693,0,5693
"07/22/2026 12:05 PM","MAYAGUEZ",174,0,174
"07/22/2026 12:05 PM","PONCE",1318,1676,2994
"07/22/2026 12:05 PM","SAN JUAN",1557,141,1698
"07/22/2026 12:10 PM","ARECIBO",775,224,999
"07/22/2026 12:10 PM","BAYAMON",1436,176,1612
"07/22/2026 12:10 PM","CAGUAS",7117,0,7117
"07/22/2026 12:10 PM","CAROLINA",5690,0,5690
"07/22/2026 12:10 PM","MAYAGUEZ",186,0,186
"07/22/2026 12:10 PM","PONCE",4117,1676,5793
"07/22/2026 12:10 PM","SAN JUAN",1558,141,1699
"07/22/2026 12:10 PM","ARECIBO",775,224,999
"07/22/2026 12:10 PM","BAYAMON",1436,176,1612
"07/22/2026 12:10 PM","CAGUAS",7117,0,7117
"07/22/2026 12:10 PM","CAROLINA",5690,0,5690
"07/22/2026 12:10 PM","MAYAGUEZ",186,0,186
"07/22/2026 12:10 PM","PONCE",4117,1676,5793
"07/22/2026 12:10 PM","SAN JUAN",1558,141,1699
"07/22/2026 12:10 PM","ARECIBO",775,224,999
"07/22/2026 12:10 PM","BAYAMON",1436,176,1612
"07/22/2026 12:10 PM","CAGUAS",7117,0,7117
"07/22/2026 12:10 PM","CAROLINA",5690,0,5690
"07/22/2026 12:10 PM","MAYAGUEZ",186,0,186
"07/22/2026 12:10 PM","PONCE",4117,1676,5793
"07/22/2026 12:10 PM","SAN JUAN",1558,141,1699
"07/22/2026 12:15 PM","ARECIBO",776,224,1000
"07/22/2026 12:15 PM","BAYAMON",1436,176,1612
"07/22/2026 12:15 PM","CAGUAS",7119,0,7119
"07/22/2026 12:15 PM","CAROLINA",5685,0,5685
"07/22/2026 12:15 PM","MAYAGUEZ",186,0,186
"07/22/2026 12:15 PM","PONCE",1337,1676,3013
"07/22/2026 12:15 PM","SAN JUAN",1459,141,1600
"07/22/2026 12:15 PM","ARECIBO",776,224,1000
"07/22/2026 12:15 PM","BAYAMON",1436,176,1612
"07/22/2026 12:15 PM","CAGUAS",7119,0,7119
"07/22/2026 12:15 PM","CAROLINA",5685,0,5685
"07/22/2026 12:15 PM","MAYAGUEZ",186,0,186
"07/22/2026 12:15 PM","PONCE",1337,1676,3013
"07/22/2026 12:15 PM","SAN JUAN",1459,141,1600
"07/22/2026 12:20 PM","ARECIBO",780,224,1004
"07/22/2026 12:20 PM","BAYAMON",1435,176,1611
"07/22/2026 12:20 PM","CAGUAS",7124,0,7124
"07/22/2026 12:20 PM","CAROLINA",9715,0,9715
"07/22/2026 12:20 PM","MAYAGUEZ",187,0,187
"07/22/2026 12:20 PM","PONCE",1338,1676,3014
"07/22/2026 12:20 PM","SAN JUAN",730,141,871
"07/22/2026 12:20 PM","ARECIBO",780,224,1004
"07/22/2026 12:20 PM","BAYAMON",1435,176,1611
"07/22/2026 12:20 PM","CAGUAS",7124,0,7124
"07/22/2026 12:20 PM","CAROLINA",9715,0,9715
"07/22/2026 12:20 PM","MAYAGUEZ",187,0,187
"07/22/2026 12:20 PM","PONCE",1338,1676,3014
"07/22/2026 12:20 PM","SAN JUAN",730,141,871
"07/22/2026 12:20 PM","ARECIBO",780,224,1004
"07/22/2026 12:20 PM","BAYAMON",1435,176,1611
"07/22/2026 12:20 PM","CAGUAS",7124,0,7124
"07/22/2026 12:20 PM","CAROLINA",9715,0,9715
"07/22/2026 12:20 PM","MAYAGUEZ",187,0,187
"07/22/2026 12:20 PM","PONCE",1338,1676,3014
"07/22/2026 12:20 PM","SAN JUAN",730,141,871
"07/22/2026 12:25 PM","ARECIBO",780,224,1004
"07/22/2026 12:25 PM","BAYAMON",1435,176,1611
"07/22/2026 12:25 PM","CAGUAS",2559,0,2559
"07/22/2026 12:25 PM","CAROLINA",9713,0,9713
"07/22/2026 12:25 PM","MAYAGUEZ",228,0,228
"07/22/2026 12:25 PM","PONCE",1339,1676,3015
"07/22/2026 12:25 PM","SAN JUAN",731,141,872
"07/22/2026 12:25 PM","ARECIBO",780,224,1004
"07/22/2026 12:25 PM","BAYAMON",1435,176,1611
"07/22/2026 12:25 PM","CAGUAS",2559,0,2559
"07/22/2026 12:25 PM","CAROLINA",9713,0,9713
"07/22/2026 12:25 PM","MAYAGUEZ",228,0,228
"07/22/2026 12:25 PM","PONCE",1339,1676,3015
"07/22/2026 12:25 PM","SAN JUAN",731,141,872
"07/22/2026 12:30 PM","ARECIBO",780,224,1004
"07/22/2026 12:30 PM","BAYAMON",1914,176,2090
"07/22/2026 12:30 PM","CAGUAS",2559,0,2559
"07/22/2026 12:30 PM","CAROLINA",9716,0,9716
"07/22/2026 12:30 PM","MAYAGUEZ",229,0,229
"07/22/2026 12:30 PM","PONCE",1323,1676,2999
"07/22/2026 12:30 PM","SAN JUAN",253,141,394
"07/22/2026 12:30 PM","ARECIBO",780,224,1004
"07/22/2026 12:30 PM","BAYAMON",1914,176,2090
"07/22/2026 12:30 PM","CAGUAS",2559,0,2559
"07/22/2026 12:30 PM","CAROLINA",9716,0,9716
"07/22/2026 12:30 PM","MAYAGUEZ",229,0,229
"07/22/2026 12:30 PM","PONCE",1323,1676,2999
"07/22/2026 12:30 PM","SAN JUAN",253,141,394
"07/22/2026 12:30 PM","ARECIBO",780,224,1004
"07/22/2026 12:30 PM","BAYAMON",1914,176,2090
"07/22/2026 12:30 PM","CAGUAS",2559,0,2559
"07/22/2026 12:30 PM","CAROLINA",9716,0,9716
"07/22/2026 12:30 PM","MAYAGUEZ",229,0,229
"07/22/2026 12:30 PM","PONCE",1323,1676,2999
"07/22/2026 12:30 PM","SAN JUAN",253,141,394
"07/22/2026 12:35 PM","ARECIBO",781,224,1005
"07/22/2026 12:35 PM","BAYAMON",1877,176,2053
"07/22/2026 12:35 PM","CAGUAS",2559,0,2559
"07/22/2026 12:35 PM","CAROLINA",9714,0,9714
"07/22/2026 12:35 PM","MAYAGUEZ",228,0,228
"07/22/2026 12:35 PM","PONCE",1324,1676,3000
"07/22/2026 12:35 PM","SAN JUAN",253,141,394
"07/22/2026 12:35 PM","ARECIBO",781,224,1005
"07/22/2026 12:35 PM","BAYAMON",1877,176,2053
"07/22/2026 12:35 PM","CAGUAS",2559,0,2559
"07/22/2026 12:35 PM","CAROLINA",9714,0,9714
"07/22/2026 12:35 PM","MAYAGUEZ",228,0,228
"07/22/2026 12:35 PM","PONCE",1324,1676,3000
"07/22/2026 12:35 PM","SAN JUAN",253,141,394
"07/22/2026 12:40 PM","ARECIBO",781,224,1005
"07/22/2026 12:40 PM","BAYAMON",1877,176,2053
"07/22/2026 12:40 PM","CAGUAS",2559,0,2559
"07/22/2026 12:40 PM","CAROLINA",5690,0,5690
"07/22/2026 12:40 PM","MAYAGUEZ",229,0,229
"07/22/2026 12:40 PM","PONCE",1325,1676,3001
"07/22/2026 12:40 PM","SAN JUAN",253,141,394
"07/22/2026 12:40 PM","ARECIBO",781,224,1005
"07/22/2026 12:40 PM","BAYAMON",1877,176,2053
"07/22/2026 12:40 PM","CAGUAS",2559,0,2559
"07/22/2026 12:40 PM","CAROLINA",5690,0,5690
"07/22/2026 12:40 PM","MAYAGUEZ",229,0,229
"07/22/2026 12:40 PM","PONCE",1325,1676,3001
"07/22/2026 12:40 PM","SAN JUAN",253,141,394
"07/22/2026 12:45 PM","ARECIBO",783,224,1007
"07/22/2026 12:45 PM","BAYAMON",709,176,885
"07/22/2026 12:45 PM","CAGUAS",2560,0,2560
"07/22/2026 12:45 PM","CAROLINA",5691,0,5691
"07/22/2026 12:45 PM","MAYAGUEZ",230,0,230
"07/22/2026 12:45 PM","PONCE",1327,1676,3003
"07/22/2026 12:45 PM","SAN JUAN",255,141,396
"07/22/2026 12:45 PM","ARECIBO",783,224,1007
"07/22/2026 12:45 PM","BAYAMON",709,176,885
"07/22/2026 12:45 PM","CAGUAS",2560,0,2560
"07/22/2026 12:45 PM","CAROLINA",5691,0,5691
"07/22/2026 12:45 PM","MAYAGUEZ",230,0,230
"07/22/2026 12:45 PM","PONCE",1327,1676,3003
"07/22/2026 12:45 PM","SAN JUAN",255,141,396
"07/22/2026 12:45 PM","ARECIBO",783,224,1007
"07/22/2026 12:45 PM","BAYAMON",709,176,885
"07/22/2026 12:45 PM","CAGUAS",2560,0,2560
"07/22/2026 12:45 PM","CAROLINA",5691,0,5691
"07/22/2026 12:45 PM","MAYAGUEZ",230,0,230
"07/22/2026 12:45 PM","PONCE",1327,1676,3003
"07/22/2026 12:45 PM","SAN JUAN",255,141,396
"07/22/2026 12:50 PM","ARECIBO",783,224,1007
"07/22/2026 12:50 PM","BAYAMON",696,176,872
"07/22/2026 12:50 PM","CAGUAS",2559,0,2559
"07/22/2026 12:50 PM","CAROLINA",5674,0,5674
"07/22/2026 12:50 PM","MAYAGUEZ",230,0,230
"07/22/2026 12:50 PM","PONCE",1326,1676,3002
"07/22/2026 12:50 PM","SAN JUAN",234,141,375
"07/22/2026 12:50 PM","ARECIBO",783,224,1007
"07/22/2026 12:50 PM","BAYAMON",696,176,872
"07/22/2026 12:50 PM","CAGUAS",2559,0,2559
"07/22/2026 12:50 PM","CAROLINA",5674,0,5674
"07/22/2026 12:50 PM","MAYAGUEZ",230,0,230
"07/22/2026 12:50 PM","PONCE",1326,1676,3002
"07/22/2026 12:50 PM","SAN JUAN",234,141,375
"07/22/2026 12:55 PM","ARECIBO",807,224,1031
"07/22/2026 12:55 PM","BAYAMON",696,176,872
"07/22/2026 12:55 PM","CAGUAS",2560,0,2560
"07/22/2026 12:55 PM","CAROLINA",5677,0,5677
"07/22/2026 12:55 PM","MAYAGUEZ",229,0,229
"07/22/2026 12:55 PM","PONCE",1341,1676,3017
"07/22/2026 12:55 PM","SAN JUAN",325,141,466
"07/22/2026 12:55 PM","ARECIBO",807,224,1031
"07/22/2026 12:55 PM","BAYAMON",696,176,872
"07/22/2026 12:55 PM","CAGUAS",2560,0,2560
"07/22/2026 12:55 PM","CAROLINA",5677,0,5677
"07/22/2026 12:55 PM","MAYAGUEZ",229,0,229
"07/22/2026 12:55 PM","PONCE",1341,1676,3017
"07/22/2026 12:55 PM","SAN JUAN",325,141,466
"07/22/2026 12:55 PM","ARECIBO",807,224,1031
"07/22/2026 12:55 PM","BAYAMON",696,176,872
"07/22/2026 12:55 PM","CAGUAS",2560,0,2560
"07/22/2026 12:55 PM","CAROLINA",5677,0,5677
"07/22/2026 12:55 PM","MAYAGUEZ",229,0,229
"07/22/2026 12:55 PM","PONCE",1341,1676,3017
"07/22/2026 12:55 PM","SAN JUAN",325,141,466
"07/22/2026 01:00 PM","ARECIBO",808,224,1032
"07/22/2026 01:00 PM","BAYAMON",695,176,871
"07/22/2026 01:00 PM","CAGUAS",2559,0,2559
"07/22/2026 01:00 PM","CAROLINA",5675,0,5675
"07/22/2026 01:00 PM","MAYAGUEZ",229,0,229
"07/22/2026 01:00 PM","PONCE",1341,1676,3017
"07/22/2026 01:00 PM","SAN JUAN",325,141,466
"07/22/2026 01:00 PM","ARECIBO",808,224,1032
"07/22/2026 01:00 PM","BAYAMON",695,176,871
"07/22/2026 01:00 PM","CAGUAS",2559,0,2559
"07/22/2026 01:00 PM","CAROLINA",5675,0,5675
"07/22/2026 01:00 PM","MAYAGUEZ",229,0,229
"07/22/2026 01:00 PM","PONCE",1341,1676,3017
"07/22/2026 01:00 PM","SAN JUAN",325,141,466
"07/22/2026 03:50 PM","ARECIBO",794,109,903
"07/22/2026 03:50 PM","BAYAMON",500,26,526
"07/22/2026 03:50 PM","CAGUAS",1772,0,1772
"07/22/2026 03:50 PM","CAROLINA",5760,0,5760
"07/22/2026 03:50 PM","MAYAGUEZ",770,0,770
"07/22/2026 03:50 PM","PONCE",85,1093,1178
"07/22/2026 03:50 PM","SAN JUAN",696,115,811
"07/22/2026 03:55 PM","ARECIBO",794,109,903
"07/22/2026 03:55 PM","BAYAMON",525,26,551
"07/22/2026 03:55 PM","CAGUAS",1151,0,1151
"07/22/2026 03:55 PM","CAROLINA",5760,0,5760
"07/22/2026 03:55 PM","MAYAGUEZ",770,0,770
"07/22/2026 03:55 PM","PONCE",85,1093,1178
"07/22/2026 03:55 PM","SAN JUAN",697,115,812
"07/22/2026 03:55 PM","ARECIBO",794,109,903
"07/22/2026 03:55 PM","BAYAMON",525,26,551
"07/22/2026 03:55 PM","CAGUAS",1151,0,1151
"07/22/2026 03:55 PM","CAROLINA",5760,0,5760
"07/22/2026 03:55 PM","MAYAGUEZ",770,0,770
"07/22/2026 03:55 PM","PONCE",85,1093,1178
"07/22/2026 03:55 PM","SAN JUAN",697,115,812
"07/22/2026 03:55 PM","ARECIBO",794,109,903
"07/22/2026 03:55 PM","BAYAMON",525,26,551
"07/22/2026 03:55 PM","CAGUAS",1151,0,1151
"07/22/2026 03:55 PM","CAROLINA",5760,0,5760
"07/22/2026 03:55 PM","MAYAGUEZ",770,0,770
"07/22/2026 03:55 PM","PONCE",85,1093,1178
"07/22/2026 03:55 PM","SAN JUAN",697,115,812
"07/22/2026 04:00 PM","ARECIBO",794,109,903
"07/22/2026 04:00 PM","BAYAMON",528,26,554
"07/22/2026 04:00 PM","CAGUAS",1152,0,1152
"07/22/2026 04:00 PM","CAROLINA",5761,0,5761
"07/22/2026 04:00 PM","MAYAGUEZ",537,0,537
"07/22/2026 04:00 PM","PONCE",85,1093,1178
"07/22/2026 04:00 PM","SAN JUAN",697,115,812
"07/22/2026 04:00 PM","ARECIBO",794,109,903
"07/22/2026 04:00 PM","BAYAMON",528,26,554
"07/22/2026 04:00 PM","CAGUAS",1152,0,1152
"07/22/2026 04:00 PM","CAROLINA",5761,0,5761
"07/22/2026 04:00 PM","MAYAGUEZ",537,0,537
"07/22/2026 04:00 PM","PONCE",85,1093,1178
"07/22/2026 04:00 PM","SAN JUAN",697,115,812
"07/22/2026 04:05 PM","ARECIBO",794,109,903
"07/22/2026 04:05 PM","BAYAMON",528,26,554
"07/22/2026 04:05 PM","CAGUAS",1153,0,1153
"07/22/2026 04:05 PM","CAROLINA",5672,0,5672
"07/22/2026 04:05 PM","MAYAGUEZ",537,0,537
"07/22/2026 04:05 PM","PONCE",86,1093,1179
"07/22/2026 04:05 PM","SAN JUAN",696,115,811
"07/22/2026 04:05 PM","ARECIBO",794,109,903
"07/22/2026 04:05 PM","BAYAMON",528,26,554
"07/22/2026 04:05 PM","CAGUAS",1153,0,1153
"07/22/2026 04:05 PM","CAROLINA",5672,0,5672
"07/22/2026 04:05 PM","MAYAGUEZ",537,0,537
"07/22/2026 04:05 PM","PONCE",86,1093,1179
"07/22/2026 04:05 PM","SAN JUAN",696,115,811
"07/22/2026 04:05 PM","ARECIBO",794,109,903
"07/22/2026 04:05 PM","BAYAMON",528,26,554
"07/22/2026 04:05 PM","CAGUAS",1153,0,1153
"07/22/2026 04:05 PM","CAROLINA",5672,0,5672
"07/22/2026 04:05 PM","MAYAGUEZ",537,0,537
"07/22/2026 04:05 PM","PONCE",86,1093,1179
"07/22/2026 04:05 PM","SAN JUAN",696,115,811
"07/22/2026 04:10 PM","ARECIBO",794,109,903
"07/22/2026 04:10 PM","BAYAMON",501,26,527
"07/22/2026 04:10 PM","CAGUAS",1153,0,1153
"07/22/2026 04:10 PM","CAROLINA",5672,0,5672
"07/22/2026 04:10 PM","MAYAGUEZ",537,0,537
"07/22/2026 04:10 PM","PONCE",88,1093,1181
"07/22/2026 04:10 PM","SAN JUAN",695,115,810
"07/22/2026 04:10 PM","ARECIBO",794,109,903
"07/22/2026 04:10 PM","BAYAMON",501,26,527
"07/22/2026 04:10 PM","CAGUAS",1153,0,1153
"07/22/2026 04:10 PM","CAROLINA",5672,0,5672
"07/22/2026 04:10 PM","MAYAGUEZ",537,0,537
"07/22/2026 04:10 PM","PONCE",88,1093,1181
"07/22/2026 04:10 PM","SAN JUAN",695,115,810
"07/22/2026 04:15 PM","ARECIBO",794,109,903
"07/22/2026 04:15 PM","BAYAMON",23,26,49
"07/22/2026 04:15 PM","CAGUAS",1154,0,1154
"07/22/2026 04:15 PM","CAROLINA",5672,0,5672
"07/22/2026 04:15 PM","MAYAGUEZ",537,0,537
"07/22/2026 04:15 PM","PONCE",90,1093,1183
"07/22/2026 04:15 PM","SAN JUAN",695,115,810
"07/22/2026 04:15 PM","ARECIBO",794,109,903
"07/22/2026 04:15 PM","BAYAMON",23,26,49
"07/22/2026 04:15 PM","CAGUAS",1154,0,1154
"07/22/2026 04:15 PM","CAROLINA",5672,0,5672
"07/22/2026 04:15 PM","MAYAGUEZ",537,0,537
"07/22/2026 04:15 PM","PONCE",90,1093,1183
"07/22/2026 04:15 PM","SAN JUAN",695,115,810
"07/22/2026 04:15 PM","ARECIBO",794,109,903
"07/22/2026 04:15 PM","BAYAMON",23,26,49
"07/22/2026 04:15 PM","CAGUAS",1154,0,1154
"07/22/2026 04:15 PM","CAROLINA",5672,0,5672
"07/22/2026 04:15 PM","MAYAGUEZ",537,0,537
"07/22/2026 04:15 PM","PONCE",90,1093,1183
"07/22/2026 04:15 PM","SAN JUAN",695,115,810
"07/22/2026 04:20 PM","ARECIBO",794,109,903
"07/22/2026 04:20 PM","BAYAMON",23,26,49
"07/22/2026 04:20 PM","CAGUAS",1154,0,1154
"07/22/2026 04:20 PM","CAROLINA",5675,0,5675
"07/22/2026 04:20 PM","MAYAGUEZ",537,0,537
"07/22/2026 04:20 PM","PONCE",89,1081,1170
"07/22/2026 04:20 PM","SAN JUAN",695,115,810
"07/22/2026 04:20 PM","ARECIBO",794,109,903
"07/22/2026 04:20 PM","BAYAMON",23,26,49
"07/22/2026 04:20 PM","CAGUAS",1154,0,1154
"07/22/2026 04:20 PM","CAROLINA",5675,0,5675
"07/22/2026 04:20 PM","MAYAGUEZ",537,0,537
"07/22/2026 04:20 PM","PONCE",89,1081,1170
"07/22/2026 04:20 PM","SAN JUAN",695,115,810
"07/22/2026 04:25 PM","ARECIBO",795,109,904
"07/22/2026 04:25 PM","BAYAMON",23,26,49
"07/22/2026 04:25 PM","CAGUAS",1159,0,1159
"07/22/2026 04:25 PM","CAROLINA",5673,0,5673
"07/22/2026 04:25 PM","MAYAGUEZ",537,0,537
"07/22/2026 04:25 PM","PONCE",91,1081,1172
"07/22/2026 04:25 PM","SAN JUAN",290,115,405
"07/22/2026 04:25 PM","ARECIBO",795,109,904
"07/22/2026 04:25 PM","BAYAMON",23,26,49
"07/22/2026 04:25 PM","CAGUAS",1159,0,1159
"07/22/2026 04:25 PM","CAROLINA",5673,0,5673
"07/22/2026 04:25 PM","MAYAGUEZ",537,0,537
"07/22/2026 04:25 PM","PONCE",91,1081,1172
"07/22/2026 04:25 PM","SAN JUAN",290,115,405
"07/22/2026 04:30 PM","ARECIBO",795,109,904
"07/22/2026 04:30 PM","BAYAMON",24,26,50
"07/22/2026 04:30 PM","CAGUAS",1278,0,1278
"07/22/2026 04:30 PM","CAROLINA",5673,0,5673
"07/22/2026 04:30 PM","MAYAGUEZ",537,0,537
"07/22/2026 04:30 PM","PONCE",73,1081,1154
"07/22/2026 04:30 PM","SAN JUAN",509,115,624
"07/22/2026 04:30 PM","ARECIBO",795,109,904
"07/22/2026 04:30 PM","BAYAMON",24,26,50
"07/22/2026 04:30 PM","CAGUAS",1278,0,1278
"07/22/2026 04:30 PM","CAROLINA",5673,0,5673
"07/22/2026 04:30 PM","MAYAGUEZ",537,0,537
"07/22/2026 04:30 PM","PONCE",73,1081,1154
"07/22/2026 04:30 PM","SAN JUAN",509,115,624
"07/22/2026 04:30 PM","ARECIBO",795,109,904
"07/22/2026 04:30 PM","BAYAMON",24,26,50
"07/22/2026 04:30 PM","CAGUAS",1278,0,1278
"07/22/2026 04:30 PM","CAROLINA",5673,0,5673
"07/22/2026 04:30 PM","MAYAGUEZ",537,0,537
"07/22/2026 04:30 PM","PONCE",73,1081,1154
"07/22/2026 04:30 PM","SAN JUAN",509,115,624
"07/22/2026 04:35 PM","ARECIBO",795,109,904
"07/22/2026 04:35 PM","BAYAMON",24,26,50
"07/22/2026 04:35 PM","CAGUAS",1278,0,1278
"07/22/2026 04:35 PM","CAROLINA",5673,0,5673
"07/22/2026 04:35 PM","MAYAGUEZ",537,0,537
"07/22/2026 04:35 PM","PONCE",72,1081,1153
"07/22/2026 04:35 PM","SAN JUAN",509,115,624
"07/22/2026 04:35 PM","ARECIBO",795,109,904
"07/22/2026 04:35 PM","BAYAMON",24,26,50
"07/22/2026 04:35 PM","CAGUAS",1278,0,1278
"07/22/2026 04:35 PM","CAROLINA",5673,0,5673
"07/22/2026 04:35 PM","MAYAGUEZ",537,0,537
"07/22/2026 04:35 PM","PONCE",72,1081,1153
"07/22/2026 04:35 PM","SAN JUAN",509,115,624
"07/22/2026 04:40 PM","ARECIBO",795,109,904
"07/22/2026 04:40 PM","BAYAMON",24,26,50
"07/22/2026 04:40 PM","CAGUAS",1162,0,1162
"07/22/2026 04:40 PM","CAROLINA",5673,0,5673
"07/22/2026 04:40 PM","MAYAGUEZ",537,0,537
"07/22/2026 04:40 PM","PONCE",51,1081,1132
"07/22/2026 04:40 PM","SAN JUAN",509,115,624
"07/22/2026 04:40 PM","ARECIBO",795,109,904
"07/22/2026 04:40 PM","BAYAMON",24,26,50
"07/22/2026 04:40 PM","CAGUAS",1162,0,1162
"07/22/2026 04:40 PM","CAROLINA",5673,0,5673
"07/22/2026 04:40 PM","MAYAGUEZ",537,0,537
"07/22/2026 04:40 PM","PONCE",51,1081,1132
"07/22/2026 04:40 PM","SAN JUAN",509,115,624
"07/22/2026 04:40 PM","ARECIBO",795,109,904
"07/22/2026 04:40 PM","BAYAMON",24,26,50
"07/22/2026 04:40 PM","CAGUAS",1162,0,1162
"07/22/2026 04:40 PM","CAROLINA",5673,0,5673
"07/22/2026 04:40 PM","MAYAGUEZ",537,0,537
"07/22/2026 04:40 PM","PONCE",51,1081,1132
"07/22/2026 04:40 PM","SAN JUAN",509,115,624
"07/22/2026 04:45 PM","ARECIBO",796,109,905
"07/22/2026 04:45 PM","BAYAMON",24,26,50
"07/22/2026 04:45 PM","CAGUAS",1162,0,1162
"07/22/2026 04:45 PM","CAROLINA",5673,0,5673
"07/22/2026 04:45 PM","MAYAGUEZ",536,0,536
"07/22/2026 04:45 PM","PONCE",51,1081,1132
"07/22/2026 04:45 PM","SAN JUAN",509,115,624
"07/22/2026 04:45 PM","ARECIBO",796,109,905
"07/22/2026 04:45 PM","BAYAMON",24,26,50
"07/22/2026 04:45 PM","CAGUAS",1162,0,1162
"07/22/2026 04:45 PM","CAROLINA",5673,0,5673
"07/22/2026 04:45 PM","MAYAGUEZ",536,0,536
"07/22/2026 04:45 PM","PONCE",51,1081,1132
"07/22/2026 04:45 PM","SAN JUAN",509,115,624
"07/22/2026 04:50 PM","ARECIBO",813,109,922
"07/22/2026 04:50 PM","BAYAMON",24,26,50
"07/22/2026 04:50 PM","CAGUAS",1072,0,1072
"07/22/2026 04:50 PM","CAROLINA",3,0,3
"07/22/2026 04:50 PM","MAYAGUEZ",536,0,536
"07/22/2026 04:50 PM","PONCE",52,1081,1133
"07/22/2026 04:50 PM","SAN JUAN",509,115,624
"07/22/2026 04:50 PM","ARECIBO",813,109,922
"07/22/2026 04:50 PM","BAYAMON",24,26,50
"07/22/2026 04:50 PM","CAGUAS",1072,0,1072
"07/22/2026 04:50 PM","CAROLINA",3,0,3
"07/22/2026 04:50 PM","MAYAGUEZ",536,0,536
"07/22/2026 04:50 PM","PONCE",52,1081,1133
"07/22/2026 04:50 PM","SAN JUAN",509,115,624
"07/22/2026 04:55 PM","ARECIBO",813,109,922
"07/22/2026 04:55 PM","BAYAMON",23,26,49
"07/22/2026 04:55 PM","CAGUAS",1077,0,1077
"07/22/2026 04:55 PM","CAROLINA",3,0,3
"07/22/2026 04:55 PM","MAYAGUEZ",536,0,536
"07/22/2026 04:55 PM","PONCE",80,1081,1161
"07/22/2026 04:55 PM","SAN JUAN",508,115,623
"07/22/2026 04:55 PM","ARECIBO",813,109,922
"07/22/2026 04:55 PM","BAYAMON",23,26,49
"07/22/2026 04:55 PM","CAGUAS",1077,0,1077
"07/22/2026 04:55 PM","CAROLINA",3,0,3
"07/22/2026 04:55 PM","MAYAGUEZ",536,0,536
"07/22/2026 04:55 PM","PONCE",80,1081,1161
"07/22/2026 04:55 PM","SAN JUAN",508,115,623
"07/22/2026 04:55 PM","ARECIBO",813,109,922
"07/22/2026 04:55 PM","BAYAMON",23,26,49
"07/22/2026 04:55 PM","CAGUAS",1077,0,1077
"07/22/2026 04:55 PM","CAROLINA",3,0,3
"07/22/2026 04:55 PM","MAYAGUEZ",536,0,536
"07/22/2026 04:55 PM","PONCE",80,1081,1161
"07/22/2026 04:55 PM","SAN JUAN",508,115,623
"07/22/2026 05:00 PM","ARECIBO",795,109,904
"07/22/2026 05:00 PM","BAYAMON",23,26,49
"07/22/2026 05:00 PM","CAGUAS",1076,0,1076
"07/22/2026 05:00 PM","CAROLINA",3,0,3
"07/22/2026 05:00 PM","MAYAGUEZ",309,0,309
"07/22/2026 05:00 PM","PONCE",80,1081,1161
"07/22/2026 05:00 PM","SAN JUAN",508,115,623
"07/22/2026 05:00 PM","ARECIBO",795,109,904
"07/22/2026 05:00 PM","BAYAMON",23,26,49
"07/22/2026 05:00 PM","CAGUAS",1076,0,1076
"07/22/2026 05:00 PM","CAROLINA",3,0,3
"07/22/2026 05:00 PM","MAYAGUEZ",309,0,309
"07/22/2026 05:00 PM","PONCE",80,1081,1161
"07/22/2026 05:00 PM","SAN JUAN",508,115,623
"07/22/2026 05:05 PM","ARECIBO",758,109,867
"07/22/2026 05:05 PM","BAYAMON",23,26,49
"07/22/2026 05:05 PM","CAGUAS",1086,0,1086
"07/22/2026 05:05 PM","CAROLINA",6,0,6
"07/22/2026 05:05 PM","MAYAGUEZ",291,0,291
"07/22/2026 05:05 PM","PONCE",80,1081,1161
"07/22/2026 05:05 PM","SAN JUAN",508,115,623
"07/22/2026 05:05 PM","ARECIBO",758,109,867
"07/22/2026 05:05 PM","BAYAMON",23,26,49
"07/22/2026 05:05 PM","CAGUAS",1086,0,1086
"07/22/2026 05:05 PM","CAROLINA",6,0,6
"07/22/2026 05:05 PM","MAYAGUEZ",291,0,291
"07/22/2026 05:05 PM","PONCE",80,1081,1161
"07/22/2026 05:05 PM","SAN JUAN",508,115,623
"07/22/2026 05:05 PM","ARECIBO",758,109,867
"07/22/2026 05:05 PM","BAYAMON",23,26,49
"07/22/2026 05:05 PM","CAGUAS",1086,0,1086
"07/22/2026 05:05 PM","CAROLINA",6,0,6
"07/22/2026 05:05 PM","MAYAGUEZ",291,0,291
"07/22/2026 05:05 PM","PONCE",80,1081,1161
"07/22/2026 05:05 PM","SAN JUAN",508,115,623
"07/22/2026 05:10 PM","ARECIBO",749,109,858
"07/22/2026 05:10 PM","BAYAMON",23,26,49
"07/22/2026 05:10 PM","CAGUAS",1086,0,1086
"07/22/2026 05:10 PM","CAROLINA",2,0,2
"07/22/2026 05:10 PM","MAYAGUEZ",630,0,630
"07/22/2026 05:10 PM","PONCE",80,1081,1161
"07/22/2026 05:10 PM","SAN JUAN",508,115,623
"07/22/2026 05:10 PM","ARECIBO",749,109,858
"07/22/2026 05:10 PM","BAYAMON",23,26,49
"07/22/2026 05:10 PM","CAGUAS",1086,0,1086
"07/22/2026 05:10 PM","CAROLINA",2,0,2
"07/22/2026 05:10 PM","MAYAGUEZ",630,0,630
"07/22/2026 05:10 PM","PONCE",80,1081,1161
"07/22/2026 05:10 PM","SAN JUAN",508,115,623
"07/22/2026 05:15 PM","ARECIBO",749,109,858
"07/22/2026 05:15 PM","BAYAMON",33,26,59
"07/22/2026 05:15 PM","CAGUAS",1086,0,1086
"07/22/2026 05:15 PM","CAROLINA",2,0,2
"07/22/2026 05:15 PM","MAYAGUEZ",863,0,863
"07/22/2026 05:15 PM","PONCE",80,0,80
"07/22/2026 05:15 PM","SAN JUAN",508,115,623
"07/22/2026 05:15 PM","ARECIBO",749,109,858
"07/22/2026 05:15 PM","BAYAMON",33,26,59
"07/22/2026 05:15 PM","CAGUAS",1086,0,1086
"07/22/2026 05:15 PM","CAROLINA",2,0,2
"07/22/2026 05:15 PM","MAYAGUEZ",863,0,863
"07/22/2026 05:15 PM","PONCE",80,0,80
"07/22/2026 05:15 PM","SAN JUAN",508,115,623
"07/22/2026 05:15 PM","ARECIBO",749,109,858
"07/22/2026 05:15 PM","BAYAMON",33,26,59
"07/22/2026 05:15 PM","CAGUAS",1086,0,1086
"07/22/2026 05:15 PM","CAROLINA",2,0,2
"07/22/2026 05:15 PM","MAYAGUEZ",863,0,863
"07/22/2026 05:15 PM","PONCE",80,0,80
"07/22/2026 05:15 PM","SAN JUAN",508,115,623
"07/22/2026 05:20 PM","ARECIBO",749,109,858
"07/22/2026 05:20 PM","BAYAMON",45,26,71
"07/22/2026 05:20 PM","CAGUAS",1088,0,1088
"07/22/2026 05:20 PM","CAROLINA",1,0,1
"07/22/2026 05:20 PM","MAYAGUEZ",863,0,863
"07/22/2026 05:20 PM","PONCE",80,0,80
"07/22/2026 05:20 PM","SAN JUAN",272,49,321
"07/22/2026 05:20 PM","ARECIBO",749,109,858
"07/22/2026 05:20 PM","BAYAMON",45,26,71
"07/22/2026 05:20 PM","CAGUAS",1088,0,1088
"07/22/2026 05:20 PM","CAROLINA",1,0,1
"07/22/2026 05:20 PM","MAYAGUEZ",863,0,863
"07/22/2026 05:20 PM","PONCE",80,0,80
"07/22/2026 05:20 PM","SAN JUAN",272,49,321
"07/22/2026 05:25 PM","ARECIBO",749,109,858
"07/22/2026 05:25 PM","BAYAMON",45,26,71
"07/22/2026 05:25 PM","CAGUAS",1088,0,1088
"07/22/2026 05:25 PM","CAROLINA",1,0,1
"07/22/2026 05:25 PM","MAYAGUEZ",725,0,725
"07/22/2026 05:25 PM","PONCE",80,0,80
"07/22/2026 05:25 PM","SAN JUAN",271,49,320
"07/22/2026 05:25 PM","ARECIBO",749,109,858
"07/22/2026 05:25 PM","BAYAMON",45,26,71
"07/22/2026 05:25 PM","CAGUAS",1088,0,1088
"07/22/2026 05:25 PM","CAROLINA",1,0,1
"07/22/2026 05:25 PM","MAYAGUEZ",725,0,725
"07/22/2026 05:25 PM","PONCE",80,0,80
"07/22/2026 05:25 PM","SAN JUAN",271,49,320
"07/22/2026 05:25 PM","ARECIBO",749,109,858
"07/22/2026 05:25 PM","BAYAMON",45,26,71
"07/22/2026 05:25 PM","CAGUAS",1088,0,1088
"07/22/2026 05:25 PM","CAROLINA",1,0,1
"07/22/2026 05:25 PM","MAYAGUEZ",725,0,725
"07/22/2026 05:25 PM","PONCE",80,0,80
"07/22/2026 05:25 PM","SAN JUAN",271,49,320
"07/22/2026 05:30 PM","ARECIBO",750,109,859
"07/22/2026 05:30 PM","BAYAMON",46,26,72
"07/22/2026 05:30 PM","CAGUAS",1088,0,1088
"07/22/2026 05:30 PM","CAROLINA",1,0,1
"07/22/2026 05:30 PM","MAYAGUEZ",724,0,724
"07/22/2026 05:30 PM","PONCE",81,0,81
"07/22/2026 05:30 PM","SAN JUAN",271,49,320
"07/22/2026 05:30 PM","ARECIBO",750,109,859
"07/22/2026 05:30 PM","BAYAMON",46,26,72
"07/22/2026 05:30 PM","CAGUAS",1088,0,1088
"07/22/2026 05:30 PM","CAROLINA",1,0,1
"07/22/2026 05:30 PM","MAYAGUEZ",724,0,724
"07/22/2026 05:30 PM","PONCE",81,0,81
"07/22/2026 05:30 PM","SAN JUAN",271,49,320
"07/22/2026 05:35 PM","ARECIBO",750,109,859
"07/22/2026 05:35 PM","BAYAMON",45,26,71
"07/22/2026 05:35 PM","CAGUAS",1088,0,1088
"07/22/2026 05:35 PM","CAROLINA",1,0,1
"07/22/2026 05:35 PM","MAYAGUEZ",724,0,724
"07/22/2026 05:35 PM","PONCE",81,0,81
"07/22/2026 05:35 PM","SAN JUAN",271,49,320
"07/22/2026 05:35 PM","ARECIBO",750,109,859
"07/22/2026 05:35 PM","BAYAMON",45,26,71
"07/22/2026 05:35 PM","CAGUAS",1088,0,1088
"07/22/2026 05:35 PM","CAROLINA",1,0,1
"07/22/2026 05:35 PM","MAYAGUEZ",724,0,724
"07/22/2026 05:35 PM","PONCE",81,0,81
"07/22/2026 05:35 PM","SAN JUAN",271,49,320
"07/22/2026 05:35 PM","ARECIBO",750,109,859
"07/22/2026 05:35 PM","BAYAMON",45,26,71
"07/22/2026 05:35 PM","CAGUAS",1088,0,1088
"07/22/2026 05:35 PM","CAROLINA",1,0,1
"07/22/2026 05:35 PM","MAYAGUEZ",724,0,724
"07/22/2026 05:35 PM","PONCE",81,0,81
"07/22/2026 05:35 PM","SAN JUAN",271,49,320
"07/22/2026 05:40 PM","ARECIBO",750,109,859
"07/22/2026 05:40 PM","BAYAMON",45,26,71
"07/22/2026 05:40 PM","CAGUAS",938,0,938
"07/22/2026 05:40 PM","CAROLINA",1,0,1
"07/22/2026 05:40 PM","MAYAGUEZ",699,0,699
"07/22/2026 05:40 PM","PONCE",309,0,309
"07/22/2026 05:40 PM","SAN JUAN",313,49,362
"07/23/2026 02:35 AM","ARECIBO",82,0,82
"07/23/2026 02:35 AM","BAYAMON",344,0,344
"07/23/2026 02:35 AM","CAGUAS",5589,0,5589
"07/23/2026 02:35 AM","CAROLINA",1,0,1
"07/23/2026 02:35 AM","MAYAGUEZ",6,0,6
"07/23/2026 02:35 AM","PONCE",3,0,3
"07/23/2026 02:35 AM","SAN JUAN",616,0,616
"07/23/2026 02:40 AM","ARECIBO",82,0,82
"07/23/2026 02:40 AM","BAYAMON",345,0,345
"07/23/2026 02:40 AM","CAGUAS",5589,0,5589
"07/23/2026 02:40 AM","CAROLINA",1,0,1
"07/23/2026 02:40 AM","MAYAGUEZ",6,0,6
"07/23/2026 02:40 AM","PONCE",4,0,4
"07/23/2026 02:40 AM","SAN JUAN",616,0,616
"07/23/2026 02:40 AM","ARECIBO",82,0,82
"07/23/2026 02:40 AM","BAYAMON",345,0,345
"07/23/2026 02:40 AM","CAGUAS",5589,0,5589
"07/23/2026 02:40 AM","CAROLINA",1,0,1
"07/23/2026 02:40 AM","MAYAGUEZ",6,0,6
"07/23/2026 02:40 AM","PONCE",4,0,4
"07/23/2026 02:40 AM","SAN JUAN",616,0,616
"07/23/2026 02:40 AM","ARECIBO",82,0,82
"07/23/2026 02:40 AM","BAYAMON",345,0,345
"07/23/2026 02:40 AM","CAGUAS",5589,0,5589
"07/23/2026 02:40 AM","CAROLINA",1,0,1
"07/23/2026 02:40 AM","MAYAGUEZ",6,0,6
"07/23/2026 02:40 AM","PONCE",4,0,4
"07/23/2026 02:40 AM","SAN JUAN",616,0,616
"07/23/2026 02:45 AM","ARECIBO",82,0,82
"07/23/2026 02:45 AM","BAYAMON",345,0,345
"07/23/2026 02:45 AM","CAGUAS",5590,0,5590
"07/23/2026 02:45 AM","CAROLINA",1,0,1
"07/23/2026 02:45 AM","MAYAGUEZ",6,0,6
"07/23/2026 02:45 AM","PONCE",3,0,3
"07/23/2026 02:45 AM","SAN JUAN",224,0,224
"07/23/2026 02:45 AM","ARECIBO",82,0,82
"07/23/2026 02:45 AM","BAYAMON",345,0,345
"07/23/2026 02:45 AM","CAGUAS",5590,0,5590
"07/23/2026 02:45 AM","CAROLINA",1,0,1
"07/23/2026 02:45 AM","MAYAGUEZ",6,0,6
"07/23/2026 02:45 AM","PONCE",3,0,3
"07/23/2026 02:45 AM","SAN JUAN",224,0,224
"07/23/2026 02:50 AM","ARECIBO",82,0,82
"07/23/2026 02:50 AM","BAYAMON",345,0,345
"07/23/2026 02:50 AM","CAGUAS",5590,0,5590
"07/23/2026 02:50 AM","CAROLINA",1,0,1
"07/23/2026 02:50 AM","MAYAGUEZ",6,0,6
"07/23/2026 02:50 AM","PONCE",3,0,3
"07/23/2026 02:50 AM","SAN JUAN",617,0,617
"07/23/2026 02:50 AM","ARECIBO",82,0,82
"07/23/2026 02:50 AM","BAYAMON",345,0,345
"07/23/2026 02:50 AM","CAGUAS",5590,0,5590
"07/23/2026 02:50 AM","CAROLINA",1,0,1
"07/23/2026 02:50 AM","MAYAGUEZ",6,0,6
"07/23/2026 02:50 AM","PONCE",3,0,3
"07/23/2026 02:50 AM","SAN JUAN",617,0,617
"07/23/2026 02:50 AM","ARECIBO",82,0,82
"07/23/2026 02:50 AM","BAYAMON",345,0,345
"07/23/2026 02:50 AM","CAGUAS",5590,0,5590
"07/23/2026 02:50 AM","CAROLINA",1,0,1
"07/23/2026 02:50 AM","MAYAGUEZ",6,0,6
"07/23/2026 02:50 AM","PONCE",3,0,3
"07/23/2026 02:50 AM","SAN JUAN",617,0,617
"07/23/2026 02:55 AM","ARECIBO",82,0,82
"07/23/2026 02:55 AM","BAYAMON",345,0,345
"07/23/2026 02:55 AM","CAGUAS",5590,0,5590
"07/23/2026 02:55 AM","CAROLINA",2,0,2
"07/23/2026 02:55 AM","MAYAGUEZ",6,0,6
"07/23/2026 02:55 AM","PONCE",3,0,3
"07/23/2026 02:55 AM","SAN JUAN",616,0,616
"07/23/2026 02:55 AM","ARECIBO",82,0,82
"07/23/2026 02:55 AM","BAYAMON",345,0,345
"07/23/2026 02:55 AM","CAGUAS",5590,0,5590
"07/23/2026 02:55 AM","CAROLINA",2,0,2
"07/23/2026 02:55 AM","MAYAGUEZ",6,0,6
"07/23/2026 02:55 AM","PONCE",3,0,3
"07/23/2026 02:55 AM","SAN JUAN",616,0,616
"07/23/2026 03:00 AM","ARECIBO",82,0,82
"07/23/2026 03:00 AM","BAYAMON",345,0,345
"07/23/2026 03:00 AM","CAGUAS",5590,0,5590
"07/23/2026 03:00 AM","CAROLINA",2,0,2
"07/23/2026 03:00 AM","MAYAGUEZ",6,0,6
"07/23/2026 03:00 AM","PONCE",3,0,3
"07/23/2026 03:00 AM","SAN JUAN",616,0,616
"07/23/2026 03:00 AM","ARECIBO",82,0,82
"07/23/2026 03:00 AM","BAYAMON",345,0,345
"07/23/2026 03:00 AM","CAGUAS",5590,0,5590
"07/23/2026 03:00 AM","CAROLINA",2,0,2
"07/23/2026 03:00 AM","MAYAGUEZ",6,0,6
"07/23/2026 03:00 AM","PONCE",3,0,3
"07/23/2026 03:00 AM","SAN JUAN",616,0,616
"07/23/2026 03:00 AM","ARECIBO",82,0,82
"07/23/2026 03:00 AM","BAYAMON",345,0,345
"07/23/2026 03:00 AM","CAGUAS",5590,0,5590
"07/23/2026 03:00 AM","CAROLINA",2,0,2
"07/23/2026 03:00 AM","MAYAGUEZ",6,0,6
"07/23/2026 03:00 AM","PONCE",3,0,3
"07/23/2026 03:00 AM","SAN JUAN",616,0,616
"07/23/2026 03:05 AM","ARECIBO",82,0,82
"07/23/2026 03:05 AM","BAYAMON",345,0,345
"07/23/2026 03:05 AM","CAGUAS",5590,0,5590
"07/23/2026 03:05 AM","CAROLINA",3,0,3
"07/23/2026 03:05 AM","MAYAGUEZ",7,0,7
"07/23/2026 03:05 AM","PONCE",3,0,3
"07/23/2026 03:05 AM","SAN JUAN",616,0,616
"07/23/2026 03:05 AM","ARECIBO",82,0,82
"07/23/2026 03:05 AM","BAYAMON",345,0,345
"07/23/2026 03:05 AM","CAGUAS",5590,0,5590
"07/23/2026 03:05 AM","CAROLINA",3,0,3
"07/23/2026 03:05 AM","MAYAGUEZ",7,0,7
"07/23/2026 03:05 AM","PONCE",3,0,3
"07/23/2026 03:05 AM","SAN JUAN",616,0,616
"07/23/2026 03:10 AM","ARECIBO",82,0,82
"07/23/2026 03:10 AM","BAYAMON",345,0,345
"07/23/2026 03:10 AM","CAGUAS",5590,0,5590
"07/23/2026 03:10 AM","CAROLINA",10,0,10
"07/23/2026 03:10 AM","MAYAGUEZ",7,0,7
"07/23/2026 03:10 AM","PONCE",3,0,3
"07/23/2026 03:10 AM","SAN JUAN",616,0,616
"07/23/2026 03:10 AM","ARECIBO",82,0,82
"07/23/2026 03:10 AM","BAYAMON",345,0,345
"07/23/2026 03:10 AM","CAGUAS",5590,0,5590
"07/23/2026 03:10 AM","CAROLINA",10,0,10
"07/23/2026 03:10 AM","MAYAGUEZ",7,0,7
"07/23/2026 03:10 AM","PONCE",3,0,3
"07/23/2026 03:10 AM","SAN JUAN",616,0,616
"07/23/2026 03:10 AM","ARECIBO",82,0,82
"07/23/2026 03:10 AM","BAYAMON",345,0,345
"07/23/2026 03:10 AM","CAGUAS",5590,0,5590
"07/23/2026 03:10 AM","CAROLINA",10,0,10
"07/23/2026 03:10 AM","MAYAGUEZ",7,0,7
"07/23/2026 03:10 AM","PONCE",3,0,3
"07/23/2026 03:10 AM","SAN JUAN",616,0,616
"07/23/2026 03:15 AM","ARECIBO",82,0,82
"07/23/2026 03:15 AM","BAYAMON",345,0,345
"07/23/2026 03:15 AM","CAGUAS",5590,0,5590
"07/23/2026 03:15 AM","CAROLINA",10,0,10
"07/23/2026 03:15 AM","MAYAGUEZ",7,0,7
"07/23/2026 03:15 AM","PONCE",3,0,3
"07/23/2026 03:15 AM","SAN JUAN",616,0,616
"07/23/2026 03:15 AM","ARECIBO",82,0,82
"07/23/2026 03:15 AM","BAYAMON",345,0,345
"07/23/2026 03:15 AM","CAGUAS",5590,0,5590
"07/23/2026 03:15 AM","CAROLINA",10,0,10
"07/23/2026 03:15 AM","MAYAGUEZ",7,0,7
"07/23/2026 03:15 AM","PONCE",3,0,3
"07/23/2026 03:15 AM","SAN JUAN",616,0,616
"07/23/2026 03:20 AM","ARECIBO",82,0,82
"07/23/2026 03:20 AM","BAYAMON",345,0,345
"07/23/2026 03:20 AM","CAGUAS",8193,0,8193
"07/23/2026 03:20 AM","CAROLINA",10,0,10
"07/23/2026 03:20 AM","MAYAGUEZ",7,0,7
"07/23/2026 03:20 AM","PONCE",3,0,3
"07/23/2026 03:20 AM","SAN JUAN",616,0,616
"07/23/2026 03:20 AM","ARECIBO",82,0,82
"07/23/2026 03:20 AM","BAYAMON",345,0,345
"07/23/2026 03:20 AM","CAGUAS",8193,0,8193
"07/23/2026 03:20 AM","CAROLINA",10,0,10
"07/23/2026 03:20 AM","MAYAGUEZ",7,0,7
"07/23/2026 03:20 AM","PONCE",3,0,3
"07/23/2026 03:20 AM","SAN JUAN",616,0,616
"07/23/2026 03:20 AM","ARECIBO",82,0,82
"07/23/2026 03:20 AM","BAYAMON",345,0,345
"07/23/2026 03:20 AM","CAGUAS",8193,0,8193
"07/23/2026 03:20 AM","CAROLINA",10,0,10
"07/23/2026 03:20 AM","MAYAGUEZ",7,0,7
"07/23/2026 03:20 AM","PONCE",3,0,3
"07/23/2026 03:20 AM","SAN JUAN",616,0,616
"07/23/2026 03:25 AM","ARECIBO",82,0,82
"07/23/2026 03:25 AM","BAYAMON",345,0,345
"07/23/2026 03:25 AM","CAGUAS",5589,0,5589
"07/23/2026 03:25 AM","CAROLINA",10,0,10
"07/23/2026 03:25 AM","MAYAGUEZ",7,0,7
"07/23/2026 03:25 AM","PONCE",3,0,3
"07/23/2026 03:25 AM","SAN JUAN",616,0,616
"07/23/2026 03:25 AM","ARECIBO",82,0,82
"07/23/2026 03:25 AM","BAYAMON",345,0,345
"07/23/2026 03:25 AM","CAGUAS",5589,0,5589
"07/23/2026 03:25 AM","CAROLINA",10,0,10
"07/23/2026 03:25 AM","MAYAGUEZ",7,0,7
"07/23/2026 03:25 AM","PONCE",3,0,3
"07/23/2026 03:25 AM","SAN JUAN",616,0,616
"07/23/2026 03:30 AM","ARECIBO",82,0,82
"07/23/2026 03:30 AM","BAYAMON",345,0,345
"07/23/2026 03:30 AM","CAGUAS",5341,0,5341
"07/23/2026 03:30 AM","CAROLINA",10,0,10
"07/23/2026 03:30 AM","MAYAGUEZ",7,0,7
"07/23/2026 03:30 AM","PONCE",3,0,3
"07/23/2026 03:30 AM","SAN JUAN",616,0,616
"07/23/2026 03:30 AM","ARECIBO",82,0,82
"07/23/2026 03:30 AM","BAYAMON",345,0,345
"07/23/2026 03:30 AM","CAGUAS",5341,0,5341
"07/23/2026 03:30 AM","CAROLINA",10,0,10
"07/23/2026 03:30 AM","MAYAGUEZ",7,0,7
"07/23/2026 03:30 AM","PONCE",3,0,3
"07/23/2026 03:30 AM","SAN JUAN",616,0,616
"07/23/2026 08:15 AM","ARECIBO",222,0,222
"07/23/2026 08:15 AM","BAYAMON",53,223,276
"07/23/2026 08:15 AM","CAGUAS",544,0,544
"07/23/2026 08:15 AM","CAROLINA",34,0,34
"07/23/2026 08:15 AM","MAYAGUEZ",31,0,31
"07/23/2026 08:15 AM","PONCE",9016,753,9769
"07/23/2026 08:15 AM","SAN JUAN",1061,0,1061
"07/23/2026 08:15 AM","ARECIBO",222,0,222
"07/23/2026 08:15 AM","BAYAMON",53,223,276
"07/23/2026 08:15 AM","CAGUAS",544,0,544
"07/23/2026 08:15 AM","CAROLINA",34,0,34
"07/23/2026 08:15 AM","MAYAGUEZ",31,0,31
"07/23/2026 08:15 AM","PONCE",9016,753,9769
"07/23/2026 08:15 AM","SAN JUAN",1061,0,1061
"07/23/2026 08:20 AM","ARECIBO",222,24,246
"07/23/2026 08:20 AM","BAYAMON",54,223,277
"07/23/2026 08:20 AM","CAGUAS",545,0,545
"07/23/2026 08:20 AM","CAROLINA",64,0,64
"07/23/2026 08:20 AM","MAYAGUEZ",33,0,33
"07/23/2026 08:20 AM","PONCE",9017,753,9770
"07/23/2026 08:20 AM","SAN JUAN",1060,0,1060
"07/23/2026 08:20 AM","ARECIBO",222,24,246
"07/23/2026 08:20 AM","BAYAMON",54,223,277
"07/23/2026 08:20 AM","CAGUAS",545,0,545
"07/23/2026 08:20 AM","CAROLINA",64,0,64
"07/23/2026 08:20 AM","MAYAGUEZ",33,0,33
"07/23/2026 08:20 AM","PONCE",9017,753,9770
"07/23/2026 08:20 AM","SAN JUAN",1060,0,1060
"07/23/2026 08:20 AM","ARECIBO",222,24,246
"07/23/2026 08:20 AM","BAYAMON",54,223,277
"07/23/2026 08:20 AM","CAGUAS",545,0,545
"07/23/2026 08:20 AM","CAROLINA",64,0,64
"07/23/2026 08:20 AM","MAYAGUEZ",33,0,33
"07/23/2026 08:20 AM","PONCE",9017,753,9770
"07/23/2026 08:20 AM","SAN JUAN",1060,0,1060
"07/23/2026 08:25 AM","ARECIBO",223,24,247
"07/23/2026 08:25 AM","BAYAMON",54,223,277
"07/23/2026 08:25 AM","CAGUAS",545,0,545
"07/23/2026 08:25 AM","CAROLINA",64,0,64
"07/23/2026 08:25 AM","MAYAGUEZ",34,0,34
"07/23/2026 08:25 AM","PONCE",9018,753,9771
"07/23/2026 08:25 AM","SAN JUAN",1060,0,1060
"07/23/2026 08:25 AM","ARECIBO",223,24,247
"07/23/2026 08:25 AM","BAYAMON",54,223,277
"07/23/2026 08:25 AM","CAGUAS",545,0,545
"07/23/2026 08:25 AM","CAROLINA",64,0,64
"07/23/2026 08:25 AM","MAYAGUEZ",34,0,34
"07/23/2026 08:25 AM","PONCE",9018,753,9771
"07/23/2026 08:25 AM","SAN JUAN",1060,0,1060
"07/23/2026 08:30 AM","ARECIBO",508,24,532
"07/23/2026 08:30 AM","BAYAMON",54,223,277
"07/23/2026 08:30 AM","CAGUAS",537,0,537
"07/23/2026 08:30 AM","CAROLINA",64,0,64
"07/23/2026 08:30 AM","MAYAGUEZ",37,0,37
"07/23/2026 08:30 AM","PONCE",9016,753,9769
"07/23/2026 08:30 AM","SAN JUAN",1061,0,1061
"07/23/2026 08:30 AM","ARECIBO",508,24,532
"07/23/2026 08:30 AM","BAYAMON",54,223,277
"07/23/2026 08:30 AM","CAGUAS",537,0,537
"07/23/2026 08:30 AM","CAROLINA",64,0,64
"07/23/2026 08:30 AM","MAYAGUEZ",37,0,37
"07/23/2026 08:30 AM","PONCE",9016,753,9769
"07/23/2026 08:30 AM","SAN JUAN",1061,0,1061
"07/23/2026 08:30 AM","ARECIBO",508,24,532
"07/23/2026 08:30 AM","BAYAMON",54,223,277
"07/23/2026 08:30 AM","CAGUAS",537,0,537
"07/23/2026 08:30 AM","CAROLINA",64,0,64
"07/23/2026 08:30 AM","MAYAGUEZ",37,0,37
"07/23/2026 08:30 AM","PONCE",9016,753,9769
"07/23/2026 08:30 AM","SAN JUAN",1061,0,1061
"07/23/2026 08:35 AM","ARECIBO",562,24,586
"07/23/2026 08:35 AM","BAYAMON",54,223,277
"07/23/2026 08:35 AM","CAGUAS",572,0,572
"07/23/2026 08:35 AM","CAROLINA",64,0,64
"07/23/2026 08:35 AM","MAYAGUEZ",35,0,35
"07/23/2026 08:35 AM","PONCE",9020,753,9773
"07/23/2026 08:35 AM","SAN JUAN",1061,0,1061
"07/23/2026 08:35 AM","ARECIBO",562,24,586
"07/23/2026 08:35 AM","BAYAMON",54,223,277
"07/23/2026 08:35 AM","CAGUAS",572,0,572
"07/23/2026 08:35 AM","CAROLINA",64,0,64
"07/23/2026 08:35 AM","MAYAGUEZ",35,0,35
"07/23/2026 08:35 AM","PONCE",9020,753,9773
"07/23/2026 08:35 AM","SAN JUAN",1061,0,1061
"07/23/2026 08:40 AM","ARECIBO",563,24,587
"07/23/2026 08:40 AM","BAYAMON",55,223,278
"07/23/2026 08:40 AM","CAGUAS",573,0,573
"07/23/2026 08:40 AM","CAROLINA",63,0,63
"07/23/2026 08:40 AM","MAYAGUEZ",38,0,38
"07/23/2026 08:40 AM","PONCE",9020,753,9773
"07/23/2026 08:40 AM","SAN JUAN",1061,0,1061
"07/23/2026 08:40 AM","ARECIBO",563,24,587
"07/23/2026 08:40 AM","BAYAMON",55,223,278
"07/23/2026 08:40 AM","CAGUAS",573,0,573
"07/23/2026 08:40 AM","CAROLINA",63,0,63
"07/23/2026 08:40 AM","MAYAGUEZ",38,0,38
"07/23/2026 08:40 AM","PONCE",9020,753,9773
"07/23/2026 08:40 AM","SAN JUAN",1061,0,1061
"07/23/2026 08:40 AM","ARECIBO",563,24,587
"07/23/2026 08:40 AM","BAYAMON",55,223,278
"07/23/2026 08:40 AM","CAGUAS",573,0,573
"07/23/2026 08:40 AM","CAROLINA",63,0,63
"07/23/2026 08:40 AM","MAYAGUEZ",38,0,38
"07/23/2026 08:40 AM","PONCE",9020,753,9773
"07/23/2026 08:40 AM","SAN JUAN",1061,0,1061
"07/23/2026 08:45 AM","ARECIBO",572,24,596
"07/23/2026 08:45 AM","BAYAMON",205,223,428
"07/23/2026 08:45 AM","CAGUAS",599,0,599
"07/23/2026 08:45 AM","CAROLINA",65,0,65
"07/23/2026 08:45 AM","MAYAGUEZ",39,0,39
"07/23/2026 08:45 AM","PONCE",9020,753,9773
"07/23/2026 08:45 AM","SAN JUAN",1062,0,1062
"07/23/2026 08:45 AM","ARECIBO",572,24,596
"07/23/2026 08:45 AM","BAYAMON",205,223,428
"07/23/2026 08:45 AM","CAGUAS",599,0,599
"07/23/2026 08:45 AM","CAROLINA",65,0,65
"07/23/2026 08:45 AM","MAYAGUEZ",39,0,39
"07/23/2026 08:45 AM","PONCE",9020,753,9773
"07/23/2026 08:45 AM","SAN JUAN",1062,0,1062
"07/23/2026 08:50 AM","ARECIBO",572,24,596
"07/23/2026 08:50 AM","BAYAMON",204,225,429
"07/23/2026 08:50 AM","CAGUAS",573,0,573
"07/23/2026 08:50 AM","CAROLINA",63,0,63
"07/23/2026 08:50 AM","MAYAGUEZ",40,0,40
"07/23/2026 08:50 AM","PONCE",8735,753,9488
"07/23/2026 08:50 AM","SAN JUAN",1064,0,1064
"07/23/2026 08:50 AM","ARECIBO",572,24,596
"07/23/2026 08:50 AM","BAYAMON",204,225,429
"07/23/2026 08:50 AM","CAGUAS",573,0,573
"07/23/2026 08:50 AM","CAROLINA",63,0,63
"07/23/2026 08:50 AM","MAYAGUEZ",40,0,40
"07/23/2026 08:50 AM","PONCE",8735,753,9488
"07/23/2026 08:50 AM","SAN JUAN",1064,0,1064
"07/23/2026 08:50 AM","ARECIBO",572,24,596
"07/23/2026 08:50 AM","BAYAMON",204,225,429
"07/23/2026 08:50 AM","CAGUAS",573,0,573
"07/23/2026 08:50 AM","CAROLINA",63,0,63
"07/23/2026 08:50 AM","MAYAGUEZ",40,0,40
"07/23/2026 08:50 AM","PONCE",8735,753,9488
"07/23/2026 08:50 AM","SAN JUAN",1064,0,1064
"07/23/2026 08:55 AM","ARECIBO",572,212,784
"07/23/2026 08:55 AM","BAYAMON",196,225,421
"07/23/2026 08:55 AM","CAGUAS",573,56,629
"07/23/2026 08:55 AM","CAROLINA",63,0,63
"07/23/2026 08:55 AM","MAYAGUEZ",42,0,42
"07/23/2026 08:55 AM","PONCE",8734,753,9487
"07/23/2026 08:55 AM","SAN JUAN",1065,0,1065
"07/23/2026 08:55 AM","ARECIBO",572,212,784
"07/23/2026 08:55 AM","BAYAMON",196,225,421
"07/23/2026 08:55 AM","CAGUAS",573,56,629
"07/23/2026 08:55 AM","CAROLINA",63,0,63
"07/23/2026 08:55 AM","MAYAGUEZ",42,0,42
"07/23/2026 08:55 AM","PONCE",8734,753,9487
"07/23/2026 08:55 AM","SAN JUAN",1065,0,1065
"07/23/2026 09:00 AM","ARECIBO",573,212,785
"07/23/2026 09:00 AM","BAYAMON",195,225,420
"07/23/2026 09:00 AM","CAGUAS",574,56,630
"07/23/2026 09:00 AM","CAROLINA",72,0,72
"07/23/2026 09:00 AM","MAYAGUEZ",42,0,42
"07/23/2026 09:00 AM","PONCE",8734,753,9487
"07/23/2026 09:00 AM","SAN JUAN",1065,0,1065
"07/23/2026 09:00 AM","ARECIBO",573,212,785
"07/23/2026 09:00 AM","BAYAMON",195,225,420
"07/23/2026 09:00 AM","CAGUAS",574,56,630
"07/23/2026 09:00 AM","CAROLINA",72,0,72
"07/23/2026 09:00 AM","MAYAGUEZ",42,0,42
"07/23/2026 09:00 AM","PONCE",8734,753,9487
"07/23/2026 09:00 AM","SAN JUAN",1065,0,1065
"07/23/2026 09:00 AM","ARECIBO",573,212,785
"07/23/2026 09:00 AM","BAYAMON",195,225,420
"07/23/2026 09:00 AM","CAGUAS",574,56,630
"07/23/2026 09:00 AM","CAROLINA",72,0,72
"07/23/2026 09:00 AM","MAYAGUEZ",42,0,42
"07/23/2026 09:00 AM","PONCE",8734,753,9487
"07/23/2026 09:00 AM","SAN JUAN",1065,0,1065
"07/23/2026 09:05 AM","ARECIBO",510,212,722
"07/23/2026 09:05 AM","BAYAMON",288,225,513
"07/23/2026 09:05 AM","CAGUAS",577,56,633
"07/23/2026 09:05 AM","CAROLINA",72,0,72
"07/23/2026 09:05 AM","MAYAGUEZ",42,0,42
"07/23/2026 09:05 AM","PONCE",8734,753,9487
"07/23/2026 09:05 AM","SAN JUAN",1067,0,1067
"07/23/2026 09:05 AM","ARECIBO",510,212,722
"07/23/2026 09:05 AM","BAYAMON",288,225,513
"07/23/2026 09:05 AM","CAGUAS",577,56,633
"07/23/2026 09:05 AM","CAROLINA",72,0,72
"07/23/2026 09:05 AM","MAYAGUEZ",42,0,42
"07/23/2026 09:05 AM","PONCE",8734,753,9487
"07/23/2026 09:05 AM","SAN JUAN",1067,0,1067
"07/23/2026 09:10 AM","ARECIBO",511,212,723
"07/23/2026 09:10 AM","BAYAMON",483,522,1005
"07/23/2026 09:10 AM","CAGUAS",579,56,635
"07/23/2026 09:10 AM","CAROLINA",80,0,80
"07/23/2026 09:10 AM","MAYAGUEZ",70,0,70
"07/23/2026 09:10 AM","PONCE",8734,1377,10111
"07/23/2026 09:10 AM","SAN JUAN",1063,0,1063
"07/23/2026 10:20 AM","ARECIBO",186,212,398
"07/23/2026 10:20 AM","BAYAMON",483,1121,1604
"07/23/2026 10:20 AM","CAGUAS",1178,56,1234
"07/23/2026 10:20 AM","CAROLINA",3682,0,3682
"07/23/2026 10:20 AM","MAYAGUEZ",815,0,815
"07/23/2026 10:20 AM","PONCE",8909,2476,11385
"07/23/2026 10:20 AM","SAN JUAN",145,173,318
"07/23/2026 10:20 AM","ARECIBO",186,212,398
"07/23/2026 10:20 AM","BAYAMON",483,1121,1604
"07/23/2026 10:20 AM","CAGUAS",1178,56,1234
"07/23/2026 10:20 AM","CAROLINA",3682,0,3682
"07/23/2026 10:20 AM","MAYAGUEZ",815,0,815
"07/23/2026 10:20 AM","PONCE",8909,2476,11385
"07/23/2026 10:20 AM","SAN JUAN",145,173,318
"07/23/2026 10:25 AM","ARECIBO",164,212,376
"07/23/2026 10:25 AM","BAYAMON",462,1121,1583
"07/23/2026 10:25 AM","CAGUAS",1182,56,1238
"07/23/2026 10:25 AM","CAROLINA",3756,0,3756
"07/23/2026 10:25 AM","MAYAGUEZ",816,0,816
"07/23/2026 10:25 AM","PONCE",8909,2476,11385
"07/23/2026 10:25 AM","SAN JUAN",145,173,318
"07/23/2026 10:25 AM","ARECIBO",164,212,376
"07/23/2026 10:25 AM","BAYAMON",462,1121,1583
"07/23/2026 10:25 AM","CAGUAS",1182,56,1238
"07/23/2026 10:25 AM","CAROLINA",3756,0,3756
"07/23/2026 10:25 AM","MAYAGUEZ",816,0,816
"07/23/2026 10:25 AM","PONCE",8909,2476,11385
"07/23/2026 10:25 AM","SAN JUAN",145,173,318
"07/23/2026 10:30 AM","ARECIBO",164,212,376
"07/23/2026 10:30 AM","BAYAMON",462,1121,1583
"07/23/2026 10:30 AM","CAGUAS",1183,56,1239
"07/23/2026 10:30 AM","CAROLINA",3757,0,3757
"07/23/2026 10:30 AM","MAYAGUEZ",88,0,88
"07/23/2026 10:30 AM","PONCE",8908,2476,11384
"07/23/2026 10:30 AM","SAN JUAN",145,173,318
"07/23/2026 10:30 AM","ARECIBO",164,212,376
"07/23/2026 10:30 AM","BAYAMON",462,1121,1583
"07/23/2026 10:30 AM","CAGUAS",1183,56,1239
"07/23/2026 10:30 AM","CAROLINA",3757,0,3757
"07/23/2026 10:30 AM","MAYAGUEZ",88,0,88
"07/23/2026 10:30 AM","PONCE",8908,2476,11384
"07/23/2026 10:30 AM","SAN JUAN",145,173,318
"07/23/2026 10:30 AM","ARECIBO",164,212,376
"07/23/2026 10:30 AM","BAYAMON",462,1121,1583
"07/23/2026 10:30 AM","CAGUAS",1183,56,1239
"07/23/2026 10:30 AM","CAROLINA",3757,0,3757
"07/23/2026 10:30 AM","MAYAGUEZ",88,0,88
"07/23/2026 10:30 AM","PONCE",8908,2476,11384
"07/23/2026 10:30 AM","SAN JUAN",145,173,318
"07/23/2026 10:35 AM","ARECIBO",187,212,399
"07/23/2026 10:35 AM","BAYAMON",474,1122,1596
"07/23/2026 10:35 AM","CAGUAS",882,56,938
"07/23/2026 10:35 AM","CAROLINA",3757,0,3757
"07/23/2026 10:35 AM","MAYAGUEZ",88,0,88
"07/23/2026 10:35 AM","PONCE",8909,2476,11385
"07/23/2026 10:35 AM","SAN JUAN",142,173,315
"07/23/2026 10:35 AM","ARECIBO",187,212,399
"07/23/2026 10:35 AM","BAYAMON",474,1122,1596
"07/23/2026 10:35 AM","CAGUAS",882,56,938
"07/23/2026 10:35 AM","CAROLINA",3757,0,3757
"07/23/2026 10:35 AM","MAYAGUEZ",88,0,88
"07/23/2026 10:35 AM","PONCE",8909,2476,11385
"07/23/2026 10:35 AM","SAN JUAN",142,173,315
"07/23/2026 10:40 AM","ARECIBO",186,212,398
"07/23/2026 10:40 AM","BAYAMON",476,1122,1598
"07/23/2026 10:40 AM","CAGUAS",881,56,937
"07/23/2026 10:40 AM","CAROLINA",3734,0,3734
"07/23/2026 10:40 AM","MAYAGUEZ",89,0,89
"07/23/2026 10:40 AM","PONCE",8909,2476,11385
"07/23/2026 10:40 AM","SAN JUAN",142,173,315
"07/23/2026 10:40 AM","ARECIBO",186,212,398
"07/23/2026 10:40 AM","BAYAMON",476,1122,1598
"07/23/2026 10:40 AM","CAGUAS",881,56,937
"07/23/2026 10:40 AM","CAROLINA",3734,0,3734
"07/23/2026 10:40 AM","MAYAGUEZ",89,0,89
"07/23/2026 10:40 AM","PONCE",8909,2476,11385
"07/23/2026 10:40 AM","SAN JUAN",142,173,315
"07/23/2026 10:40 AM","ARECIBO",186,212,398
"07/23/2026 10:40 AM","BAYAMON",476,1122,1598
"07/23/2026 10:40 AM","CAGUAS",881,56,937
"07/23/2026 10:40 AM","CAROLINA",3734,0,3734
"07/23/2026 10:40 AM","MAYAGUEZ",89,0,89
"07/23/2026 10:40 AM","PONCE",8909,2476,11385
"07/23/2026 10:40 AM","SAN JUAN",142,173,315
"07/23/2026 10:45 AM","ARECIBO",186,212,398
"07/23/2026 10:45 AM","BAYAMON",476,1122,1598
"07/23/2026 10:45 AM","CAGUAS",881,56,937
"07/23/2026 10:45 AM","CAROLINA",3614,0,3614
"07/23/2026 10:45 AM","MAYAGUEZ",77,0,77
"07/23/2026 10:45 AM","PONCE",8908,2476,11384
"07/23/2026 10:45 AM","SAN JUAN",143,173,316
"07/23/2026 10:45 AM","ARECIBO",186,212,398
"07/23/2026 10:45 AM","BAYAMON",476,1122,1598
"07/23/2026 10:45 AM","CAGUAS",881,56,937
"07/23/2026 10:45 AM","CAROLINA",3614,0,3614
"07/23/2026 10:45 AM","MAYAGUEZ",77,0,77
"07/23/2026 10:45 AM","PONCE",8908,2476,11384
"07/23/2026 10:45 AM","SAN JUAN",143,173,316
"07/23/2026 10:50 AM","ARECIBO",189,212,401
"07/23/2026 10:50 AM","BAYAMON",476,1122,1598
"07/23/2026 10:50 AM","CAGUAS",883,56,939
"07/23/2026 10:50 AM","CAROLINA",3614,0,3614
"07/23/2026 10:50 AM","MAYAGUEZ",77,0,77
"07/23/2026 10:50 AM","PONCE",8909,2476,11385
"07/23/2026 10:50 AM","SAN JUAN",142,173,315
"07/23/2026 10:50 AM","ARECIBO",189,212,401
"07/23/2026 10:50 AM","BAYAMON",476,1122,1598
"07/23/2026 10:50 AM","CAGUAS",883,56,939
"07/23/2026 10:50 AM","CAROLINA",3614,0,3614
"07/23/2026 10:50 AM","MAYAGUEZ",77,0,77
"07/23/2026 10:50 AM","PONCE",8909,2476,11385
"07/23/2026 10:50 AM","SAN JUAN",142,173,315
"07/23/2026 10:50 AM","ARECIBO",189,212,401
"07/23/2026 10:50 AM","BAYAMON",476,1122,1598
"07/23/2026 10:50 AM","CAGUAS",883,56,939
"07/23/2026 10:50 AM","CAROLINA",3614,0,3614
"07/23/2026 10:50 AM","MAYAGUEZ",77,0,77
"07/23/2026 10:50 AM","PONCE",8909,2476,11385
"07/23/2026 10:50 AM","SAN JUAN",142,173,315
"07/23/2026 10:55 AM","ARECIBO",190,212,402
"07/23/2026 10:55 AM","BAYAMON",477,1122,1599
"07/23/2026 10:55 AM","CAGUAS",884,56,940
"07/23/2026 10:55 AM","CAROLINA",3614,0,3614
"07/23/2026 10:55 AM","MAYAGUEZ",76,0,76
"07/23/2026 10:55 AM","PONCE",8931,2476,11407
"07/23/2026 10:55 AM","SAN JUAN",142,173,315
"07/23/2026 10:55 AM","ARECIBO",190,212,402
"07/23/2026 10:55 AM","BAYAMON",477,1122,1599
"07/23/2026 10:55 AM","CAGUAS",884,56,940
"07/23/2026 10:55 AM","CAROLINA",3614,0,3614
"07/23/2026 10:55 AM","MAYAGUEZ",76,0,76
"07/23/2026 10:55 AM","PONCE",8931,2476,11407
"07/23/2026 10:55 AM","SAN JUAN",142,173,315
"07/23/2026 11:00 AM","ARECIBO",190,212,402
"07/23/2026 11:00 AM","BAYAMON",475,1122,1597
"07/23/2026 11:00 AM","CAGUAS",1503,56,1559
"07/23/2026 11:00 AM","CAROLINA",3614,0,3614
"07/23/2026 11:00 AM","MAYAGUEZ",76,0,76
"07/23/2026 11:00 AM","PONCE",8931,2476,11407
"07/23/2026 11:00 AM","SAN JUAN",122,173,295
"07/23/2026 11:00 AM","ARECIBO",190,212,402
"07/23/2026 11:00 AM","BAYAMON",475,1122,1597
"07/23/2026 11:00 AM","CAGUAS",1503,56,1559
"07/23/2026 11:00 AM","CAROLINA",3614,0,3614
"07/23/2026 11:00 AM","MAYAGUEZ",76,0,76
"07/23/2026 11:00 AM","PONCE",8931,2476,11407
"07/23/2026 11:00 AM","SAN JUAN",122,173,295
"07/23/2026 11:00 AM","ARECIBO",190,212,402
"07/23/2026 11:00 AM","BAYAMON",475,1122,1597
"07/23/2026 11:00 AM","CAGUAS",1503,56,1559
"07/23/2026 11:00 AM","CAROLINA",3614,0,3614
"07/23/2026 11:00 AM","MAYAGUEZ",76,0,76
"07/23/2026 11:00 AM","PONCE",8931,2476,11407
"07/23/2026 11:00 AM","SAN JUAN",122,173,295
"07/23/2026 11:05 AM","ARECIBO",163,212,375
"07/23/2026 11:05 AM","BAYAMON",475,1122,1597
"07/23/2026 11:05 AM","CAGUAS",1503,56,1559
"07/23/2026 11:05 AM","CAROLINA",3614,0,3614
"07/23/2026 11:05 AM","MAYAGUEZ",76,0,76
"07/23/2026 11:05 AM","PONCE",8740,2476,11216
"07/23/2026 11:05 AM","SAN JUAN",136,173,309
"07/23/2026 11:05 AM","ARECIBO",163,212,375
"07/23/2026 11:05 AM","BAYAMON",475,1122,1597
"07/23/2026 11:05 AM","CAGUAS",1503,56,1559
"07/23/2026 11:05 AM","CAROLINA",3614,0,3614
"07/23/2026 11:05 AM","MAYAGUEZ",76,0,76
"07/23/2026 11:05 AM","PONCE",8740,2476,11216
"07/23/2026 11:05 AM","SAN JUAN",136,173,309
"07/23/2026 11:10 AM","ARECIBO",162,212,374
"07/23/2026 11:10 AM","BAYAMON",475,1122,1597
"07/23/2026 11:10 AM","CAGUAS",1503,56,1559
"07/23/2026 11:10 AM","CAROLINA",39,0,39
"07/23/2026 11:10 AM","MAYAGUEZ",161,0,161
"07/23/2026 11:10 AM","PONCE",8724,2476,11200
"07/23/2026 11:10 AM","SAN JUAN",136,173,309
"07/23/2026 11:10 AM","ARECIBO",162,212,374
"07/23/2026 11:10 AM","BAYAMON",475,1122,1597
"07/23/2026 11:10 AM","CAGUAS",1503,56,1559
"07/23/2026 11:10 AM","CAROLINA",39,0,39
"07/23/2026 11:10 AM","MAYAGUEZ",161,0,161
"07/23/2026 11:10 AM","PONCE",8724,2476,11200
"07/23/2026 11:10 AM","SAN JUAN",136,173,309
"07/23/2026 11:10 AM","ARECIBO",162,212,374
"07/23/2026 11:10 AM","BAYAMON",475,1122,1597
"07/23/2026 11:10 AM","CAGUAS",1503,56,1559
"07/23/2026 11:10 AM","CAROLINA",39,0,39
"07/23/2026 11:10 AM","MAYAGUEZ",161,0,161
"07/23/2026 11:10 AM","PONCE",8724,2476,11200
"07/23/2026 11:10 AM","SAN JUAN",136,173,309
"07/23/2026 11:15 AM","ARECIBO",162,212,374
"07/23/2026 11:15 AM","BAYAMON",474,1122,1596
"07/23/2026 11:15 AM","CAGUAS",1503,56,1559
"07/23/2026 11:15 AM","CAROLINA",39,0,39
"07/23/2026 11:15 AM","MAYAGUEZ",160,0,160
"07/23/2026 11:15 AM","PONCE",8632,2476,11108
"07/23/2026 11:15 AM","SAN JUAN",138,173,311
"07/23/2026 01:55 PM","ARECIBO",4534,212,4746
"07/23/2026 01:55 PM","BAYAMON",48,1137,1185
"07/23/2026 01:55 PM","CAGUAS",1370,56,1426
"07/23/2026 01:55 PM","CAROLINA",34,0,34
"07/23/2026 01:55 PM","MAYAGUEZ",55,0,55
"07/23/2026 01:55 PM","PONCE",8583,2476,11059
"07/23/2026 01:55 PM","SAN JUAN",144,753,897
"07/23/2026 02:00 PM","ARECIBO",4534,212,4746
"07/23/2026 02:00 PM","BAYAMON",47,1137,1184
"07/23/2026 02:00 PM","CAGUAS",1370,56,1426
"07/23/2026 02:00 PM","CAROLINA",34,0,34
"07/23/2026 02:00 PM","MAYAGUEZ",55,0,55
"07/23/2026 02:00 PM","PONCE",8583,2476,11059
"07/23/2026 02:00 PM","SAN JUAN",145,753,898
"07/23/2026 02:00 PM","ARECIBO",4534,212,4746
"07/23/2026 02:00 PM","BAYAMON",47,1137,1184
"07/23/2026 02:00 PM","CAGUAS",1370,56,1426
"07/23/2026 02:00 PM","CAROLINA",34,0,34
"07/23/2026 02:00 PM","MAYAGUEZ",55,0,55
"07/23/2026 02:00 PM","PONCE",8583,2476,11059
"07/23/2026 02:00 PM","SAN JUAN",145,753,898
"07/23/2026 02:00 PM","ARECIBO",4534,212,4746
"07/23/2026 02:00 PM","BAYAMON",47,1137,1184
"07/23/2026 02:00 PM","CAGUAS",1370,56,1426
"07/23/2026 02:00 PM","CAROLINA",34,0,34
"07/23/2026 02:00 PM","MAYAGUEZ",55,0,55
"07/23/2026 02:00 PM","PONCE",8583,2476,11059
"07/23/2026 02:00 PM","SAN JUAN",145,753,898
"07/23/2026 02:05 PM","ARECIBO",4536,212,4748
"07/23/2026 02:05 PM","BAYAMON",102,1137,1239
"07/23/2026 02:05 PM","CAGUAS",1369,56,1425
"07/23/2026 02:05 PM","CAROLINA",18,0,18
"07/23/2026 02:05 PM","MAYAGUEZ",55,0,55
"07/23/2026 02:05 PM","PONCE",8592,2476,11068
"07/23/2026 02:05 PM","SAN JUAN",5635,753,6388
"07/23/2026 02:05 PM","ARECIBO",4536,212,4748
"07/23/2026 02:05 PM","BAYAMON",102,1137,1239
"07/23/2026 02:05 PM","CAGUAS",1369,56,1425
"07/23/2026 02:05 PM","CAROLINA",18,0,18
"07/23/2026 02:05 PM","MAYAGUEZ",55,0,55
"07/23/2026 02:05 PM","PONCE",8592,2476,11068
"07/23/2026 02:05 PM","SAN JUAN",5635,753,6388
"07/23/2026 02:10 PM","ARECIBO",4537,212,4749
"07/23/2026 02:10 PM","BAYAMON",102,1137,1239
"07/23/2026 02:10 PM","CAGUAS",1369,56,1425
"07/23/2026 02:10 PM","CAROLINA",18,0,18
"07/23/2026 02:10 PM","MAYAGUEZ",32,0,32
"07/23/2026 02:10 PM","PONCE",8593,2476,11069
"07/23/2026 02:10 PM","SAN JUAN",5430,753,6183
"07/23/2026 02:10 PM","ARECIBO",4537,212,4749
"07/23/2026 02:10 PM","BAYAMON",102,1137,1239
"07/23/2026 02:10 PM","CAGUAS",1369,56,1425
"07/23/2026 02:10 PM","CAROLINA",18,0,18
"07/23/2026 02:10 PM","MAYAGUEZ",32,0,32
"07/23/2026 02:10 PM","PONCE",8593,2476,11069
"07/23/2026 02:10 PM","SAN JUAN",5430,753,6183
"07/23/2026 02:10 PM","ARECIBO",4537,212,4749
"07/23/2026 02:10 PM","BAYAMON",102,1137,1239
"07/23/2026 02:10 PM","CAGUAS",1369,56,1425
"07/23/2026 02:10 PM","CAROLINA",18,0,18
"07/23/2026 02:10 PM","MAYAGUEZ",32,0,32
"07/23/2026 02:10 PM","PONCE",8593,2476,11069
"07/23/2026 02:10 PM","SAN JUAN",5430,753,6183
"07/23/2026 02:15 PM","ARECIBO",4536,212,4748
"07/23/2026 02:15 PM","BAYAMON",397,1137,1534
"07/23/2026 02:15 PM","CAGUAS",1369,56,1425
"07/23/2026 02:15 PM","CAROLINA",18,0,18
"07/23/2026 02:15 PM","MAYAGUEZ",32,0,32
"07/23/2026 02:15 PM","PONCE",8593,2476,11069
"07/23/2026 02:15 PM","SAN JUAN",308,753,1061
"07/23/2026 02:15 PM","ARECIBO",4536,212,4748
"07/23/2026 02:15 PM","BAYAMON",397,1137,1534
"07/23/2026 02:15 PM","CAGUAS",1369,56,1425
"07/23/2026 02:15 PM","CAROLINA",18,0,18
"07/23/2026 02:15 PM","MAYAGUEZ",32,0,32
"07/23/2026 02:15 PM","PONCE",8593,2476,11069
"07/23/2026 02:15 PM","SAN JUAN",308,753,1061
"07/23/2026 02:20 PM","ARECIBO",4536,212,4748
"07/23/2026 02:20 PM","BAYAMON",48,1137,1185
"07/23/2026 02:20 PM","CAGUAS",1366,56,1422
"07/23/2026 02:20 PM","CAROLINA",25,0,25
"07/23/2026 02:20 PM","MAYAGUEZ",32,0,32
"07/23/2026 02:20 PM","PONCE",8593,2476,11069
"07/23/2026 02:20 PM","SAN JUAN",701,753,1454
"07/23/2026 02:20 PM","ARECIBO",4536,212,4748
"07/23/2026 02:20 PM","BAYAMON",48,1137,1185
"07/23/2026 02:20 PM","CAGUAS",1366,56,1422
"07/23/2026 02:20 PM","CAROLINA",25,0,25
"07/23/2026 02:20 PM","MAYAGUEZ",32,0,32
"07/23/2026 02:20 PM","PONCE",8593,2476,11069
"07/23/2026 02:20 PM","SAN JUAN",701,753,1454
"07/23/2026 02:20 PM","ARECIBO",4536,212,4748
"07/23/2026 02:20 PM","BAYAMON",48,1137,1185
"07/23/2026 02:20 PM","CAGUAS",1366,56,1422
"07/23/2026 02:20 PM","CAROLINA",25,0,25
"07/23/2026 02:20 PM","MAYAGUEZ",32,0,32
"07/23/2026 02:20 PM","PONCE",8593,2476,11069
"07/23/2026 02:20 PM","SAN JUAN",701,753,1454
"07/23/2026 02:25 PM","ARECIBO",4353,212,4565
"07/23/2026 02:25 PM","BAYAMON",52,1137,1189
"07/23/2026 02:25 PM","CAGUAS",1366,56,1422
"07/23/2026 02:25 PM","CAROLINA",25,0,25
"07/23/2026 02:25 PM","MAYAGUEZ",32,0,32
"07/23/2026 02:25 PM","PONCE",8594,2476,11070
"07/23/2026 02:25 PM","SAN JUAN",1409,753,2162
"07/23/2026 02:25 PM","ARECIBO",4353,212,4565
"07/23/2026 02:25 PM","BAYAMON",52,1137,1189
"07/23/2026 02:25 PM","CAGUAS",1366,56,1422
"07/23/2026 02:25 PM","CAROLINA",25,0,25
"07/23/2026 02:25 PM","MAYAGUEZ",32,0,32
"07/23/2026 02:25 PM","PONCE",8594,2476,11070
"07/23/2026 02:25 PM","SAN JUAN",1409,753,2162
"07/23/2026 02:30 PM","ARECIBO",4353,212,4565
"07/23/2026 02:30 PM","BAYAMON",57,1137,1194
"07/23/2026 02:30 PM","CAGUAS",1555,56,1611
"07/23/2026 02:30 PM","CAROLINA",25,0,25
"07/23/2026 02:30 PM","MAYAGUEZ",33,0,33
"07/23/2026 02:30 PM","PONCE",8595,2476,11071
"07/23/2026 02:30 PM","SAN JUAN",702,753,1455
"07/23/2026 02:30 PM","ARECIBO",4353,212,4565
"07/23/2026 02:30 PM","BAYAMON",57,1137,1194
"07/23/2026 02:30 PM","CAGUAS",1555,56,1611
"07/23/2026 02:30 PM","CAROLINA",25,0,25
"07/23/2026 02:30 PM","MAYAGUEZ",33,0,33
"07/23/2026 02:30 PM","PONCE",8595,2476,11071
"07/23/2026 02:30 PM","SAN JUAN",702,753,1455
"07/23/2026 02:35 PM","ARECIBO",115,212,327
"07/23/2026 02:35 PM","BAYAMON",57,1137,1194
"07/23/2026 02:35 PM","CAGUAS",1556,56,1612
"07/23/2026 02:35 PM","CAROLINA",25,0,25
"07/23/2026 02:35 PM","MAYAGUEZ",38,0,38
"07/23/2026 02:35 PM","PONCE",8595,2476,11071
"07/23/2026 02:35 PM","SAN JUAN",702,753,1455
"07/23/2026 02:35 PM","ARECIBO",115,212,327
"07/23/2026 02:35 PM","BAYAMON",57,1137,1194
"07/23/2026 02:35 PM","CAGUAS",1556,56,1612
"07/23/2026 02:35 PM","CAROLINA",25,0,25
"07/23/2026 02:35 PM","MAYAGUEZ",38,0,38
"07/23/2026 02:35 PM","PONCE",8595,2476,11071
"07/23/2026 02:35 PM","SAN JUAN",702,753,1455
"07/23/2026 02:35 PM","ARECIBO",115,212,327
"07/23/2026 02:35 PM","BAYAMON",57,1137,1194
"07/23/2026 02:35 PM","CAGUAS",1556,56,1612
"07/23/2026 02:35 PM","CAROLINA",25,0,25
"07/23/2026 02:35 PM","MAYAGUEZ",38,0,38
"07/23/2026 02:35 PM","PONCE",8595,2476,11071
"07/23/2026 02:35 PM","SAN JUAN",702,753,1455
"07/23/2026 02:40 PM","ARECIBO",24,212,236
"07/23/2026 02:40 PM","BAYAMON",57,1137,1194
"07/23/2026 02:40 PM","CAGUAS",1548,56,1604
"07/23/2026 02:40 PM","CAROLINA",26,0,26
"07/23/2026 02:40 PM","MAYAGUEZ",66,0,66
"07/23/2026 02:40 PM","PONCE",8719,2476,11195
"07/23/2026 02:40 PM","SAN JUAN",714,753,1467
"07/23/2026 02:40 PM","ARECIBO",24,212,236
"07/23/2026 02:40 PM","BAYAMON",57,1137,1194
"07/23/2026 02:40 PM","CAGUAS",1548,56,1604
"07/23/2026 02:40 PM","CAROLINA",26,0,26
"07/23/2026 02:40 PM","MAYAGUEZ",66,0,66
"07/23/2026 02:40 PM","PONCE",8719,2476,11195
"07/23/2026 02:40 PM","SAN JUAN",714,753,1467
"07/23/2026 02:45 PM","ARECIBO",24,212,236
"07/23/2026 02:45 PM","BAYAMON",63,1137,1200
"07/23/2026 02:45 PM","CAGUAS",1555,56,1611
"07/23/2026 02:45 PM","CAROLINA",26,0,26
"07/23/2026 02:45 PM","MAYAGUEZ",66,0,66
"07/23/2026 02:45 PM","PONCE",8720,2476,11196
"07/23/2026 02:45 PM","SAN JUAN",714,753,1467
"07/23/2026 02:45 PM","ARECIBO",24,212,236
"07/23/2026 02:45 PM","BAYAMON",63,1137,1200
"07/23/2026 02:45 PM","CAGUAS",1555,56,1611
"07/23/2026 02:45 PM","CAROLINA",26,0,26
"07/23/2026 02:45 PM","MAYAGUEZ",66,0,66
"07/23/2026 02:45 PM","PONCE",8720,2476,11196
"07/23/2026 02:45 PM","SAN JUAN",714,753,1467
"07/23/2026 02:45 PM","ARECIBO",24,212,236
"07/23/2026 02:45 PM","BAYAMON",63,1137,1200
"07/23/2026 02:45 PM","CAGUAS",1555,56,1611
"07/23/2026 02:45 PM","CAROLINA",26,0,26
"07/23/2026 02:45 PM","MAYAGUEZ",66,0,66
"07/23/2026 02:45 PM","PONCE",8720,2476,11196
"07/23/2026 02:45 PM","SAN JUAN",714,753,1467
"07/23/2026 02:50 PM","ARECIBO",24,212,236
"07/23/2026 02:50 PM","BAYAMON",63,1137,1200
"07/23/2026 02:50 PM","CAGUAS",1557,56,1613
"07/23/2026 02:50 PM","CAROLINA",23,0,23
"07/23/2026 02:50 PM","MAYAGUEZ",67,0,67
"07/23/2026 02:50 PM","PONCE",8718,2479,11197
"07/23/2026 02:50 PM","SAN JUAN",716,753,1469
"07/23/2026 02:50 PM","ARECIBO",24,212,236
"07/23/2026 02:50 PM","BAYAMON",63,1137,1200
"07/23/2026 02:50 PM","CAGUAS",1557,56,1613
"07/23/2026 02:50 PM","CAROLINA",23,0,23
"07/23/2026 02:50 PM","MAYAGUEZ",67,0,67
"07/23/2026 02:50 PM","PONCE",8718,2479,11197
"07/23/2026 02:50 PM","SAN JUAN",716,753,1469
"07/23/2026 05:15 PM","ARECIBO",874,24,898
"07/23/2026 05:15 PM","BAYAMON",723,249,972
"07/23/2026 05:15 PM","CAGUAS",1169,56,1225
"07/23/2026 05:15 PM","CAROLINA",13,0,13
"07/23/2026 05:15 PM","MAYAGUEZ",1195,0,1195
"07/23/2026 05:15 PM","PONCE",141,758,899
"07/23/2026 05:15 PM","SAN JUAN",251,0,251
"07/23/2026 05:15 PM","ARECIBO",874,24,898
"07/23/2026 05:15 PM","BAYAMON",723,249,972
"07/23/2026 05:15 PM","CAGUAS",1169,56,1225
"07/23/2026 05:15 PM","CAROLINA",13,0,13
"07/23/2026 05:15 PM","MAYAGUEZ",1195,0,1195
"07/23/2026 05:15 PM","PONCE",141,758,899
"07/23/2026 05:15 PM","SAN JUAN",251,0,251
"07/23/2026 05:20 PM","ARECIBO",874,24,898
"07/23/2026 05:20 PM","BAYAMON",724,249,973
"07/23/2026 05:20 PM","CAGUAS",1159,56,1215
"07/23/2026 05:20 PM","CAROLINA",13,0,13
"07/23/2026 05:20 PM","MAYAGUEZ",1088,0,1088
"07/23/2026 05:20 PM","PONCE",139,758,897
"07/23/2026 05:20 PM","SAN JUAN",270,0,270
"07/23/2026 05:20 PM","ARECIBO",874,24,898
"07/23/2026 05:20 PM","BAYAMON",724,249,973
"07/23/2026 05:20 PM","CAGUAS",1159,56,1215
"07/23/2026 05:20 PM","CAROLINA",13,0,13
"07/23/2026 05:20 PM","MAYAGUEZ",1088,0,1088
"07/23/2026 05:20 PM","PONCE",139,758,897
"07/23/2026 05:20 PM","SAN JUAN",270,0,270
"07/23/2026 05:25 PM","ARECIBO",875,24,899
"07/23/2026 05:25 PM","BAYAMON",725,249,974
"07/23/2026 05:25 PM","CAGUAS",1161,56,1217
"07/23/2026 05:25 PM","CAROLINA",13,0,13
"07/23/2026 05:25 PM","MAYAGUEZ",1057,0,1057
"07/23/2026 05:25 PM","PONCE",139,758,897
"07/23/2026 05:25 PM","SAN JUAN",269,0,269
"07/23/2026 05:25 PM","ARECIBO",875,24,899
"07/23/2026 05:25 PM","BAYAMON",725,249,974
"07/23/2026 05:25 PM","CAGUAS",1161,56,1217
"07/23/2026 05:25 PM","CAROLINA",13,0,13
"07/23/2026 05:25 PM","MAYAGUEZ",1057,0,1057
"07/23/2026 05:25 PM","PONCE",139,758,897
"07/23/2026 05:25 PM","SAN JUAN",269,0,269
"07/23/2026 05:25 PM","ARECIBO",875,24,899
"07/23/2026 05:25 PM","BAYAMON",725,249,974
"07/23/2026 05:25 PM","CAGUAS",1161,56,1217
"07/23/2026 05:25 PM","CAROLINA",13,0,13
"07/23/2026 05:25 PM","MAYAGUEZ",1057,0,1057
"07/23/2026 05:25 PM","PONCE",139,758,897
"07/23/2026 05:25 PM","SAN JUAN",269,0,269
"07/23/2026 05:30 PM","ARECIBO",876,24,900
"07/23/2026 05:30 PM","BAYAMON",726,249,975
"07/23/2026 05:30 PM","CAGUAS",822,56,878
"07/23/2026 05:30 PM","CAROLINA",13,0,13
"07/23/2026 05:30 PM","MAYAGUEZ",1057,0,1057
"07/23/2026 05:30 PM","PONCE",139,758,897
"07/23/2026 05:30 PM","SAN JUAN",271,0,271
"07/23/2026 05:30 PM","ARECIBO",876,24,900
"07/23/2026 05:30 PM","BAYAMON",726,249,975
"07/23/2026 05:30 PM","CAGUAS",822,56,878
"07/23/2026 05:30 PM","CAROLINA",13,0,13
"07/23/2026 05:30 PM","MAYAGUEZ",1057,0,1057
"07/23/2026 05:30 PM","PONCE",139,758,897
"07/23/2026 05:30 PM","SAN JUAN",271,0,271
"07/23/2026 05:35 PM","ARECIBO",876,24,900
"07/23/2026 05:35 PM","BAYAMON",726,240,966
"07/23/2026 05:35 PM","CAGUAS",824,56,880
"07/23/2026 05:35 PM","CAROLINA",12,0,12
"07/23/2026 05:35 PM","MAYAGUEZ",1058,0,1058
"07/23/2026 05:35 PM","PONCE",139,758,897
"07/23/2026 05:35 PM","SAN JUAN",247,0,247
"07/23/2026 05:35 PM","ARECIBO",876,24,900
"07/23/2026 05:35 PM","BAYAMON",726,240,966
"07/23/2026 05:35 PM","CAGUAS",824,56,880
"07/23/2026 05:35 PM","CAROLINA",12,0,12
"07/23/2026 05:35 PM","MAYAGUEZ",1058,0,1058
"07/23/2026 05:35 PM","PONCE",139,758,897
"07/23/2026 05:35 PM","SAN JUAN",247,0,247
"07/23/2026 05:35 PM","ARECIBO",876,24,900
"07/23/2026 05:35 PM","BAYAMON",726,240,966
"07/23/2026 05:35 PM","CAGUAS",824,56,880
"07/23/2026 05:35 PM","CAROLINA",12,0,12
"07/23/2026 05:35 PM","MAYAGUEZ",1058,0,1058
"07/23/2026 05:35 PM","PONCE",139,758,897
"07/23/2026 05:35 PM","SAN JUAN",247,0,247
"07/23/2026 05:40 PM","ARECIBO",876,24,900
"07/23/2026 05:40 PM","BAYAMON",727,240,967
"07/23/2026 05:40 PM","CAGUAS",824,56,880
"07/23/2026 05:40 PM","CAROLINA",12,0,12
"07/23/2026 05:40 PM","MAYAGUEZ",1058,0,1058
"07/23/2026 05:40 PM","PONCE",139,758,897
"07/23/2026 05:40 PM","SAN JUAN",153,0,153
"07/23/2026 05:40 PM","ARECIBO",876,24,900
"07/23/2026 05:40 PM","BAYAMON",727,240,967
"07/23/2026 05:40 PM","CAGUAS",824,56,880
"07/23/2026 05:40 PM","CAROLINA",12,0,12
"07/23/2026 05:40 PM","MAYAGUEZ",1058,0,1058
"07/23/2026 05:40 PM","PONCE",139,758,897
"07/23/2026 05:40 PM","SAN JUAN",153,0,153
"07/23/2026 05:40 PM","ARECIBO",876,24,900
"07/23/2026 05:40 PM","BAYAMON",727,240,967
"07/23/2026 05:40 PM","CAGUAS",824,56,880
"07/23/2026 05:40 PM","CAROLINA",12,0,12
"07/23/2026 05:40 PM","MAYAGUEZ",1058,0,1058
"07/23/2026 05:40 PM","PONCE",139,758,897
"07/23/2026 05:40 PM","SAN JUAN",153,0,153
"07/23/2026 05:45 PM","ARECIBO",876,24,900
"07/23/2026 05:45 PM","BAYAMON",727,240,967
"07/23/2026 05:45 PM","CAGUAS",823,56,879
"07/23/2026 05:45 PM","CAROLINA",12,0,12
"07/23/2026 05:45 PM","MAYAGUEZ",1058,0,1058
"07/23/2026 05:45 PM","PONCE",139,758,897
"07/23/2026 05:45 PM","SAN JUAN",153,0,153
"07/23/2026 05:45 PM","ARECIBO",876,24,900
"07/23/2026 05:45 PM","BAYAMON",727,240,967
"07/23/2026 05:45 PM","CAGUAS",823,56,879
"07/23/2026 05:45 PM","CAROLINA",12,0,12
"07/23/2026 05:45 PM","MAYAGUEZ",1058,0,1058
"07/23/2026 05:45 PM","PONCE",139,758,897
"07/23/2026 05:45 PM","SAN JUAN",153,0,153
"07/23/2026 05:50 PM","ARECIBO",515,24,539
"07/23/2026 05:50 PM","BAYAMON",689,240,929
"07/23/2026 05:50 PM","CAGUAS",822,56,878
"07/23/2026 05:50 PM","CAROLINA",0,0,0
"07/23/2026 05:50 PM","MAYAGUEZ",1057,0,1057
"07/23/2026 05:50 PM","PONCE",140,758,898
"07/23/2026 05:50 PM","SAN JUAN",153,0,153
"07/23/2026 05:50 PM","ARECIBO",515,24,539
"07/23/2026 05:50 PM","BAYAMON",689,240,929
"07/23/2026 05:50 PM","CAGUAS",822,56,878
"07/23/2026 05:50 PM","CAROLINA",0,0,0
"07/23/2026 05:50 PM","MAYAGUEZ",1057,0,1057
"07/23/2026 05:50 PM","PONCE",140,758,898
"07/23/2026 05:50 PM","SAN JUAN",153,0,153
"07/23/2026 05:50 PM","ARECIBO",515,24,539
"07/23/2026 05:50 PM","BAYAMON",689,240,929
"07/23/2026 05:50 PM","CAGUAS",822,56,878
"07/23/2026 05:50 PM","CAROLINA",0,0,0
"07/23/2026 05:50 PM","MAYAGUEZ",1057,0,1057
"07/23/2026 05:50 PM","PONCE",140,758,898
"07/23/2026 05:50 PM","SAN JUAN",153,0,153
"07/23/2026 05:55 PM","ARECIBO",515,24,539
"07/23/2026 05:55 PM","BAYAMON",706,240,946
"07/23/2026 05:55 PM","CAGUAS",840,56,896
"07/23/2026 05:55 PM","CAROLINA",0,0,0
"07/23/2026 05:55 PM","MAYAGUEZ",1085,0,1085
"07/23/2026 05:55 PM","PONCE",141,0,141
"07/23/2026 05:55 PM","SAN JUAN",1675,0,1675
"07/23/2026 05:55 PM","ARECIBO",515,24,539
"07/23/2026 05:55 PM","BAYAMON",706,240,946
"07/23/2026 05:55 PM","CAGUAS",840,56,896
"07/23/2026 05:55 PM","CAROLINA",0,0,0
"07/23/2026 05:55 PM","MAYAGUEZ",1085,0,1085
"07/23/2026 05:55 PM","PONCE",141,0,141
"07/23/2026 05:55 PM","SAN JUAN",1675,0,1675
"07/23/2026 06:00 PM","ARECIBO",516,24,540
"07/23/2026 06:00 PM","BAYAMON",707,240,947
"07/23/2026 06:00 PM","CAGUAS",789,56,845
"07/23/2026 06:00 PM","CAROLINA",0,0,0
"07/23/2026 06:00 PM","MAYAGUEZ",1085,0,1085
"07/23/2026 06:00 PM","PONCE",141,0,141
"07/23/2026 06:00 PM","SAN JUAN",1319,0,1319
"07/23/2026 06:00 PM","ARECIBO",516,24,540
"07/23/2026 06:00 PM","BAYAMON",707,240,947
"07/23/2026 06:00 PM","CAGUAS",789,56,845
"07/23/2026 06:00 PM","CAROLINA",0,0,0
"07/23/2026 06:00 PM","MAYAGUEZ",1085,0,1085
"07/23/2026 06:00 PM","PONCE",141,0,141
"07/23/2026 06:00 PM","SAN JUAN",1319,0,1319
"07/23/2026 06:00 PM","ARECIBO",516,24,540
"07/23/2026 06:00 PM","BAYAMON",707,240,947
"07/23/2026 06:00 PM","CAGUAS",789,56,845
"07/23/2026 06:00 PM","CAROLINA",0,0,0
"07/23/2026 06:00 PM","MAYAGUEZ",1085,0,1085
"07/23/2026 06:00 PM","PONCE",141,0,141
"07/23/2026 06:00 PM","SAN JUAN",1319,0,1319
"07/23/2026 06:05 PM","ARECIBO",514,24,538
"07/23/2026 06:05 PM","BAYAMON",824,240,1064
"07/23/2026 06:05 PM","CAGUAS",828,56,884
"07/23/2026 06:05 PM","CAROLINA",0,0,0
"07/23/2026 06:05 PM","MAYAGUEZ",1084,0,1084
"07/23/2026 06:05 PM","PONCE",140,0,140
"07/23/2026 06:05 PM","SAN JUAN",1703,0,1703
"07/23/2026 06:05 PM","ARECIBO",514,24,538
"07/23/2026 06:05 PM","BAYAMON",824,240,1064
"07/23/2026 06:05 PM","CAGUAS",828,56,884
"07/23/2026 06:05 PM","CAROLINA",0,0,0
"07/23/2026 06:05 PM","MAYAGUEZ",1084,0,1084
"07/23/2026 06:05 PM","PONCE",140,0,140
"07/23/2026 06:05 PM","SAN JUAN",1703,0,1703
"07/23/2026 06:10 PM","ARECIBO",514,24,538
"07/23/2026 06:10 PM","BAYAMON",969,240,1209
"07/23/2026 06:10 PM","CAGUAS",804,56,860
"07/23/2026 06:10 PM","CAROLINA",0,0,0
"07/23/2026 06:10 PM","MAYAGUEZ",1085,0,1085
"07/23/2026 06:10 PM","PONCE",140,0,140
"07/23/2026 06:10 PM","SAN JUAN",1314,0,1314
"07/23/2026 06:10 PM","ARECIBO",514,24,538
"07/23/2026 06:10 PM","BAYAMON",969,240,1209
"07/23/2026 06:10 PM","CAGUAS",804,56,860
"07/23/2026 06:10 PM","CAROLINA",0,0,0
"07/23/2026 06:10 PM","MAYAGUEZ",1085,0,1085
"07/23/2026 06:10 PM","PONCE",140,0,140
"07/23/2026 06:10 PM","SAN JUAN",1314,0,1314
"07/23/2026 06:10 PM","ARECIBO",514,24,538
"07/23/2026 06:10 PM","BAYAMON",969,240,1209
"07/23/2026 06:10 PM","CAGUAS",804,56,860
"07/23/2026 06:10 PM","CAROLINA",0,0,0
"07/23/2026 06:10 PM","MAYAGUEZ",1085,0,1085
"07/23/2026 06:10 PM","PONCE",140,0,140
"07/23/2026 06:10 PM","SAN JUAN",1314,0,1314
"07/23/2026 06:15 PM","ARECIBO",502,24,526
"07/23/2026 06:15 PM","BAYAMON",968,240,1208
"07/23/2026 06:15 PM","CAGUAS",804,56,860
"07/23/2026 06:15 PM","CAROLINA",0,0,0
"07/23/2026 06:15 PM","MAYAGUEZ",1084,0,1084
"07/23/2026 06:15 PM","PONCE",140,0,140
"07/23/2026 06:15 PM","SAN JUAN",1310,0,1310
"07/23/2026 06:15 PM","ARECIBO",502,24,526
"07/23/2026 06:15 PM","BAYAMON",968,240,1208
"07/23/2026 06:15 PM","CAGUAS",804,56,860
"07/23/2026 06:15 PM","CAROLINA",0,0,0
"07/23/2026 06:15 PM","MAYAGUEZ",1084,0,1084
"07/23/2026 06:15 PM","PONCE",140,0,140
"07/23/2026 06:15 PM","SAN JUAN",1310,0,1310
"07/23/2026 06:20 PM","ARECIBO",502,24,526
"07/23/2026 06:20 PM","BAYAMON",968,240,1208
"07/23/2026 06:20 PM","CAGUAS",803,56,859
"07/23/2026 06:20 PM","CAROLINA",0,0,0
"07/23/2026 06:20 PM","MAYAGUEZ",1084,0,1084
"07/23/2026 06:20 PM","PONCE",141,0,141
"07/23/2026 06:20 PM","SAN JUAN",1309,0,1309
"07/23/2026 06:20 PM","ARECIBO",502,24,526
"07/23/2026 06:20 PM","BAYAMON",968,240,1208
"07/23/2026 06:20 PM","CAGUAS",803,56,859
"07/23/2026 06:20 PM","CAROLINA",0,0,0
"07/23/2026 06:20 PM","MAYAGUEZ",1084,0,1084
"07/23/2026 06:20 PM","PONCE",141,0,141
"07/23/2026 06:20 PM","SAN JUAN",1309,0,1309
"07/23/2026 06:20 PM","ARECIBO",502,24,526
"07/23/2026 06:20 PM","BAYAMON",968,240,1208
"07/23/2026 06:20 PM","CAGUAS",803,56,859
"07/23/2026 06:20 PM","CAROLINA",0,0,0
"07/23/2026 06:20 PM","MAYAGUEZ",1084,0,1084
"07/23/2026 06:20 PM","PONCE",141,0,141
"07/23/2026 06:20 PM","SAN JUAN",1309,0,1309
"07/23/2026 06:25 PM","ARECIBO",503,24,527
"07/23/2026 06:25 PM","BAYAMON",969,240,1209
"07/23/2026 06:25 PM","CAGUAS",802,56,858
"07/23/2026 06:25 PM","CAROLINA",0,0,0
"07/23/2026 06:25 PM","MAYAGUEZ",1085,0,1085
"07/23/2026 06:25 PM","PONCE",142,0,142
"07/23/2026 06:25 PM","SAN JUAN",1309,0,1309
"07/23/2026 06:25 PM","ARECIBO",503,24,527
"07/23/2026 06:25 PM","BAYAMON",969,240,1209
"07/23/2026 06:25 PM","CAGUAS",802,56,858
"07/23/2026 06:25 PM","CAROLINA",0,0,0
"07/23/2026 06:25 PM","MAYAGUEZ",1085,0,1085
"07/23/2026 06:25 PM","PONCE",142,0,142
"07/23/2026 06:25 PM","SAN JUAN",1309,0,1309
"07/23/2026 06:30 PM","ARECIBO",504,24,528
"07/23/2026 06:30 PM","BAYAMON",967,240,1207
"07/23/2026 06:30 PM","CAGUAS",787,56,843
"07/23/2026 06:30 PM","CAROLINA",0,0,0
"07/23/2026 06:30 PM","MAYAGUEZ",531,0,531
"07/23/2026 06:30 PM","PONCE",142,0,142
"07/23/2026 06:30 PM","SAN JUAN",1311,0,1311
"07/23/2026 06:30 PM","ARECIBO",504,24,528
"07/23/2026 06:30 PM","BAYAMON",967,240,1207
"07/23/2026 06:30 PM","CAGUAS",787,56,843
"07/23/2026 06:30 PM","CAROLINA",0,0,0
"07/23/2026 06:30 PM","MAYAGUEZ",531,0,531
"07/23/2026 06:30 PM","PONCE",142,0,142
"07/23/2026 06:30 PM","SAN JUAN",1311,0,1311
"07/23/2026 06:30 PM","ARECIBO",504,24,528
"07/23/2026 06:30 PM","BAYAMON",967,240,1207
"07/23/2026 06:30 PM","CAGUAS",787,56,843
"07/23/2026 06:30 PM","CAROLINA",0,0,0
"07/23/2026 06:30 PM","MAYAGUEZ",531,0,531
"07/23/2026 06:30 PM","PONCE",142,0,142
"07/23/2026 06:30 PM","SAN JUAN",1311,0,1311
"07/24/2026 03:40 AM","ARECIBO",70,0,70
"07/24/2026 03:40 AM","BAYAMON",228,0,228
"07/24/2026 03:40 AM","CAGUAS",622,0,622
"07/24/2026 03:40 AM","CAROLINA",119,0,119
"07/24/2026 03:40 AM","MAYAGUEZ",112,0,112
"07/24/2026 03:40 AM","PONCE",9,0,9
"07/24/2026 03:40 AM","SAN JUAN",138,0,138
"07/24/2026 03:40 AM","ARECIBO",70,0,70
"07/24/2026 03:40 AM","BAYAMON",228,0,228
"07/24/2026 03:40 AM","CAGUAS",622,0,622
"07/24/2026 03:40 AM","CAROLINA",119,0,119
"07/24/2026 03:40 AM","MAYAGUEZ",112,0,112
"07/24/2026 03:40 AM","PONCE",9,0,9
"07/24/2026 03:40 AM","SAN JUAN",138,0,138
"07/24/2026 03:45 AM","ARECIBO",70,0,70
"07/24/2026 03:45 AM","BAYAMON",228,0,228
"07/24/2026 03:45 AM","CAGUAS",622,0,622
"07/24/2026 03:45 AM","CAROLINA",119,0,119
"07/24/2026 03:45 AM","MAYAGUEZ",112,0,112
"07/24/2026 03:45 AM","PONCE",9,0,9
"07/24/2026 03:45 AM","SAN JUAN",138,0,138
"07/24/2026 03:45 AM","ARECIBO",70,0,70
"07/24/2026 03:45 AM","BAYAMON",228,0,228
"07/24/2026 03:45 AM","CAGUAS",622,0,622
"07/24/2026 03:45 AM","CAROLINA",119,0,119
"07/24/2026 03:45 AM","MAYAGUEZ",112,0,112
"07/24/2026 03:45 AM","PONCE",9,0,9
"07/24/2026 03:45 AM","SAN JUAN",138,0,138
"07/24/2026 03:45 AM","ARECIBO",70,0,70
"07/24/2026 03:45 AM","BAYAMON",228,0,228
"07/24/2026 03:45 AM","CAGUAS",622,0,622
"07/24/2026 03:45 AM","CAROLINA",119,0,119
"07/24/2026 03:45 AM","MAYAGUEZ",112,0,112
"07/24/2026 03:45 AM","PONCE",9,0,9
"07/24/2026 03:45 AM","SAN JUAN",138,0,138
"07/24/2026 03:50 AM","ARECIBO",70,0,70
"07/24/2026 03:50 AM","BAYAMON",228,0,228
"07/24/2026 03:50 AM","CAGUAS",622,0,622
"07/24/2026 03:50 AM","CAROLINA",119,0,119
"07/24/2026 03:50 AM","MAYAGUEZ",112,0,112
"07/24/2026 03:50 AM","PONCE",9,0,9
"07/24/2026 03:50 AM","SAN JUAN",138,0,138
"07/24/2026 03:50 AM","ARECIBO",70,0,70
"07/24/2026 03:50 AM","BAYAMON",228,0,228
"07/24/2026 03:50 AM","CAGUAS",622,0,622
"07/24/2026 03:50 AM","CAROLINA",119,0,119
"07/24/2026 03:50 AM","MAYAGUEZ",112,0,112
"07/24/2026 03:50 AM","PONCE",9,0,9
"07/24/2026 03:50 AM","SAN JUAN",138,0,138
"07/24/2026 03:55 AM","ARECIBO",70,0,70
"07/24/2026 03:55 AM","BAYAMON",228,0,228
"07/24/2026 03:55 AM","CAGUAS",622,0,622
"07/24/2026 03:55 AM","CAROLINA",119,0,119
"07/24/2026 03:55 AM","MAYAGUEZ",112,0,112
"07/24/2026 03:55 AM","PONCE",9,0,9
"07/24/2026 03:55 AM","SAN JUAN",138,0,138
"07/24/2026 03:55 AM","ARECIBO",70,0,70
"07/24/2026 03:55 AM","BAYAMON",228,0,228
"07/24/2026 03:55 AM","CAGUAS",622,0,622
"07/24/2026 03:55 AM","CAROLINA",119,0,119
"07/24/2026 03:55 AM","MAYAGUEZ",112,0,112
"07/24/2026 03:55 AM","PONCE",9,0,9
"07/24/2026 03:55 AM","SAN JUAN",138,0,138
"07/24/2026 03:55 AM","ARECIBO",70,0,70
"07/24/2026 03:55 AM","BAYAMON",228,0,228
"07/24/2026 03:55 AM","CAGUAS",622,0,622
"07/24/2026 03:55 AM","CAROLINA",119,0,119
"07/24/2026 03:55 AM","MAYAGUEZ",112,0,112
"07/24/2026 03:55 AM","PONCE",9,0,9
"07/24/2026 03:55 AM","SAN JUAN",138,0,138
"07/24/2026 04:00 AM","ARECIBO",70,0,70
"07/24/2026 04:00 AM","BAYAMON",228,0,228
"07/24/2026 04:00 AM","CAGUAS",622,0,622
"07/24/2026 04:00 AM","CAROLINA",119,0,119
"07/24/2026 04:00 AM","MAYAGUEZ",112,0,112
"07/24/2026 04:00 AM","PONCE",9,0,9
"07/24/2026 04:00 AM","SAN JUAN",138,0,138
"07/24/2026 04:00 AM","ARECIBO",70,0,70
"07/24/2026 04:00 AM","BAYAMON",228,0,228
"07/24/2026 04:00 AM","CAGUAS",622,0,622
"07/24/2026 04:00 AM","CAROLINA",119,0,119
"07/24/2026 04:00 AM","MAYAGUEZ",112,0,112
"07/24/2026 04:00 AM","PONCE",9,0,9
"07/24/2026 04:00 AM","SAN JUAN",138,0,138
"07/24/2026 04:05 AM","ARECIBO",70,0,70
"07/24/2026 04:05 AM","BAYAMON",228,0,228
"07/24/2026 04:05 AM","CAGUAS",622,0,622
"07/24/2026 04:05 AM","CAROLINA",119,0,119
"07/24/2026 04:05 AM","MAYAGUEZ",112,0,112
"07/24/2026 04:05 AM","PONCE",9,0,9
"07/24/2026 04:05 AM","SAN JUAN",144,0,144
"07/24/2026 04:05 AM","ARECIBO",70,0,70
"07/24/2026 04:05 AM","BAYAMON",228,0,228
"07/24/2026 04:05 AM","CAGUAS",622,0,622
"07/24/2026 04:05 AM","CAROLINA",119,0,119
"07/24/2026 04:05 AM","MAYAGUEZ",112,0,112
"07/24/2026 04:05 AM","PONCE",9,0,9
"07/24/2026 04:05 AM","SAN JUAN",144,0,144
"07/24/2026 04:05 AM","ARECIBO",70,0,70
"07/24/2026 04:05 AM","BAYAMON",228,0,228
"07/24/2026 04:05 AM","CAGUAS",622,0,622
"07/24/2026 04:05 AM","CAROLINA",119,0,119
"07/24/2026 04:05 AM","MAYAGUEZ",112,0,112
"07/24/2026 04:05 AM","PONCE",9,0,9
"07/24/2026 04:05 AM","SAN JUAN",144,0,144
"07/24/2026 04:10 AM","ARECIBO",70,0,70
"07/24/2026 04:10 AM","BAYAMON",228,0,228
"07/24/2026 04:10 AM","CAGUAS",622,0,622
"07/24/2026 04:10 AM","CAROLINA",119,0,119
"07/24/2026 04:10 AM","MAYAGUEZ",112,0,112
"07/24/2026 04:10 AM","PONCE",9,0,9
"07/24/2026 04:10 AM","SAN JUAN",144,0,144
"07/24/2026 04:10 AM","ARECIBO",70,0,70
"07/24/2026 04:10 AM","BAYAMON",228,0,228
"07/24/2026 04:10 AM","CAGUAS",622,0,622
"07/24/2026 04:10 AM","CAROLINA",119,0,119
"07/24/2026 04:10 AM","MAYAGUEZ",112,0,112
"07/24/2026 04:10 AM","PONCE",9,0,9
"07/24/2026 04:10 AM","SAN JUAN",144,0,144
"07/24/2026 04:15 AM","ARECIBO",70,0,70
"07/24/2026 04:15 AM","BAYAMON",228,0,228
"07/24/2026 04:15 AM","CAGUAS",622,0,622
"07/24/2026 04:15 AM","CAROLINA",119,0,119
"07/24/2026 04:15 AM","MAYAGUEZ",112,0,112
"07/24/2026 04:15 AM","PONCE",9,0,9
"07/24/2026 04:15 AM","SAN JUAN",144,0,144
"07/24/2026 04:15 AM","ARECIBO",70,0,70
"07/24/2026 04:15 AM","BAYAMON",228,0,228
"07/24/2026 04:15 AM","CAGUAS",622,0,622
"07/24/2026 04:15 AM","CAROLINA",119,0,119
"07/24/2026 04:15 AM","MAYAGUEZ",112,0,112
"07/24/2026 04:15 AM","PONCE",9,0,9
"07/24/2026 04:15 AM","SAN JUAN",144,0,144
"07/24/2026 04:20 AM","ARECIBO",70,0,70
"07/24/2026 04:20 AM","BAYAMON",228,0,228
"07/24/2026 04:20 AM","CAGUAS",622,0,622
"07/24/2026 04:20 AM","CAROLINA",119,0,119
"07/24/2026 04:20 AM","MAYAGUEZ",112,0,112
"07/24/2026 04:20 AM","PONCE",9,0,9
"07/24/2026 04:20 AM","SAN JUAN",144,0,144
"07/24/2026 04:20 AM","ARECIBO",70,0,70
"07/24/2026 04:20 AM","BAYAMON",228,0,228
"07/24/2026 04:20 AM","CAGUAS",622,0,622
"07/24/2026 04:20 AM","CAROLINA",119,0,119
"07/24/2026 04:20 AM","MAYAGUEZ",112,0,112
"07/24/2026 04:20 AM","PONCE",9,0,9
"07/24/2026 04:20 AM","SAN JUAN",144,0,144
"07/24/2026 04:20 AM","ARECIBO",70,0,70
"07/24/2026 04:20 AM","BAYAMON",228,0,228
"07/24/2026 04:20 AM","CAGUAS",622,0,622
"07/24/2026 04:20 AM","CAROLINA",119,0,119
"07/24/2026 04:20 AM","MAYAGUEZ",112,0,112
"07/24/2026 04:20 AM","PONCE",9,0,9
"07/24/2026 04:20 AM","SAN JUAN",144,0,144
"07/24/2026 04:25 AM","ARECIBO",70,0,70
"07/24/2026 04:25 AM","BAYAMON",228,0,228
"07/24/2026 04:25 AM","CAGUAS",622,0,622
"07/24/2026 04:25 AM","CAROLINA",119,0,119
"07/24/2026 04:25 AM","MAYAGUEZ",112,0,112
"07/24/2026 04:25 AM","PONCE",9,0,9
"07/24/2026 04:25 AM","SAN JUAN",144,0,144
"07/24/2026 04:25 AM","ARECIBO",70,0,70
"07/24/2026 04:25 AM","BAYAMON",228,0,228
"07/24/2026 04:25 AM","CAGUAS",622,0,622
"07/24/2026 04:25 AM","CAROLINA",119,0,119
"07/24/2026 04:25 AM","MAYAGUEZ",112,0,112
"07/24/2026 04:25 AM","PONCE",9,0,9
"07/24/2026 04:25 AM","SAN JUAN",144,0,144
"07/24/2026 04:30 AM","ARECIBO",70,0,70
"07/24/2026 04:30 AM","BAYAMON",228,0,228
"07/24/2026 04:30 AM","CAGUAS",622,0,622
"07/24/2026 04:30 AM","CAROLINA",119,0,119
"07/24/2026 04:30 AM","MAYAGUEZ",112,0,112
"07/24/2026 04:30 AM","PONCE",9,0,9
"07/24/2026 04:30 AM","SAN JUAN",144,0,144
"07/24/2026 04:30 AM","ARECIBO",70,0,70
"07/24/2026 04:30 AM","BAYAMON",228,0,228
"07/24/2026 04:30 AM","CAGUAS",622,0,622
"07/24/2026 04:30 AM","CAROLINA",119,0,119
"07/24/2026 04:30 AM","MAYAGUEZ",112,0,112
"07/24/2026 04:30 AM","PONCE",9,0,9
"07/24/2026 04:30 AM","SAN JUAN",144,0,144
"07/24/2026 04:30 AM","ARECIBO",70,0,70
"07/24/2026 04:30 AM","BAYAMON",228,0,228
"07/24/2026 04:30 AM","CAGUAS",622,0,622
"07/24/2026 04:30 AM","CAROLINA",119,0,119
"07/24/2026 04:30 AM","MAYAGUEZ",112,0,112
"07/24/2026 04:30 AM","PONCE",9,0,9
"07/24/2026 04:30 AM","SAN JUAN",144,0,144
"07/24/2026 04:35 AM","ARECIBO",70,0,70
"07/24/2026 04:35 AM","BAYAMON",228,0,228
"07/24/2026 04:35 AM","CAGUAS",622,0,622
"07/24/2026 04:35 AM","CAROLINA",119,0,119
"07/24/2026 04:35 AM","MAYAGUEZ",112,0,112
"07/24/2026 04:35 AM","PONCE",9,0,9
"07/24/2026 04:35 AM","SAN JUAN",144,0,144
"07/24/2026 09:05 AM","ARECIBO",124,0,124
"07/24/2026 09:05 AM","BAYAMON",629,46,675
"07/24/2026 09:05 AM","CAGUAS",208,1244,1452
"07/24/2026 09:05 AM","CAROLINA",38,0,38
"07/24/2026 09:05 AM","MAYAGUEZ",118,0,118
"07/24/2026 09:05 AM","PONCE",11,165,176
"07/24/2026 09:05 AM","SAN JUAN",139,0,139
"07/24/2026 09:05 AM","ARECIBO",124,0,124
"07/24/2026 09:05 AM","BAYAMON",629,46,675
"07/24/2026 09:05 AM","CAGUAS",208,1244,1452
"07/24/2026 09:05 AM","CAROLINA",38,0,38
"07/24/2026 09:05 AM","MAYAGUEZ",118,0,118
"07/24/2026 09:05 AM","PONCE",11,165,176
"07/24/2026 09:05 AM","SAN JUAN",139,0,139
"07/24/2026 09:10 AM","ARECIBO",139,0,139
"07/24/2026 09:10 AM","BAYAMON",564,46,610
"07/24/2026 09:10 AM","CAGUAS",207,1244,1451
"07/24/2026 09:10 AM","CAROLINA",38,0,38
"07/24/2026 09:10 AM","MAYAGUEZ",118,0,118
"07/24/2026 09:10 AM","PONCE",11,165,176
"07/24/2026 09:10 AM","SAN JUAN",141,0,141
"07/24/2026 09:10 AM","ARECIBO",139,0,139
"07/24/2026 09:10 AM","BAYAMON",564,46,610
"07/24/2026 09:10 AM","CAGUAS",207,1244,1451
"07/24/2026 09:10 AM","CAROLINA",38,0,38
"07/24/2026 09:10 AM","MAYAGUEZ",118,0,118
"07/24/2026 09:10 AM","PONCE",11,165,176
"07/24/2026 09:10 AM","SAN JUAN",141,0,141
"07/24/2026 09:10 AM","ARECIBO",139,0,139
"07/24/2026 09:10 AM","BAYAMON",564,46,610
"07/24/2026 09:10 AM","CAGUAS",207,1244,1451
"07/24/2026 09:10 AM","CAROLINA",38,0,38
"07/24/2026 09:10 AM","MAYAGUEZ",118,0,118
"07/24/2026 09:10 AM","PONCE",11,165,176
"07/24/2026 09:10 AM","SAN JUAN",141,0,141
"07/24/2026 09:15 AM","ARECIBO",138,0,138
"07/24/2026 09:15 AM","BAYAMON",564,46,610
"07/24/2026 09:15 AM","CAGUAS",207,1244,1451
"07/24/2026 09:15 AM","CAROLINA",38,0,38
"07/24/2026 09:15 AM","MAYAGUEZ",120,0,120
"07/24/2026 09:15 AM","PONCE",11,165,176
"07/24/2026 09:15 AM","SAN JUAN",141,0,141
"07/24/2026 09:15 AM","ARECIBO",138,0,138
"07/24/2026 09:15 AM","BAYAMON",564,46,610
"07/24/2026 09:15 AM","CAGUAS",207,1244,1451
"07/24/2026 09:15 AM","CAROLINA",38,0,38
"07/24/2026 09:15 AM","MAYAGUEZ",120,0,120
"07/24/2026 09:15 AM","PONCE",11,165,176
"07/24/2026 09:15 AM","SAN JUAN",141,0,141
"07/24/2026 09:20 AM","ARECIBO",214,0,214
"07/24/2026 09:20 AM","BAYAMON",559,46,605
"07/24/2026 09:20 AM","CAGUAS",183,1244,1427
"07/24/2026 09:20 AM","CAROLINA",39,0,39
"07/24/2026 09:20 AM","MAYAGUEZ",136,0,136
"07/24/2026 09:20 AM","PONCE",11,165,176
"07/24/2026 09:20 AM","SAN JUAN",140,0,140
"07/24/2026 09:20 AM","ARECIBO",214,0,214
"07/24/2026 09:20 AM","BAYAMON",559,46,605
"07/24/2026 09:20 AM","CAGUAS",183,1244,1427
"07/24/2026 09:20 AM","CAROLINA",39,0,39
"07/24/2026 09:20 AM","MAYAGUEZ",136,0,136
"07/24/2026 09:20 AM","PONCE",11,165,176
"07/24/2026 09:20 AM","SAN JUAN",140,0,140
"07/24/2026 09:25 AM","ARECIBO",141,74,215
"07/24/2026 09:25 AM","BAYAMON",559,46,605
"07/24/2026 09:25 AM","CAGUAS",184,1244,1428
"07/24/2026 09:25 AM","CAROLINA",39,0,39
"07/24/2026 09:25 AM","MAYAGUEZ",205,0,205
"07/24/2026 09:25 AM","PONCE",350,165,515
"07/24/2026 09:25 AM","SAN JUAN",140,0,140
"07/24/2026 09:25 AM","ARECIBO",141,74,215
"07/24/2026 09:25 AM","BAYAMON",559,46,605
"07/24/2026 09:25 AM","CAGUAS",184,1244,1428
"07/24/2026 09:25 AM","CAROLINA",39,0,39
"07/24/2026 09:25 AM","MAYAGUEZ",205,0,205
"07/24/2026 09:25 AM","PONCE",350,165,515
"07/24/2026 09:25 AM","SAN JUAN",140,0,140
"07/24/2026 09:25 AM","ARECIBO",141,74,215
"07/24/2026 09:25 AM","BAYAMON",559,46,605
"07/24/2026 09:25 AM","CAGUAS",184,1244,1428
"07/24/2026 09:25 AM","CAROLINA",39,0,39
"07/24/2026 09:25 AM","MAYAGUEZ",205,0,205
"07/24/2026 09:25 AM","PONCE",350,165,515
"07/24/2026 09:25 AM","SAN JUAN",140,0,140
"07/24/2026 09:30 AM","ARECIBO",141,74,215
"07/24/2026 09:30 AM","BAYAMON",558,46,604
"07/24/2026 09:30 AM","CAGUAS",184,1244,1428
"07/24/2026 09:30 AM","CAROLINA",76,0,76
"07/24/2026 09:30 AM","MAYAGUEZ",205,0,205
"07/24/2026 09:30 AM","PONCE",351,165,516
"07/24/2026 09:30 AM","SAN JUAN",140,0,140
"07/24/2026 09:30 AM","ARECIBO",141,74,215
"07/24/2026 09:30 AM","BAYAMON",558,46,604
"07/24/2026 09:30 AM","CAGUAS",184,1244,1428
"07/24/2026 09:30 AM","CAROLINA",76,0,76
"07/24/2026 09:30 AM","MAYAGUEZ",205,0,205
"07/24/2026 09:30 AM","PONCE",351,165,516
"07/24/2026 09:30 AM","SAN JUAN",140,0,140
"07/24/2026 09:35 AM","ARECIBO",143,74,217
"07/24/2026 09:35 AM","BAYAMON",560,46,606
"07/24/2026 09:35 AM","CAGUAS",184,1244,1428
"07/24/2026 09:35 AM","CAROLINA",76,0,76
"07/24/2026 09:35 AM","MAYAGUEZ",206,0,206
"07/24/2026 09:35 AM","PONCE",350,165,515
"07/24/2026 09:35 AM","SAN JUAN",142,0,142
"07/24/2026 09:35 AM","ARECIBO",143,74,217
"07/24/2026 09:35 AM","BAYAMON",560,46,606
"07/24/2026 09:35 AM","CAGUAS",184,1244,1428
"07/24/2026 09:35 AM","CAROLINA",76,0,76
"07/24/2026 09:35 AM","MAYAGUEZ",206,0,206
"07/24/2026 09:35 AM","PONCE",350,165,515
"07/24/2026 09:35 AM","SAN JUAN",142,0,142
"07/24/2026 09:35 AM","ARECIBO",143,74,217
"07/24/2026 09:35 AM","BAYAMON",560,46,606
"07/24/2026 09:35 AM","CAGUAS",184,1244,1428
"07/24/2026 09:35 AM","CAROLINA",76,0,76
"07/24/2026 09:35 AM","MAYAGUEZ",206,0,206
"07/24/2026 09:35 AM","PONCE",350,165,515
"07/24/2026 09:35 AM","SAN JUAN",142,0,142
"07/24/2026 09:40 AM","ARECIBO",143,74,217
"07/24/2026 09:40 AM","BAYAMON",560,46,606
"07/24/2026 09:40 AM","CAGUAS",184,1244,1428
"07/24/2026 09:40 AM","CAROLINA",76,0,76
"07/24/2026 09:40 AM","MAYAGUEZ",206,0,206
"07/24/2026 09:40 AM","PONCE",351,165,516
"07/24/2026 09:40 AM","SAN JUAN",143,0,143
"07/24/2026 09:40 AM","ARECIBO",143,74,217
"07/24/2026 09:40 AM","BAYAMON",560,46,606
"07/24/2026 09:40 AM","CAGUAS",184,1244,1428
"07/24/2026 09:40 AM","CAROLINA",76,0,76
"07/24/2026 09:40 AM","MAYAGUEZ",206,0,206
"07/24/2026 09:40 AM","PONCE",351,165,516
"07/24/2026 09:40 AM","SAN JUAN",143,0,143
"07/24/2026 09:45 AM","ARECIBO",133,74,207
"07/24/2026 09:45 AM","BAYAMON",560,46,606
"07/24/2026 09:45 AM","CAGUAS",184,1244,1428
"07/24/2026 09:45 AM","CAROLINA",76,0,76
"07/24/2026 09:45 AM","MAYAGUEZ",206,0,206
"07/24/2026 09:45 AM","PONCE",351,1187,1538
"07/24/2026 09:45 AM","SAN JUAN",143,0,143
"07/24/2026 09:45 AM","ARECIBO",133,74,207
"07/24/2026 09:45 AM","BAYAMON",560,46,606
"07/24/2026 09:45 AM","CAGUAS",184,1244,1428
"07/24/2026 09:45 AM","CAROLINA",76,0,76
"07/24/2026 09:45 AM","MAYAGUEZ",206,0,206
"07/24/2026 09:45 AM","PONCE",351,1187,1538
"07/24/2026 09:45 AM","SAN JUAN",143,0,143
"07/24/2026 09:45 AM","ARECIBO",133,74,207
"07/24/2026 09:45 AM","BAYAMON",560,46,606
"07/24/2026 09:45 AM","CAGUAS",184,1244,1428
"07/24/2026 09:45 AM","CAROLINA",76,0,76
"07/24/2026 09:45 AM","MAYAGUEZ",206,0,206
"07/24/2026 09:45 AM","PONCE",351,1187,1538
"07/24/2026 09:45 AM","SAN JUAN",143,0,143
"07/24/2026 09:50 AM","ARECIBO",134,74,208
"07/24/2026 09:50 AM","BAYAMON",561,46,607
"07/24/2026 09:50 AM","CAGUAS",185,1244,1429
"07/24/2026 09:50 AM","CAROLINA",76,0,76
"07/24/2026 09:50 AM","MAYAGUEZ",206,0,206
"07/24/2026 09:50 AM","PONCE",351,1187,1538
"07/24/2026 09:50 AM","SAN JUAN",143,0,143
"07/24/2026 09:50 AM","ARECIBO",134,74,208
"07/24/2026 09:50 AM","BAYAMON",561,46,607
"07/24/2026 09:50 AM","CAGUAS",185,1244,1429
"07/24/2026 09:50 AM","CAROLINA",76,0,76
"07/24/2026 09:50 AM","MAYAGUEZ",206,0,206
"07/24/2026 09:50 AM","PONCE",351,1187,1538
"07/24/2026 09:50 AM","SAN JUAN",143,0,143
"07/24/2026 09:55 AM","ARECIBO",134,74,208
"07/24/2026 09:55 AM","BAYAMON",560,46,606
"07/24/2026 09:55 AM","CAGUAS",185,1244,1429
"07/24/2026 09:55 AM","CAROLINA",76,0,76
"07/24/2026 09:55 AM","MAYAGUEZ",198,0,198
"07/24/2026 09:55 AM","PONCE",351,1187,1538
"07/24/2026 09:55 AM","SAN JUAN",143,0,143
"07/24/2026 09:55 AM","ARECIBO",134,74,208
"07/24/2026 09:55 AM","BAYAMON",560,46,606
"07/24/2026 09:55 AM","CAGUAS",185,1244,1429
"07/24/2026 09:55 AM","CAROLINA",76,0,76
"07/24/2026 09:55 AM","MAYAGUEZ",198,0,198
"07/24/2026 09:55 AM","PONCE",351,1187,1538
"07/24/2026 09:55 AM","SAN JUAN",143,0,143
"07/24/2026 09:55 AM","ARECIBO",134,74,208
"07/24/2026 09:55 AM","BAYAMON",560,46,606
"07/24/2026 09:55 AM","CAGUAS",185,1244,1429
"07/24/2026 09:55 AM","CAROLINA",76,0,76
"07/24/2026 09:55 AM","MAYAGUEZ",198,0,198
"07/24/2026 09:55 AM","PONCE",351,1187,1538
"07/24/2026 09:55 AM","SAN JUAN",143,0,143
"07/24/2026 10:00 AM","ARECIBO",134,74,208
"07/24/2026 10:00 AM","BAYAMON",561,46,607
"07/24/2026 10:00 AM","CAGUAS",185,1244,1429
"07/24/2026 10:00 AM","CAROLINA",76,0,76
"07/24/2026 10:00 AM","MAYAGUEZ",198,0,198
"07/24/2026 10:00 AM","PONCE",358,1187,1545
"07/24/2026 10:00 AM","SAN JUAN",143,0,143
"07/24/2026 12:45 PM","ARECIBO",175,81,256
"07/24/2026 12:45 PM","BAYAMON",136,46,182
"07/24/2026 12:45 PM","CAGUAS",450,1244,1694
"07/24/2026 12:45 PM","CAROLINA",2096,0,2096
"07/24/2026 12:45 PM","MAYAGUEZ",130,0,130
"07/24/2026 12:45 PM","PONCE",550,1465,2015
"07/24/2026 12:45 PM","SAN JUAN",495,822,1317
"07/24/2026 12:45 PM","ARECIBO",175,81,256
"07/24/2026 12:45 PM","BAYAMON",136,46,182
"07/24/2026 12:45 PM","CAGUAS",450,1244,1694
"07/24/2026 12:45 PM","CAROLINA",2096,0,2096
"07/24/2026 12:45 PM","MAYAGUEZ",130,0,130
"07/24/2026 12:45 PM","PONCE",550,1465,2015
"07/24/2026 12:45 PM","SAN JUAN",495,822,1317
"07/24/2026 12:50 PM","ARECIBO",175,81,256
"07/24/2026 12:50 PM","BAYAMON",136,46,182
"07/24/2026 12:50 PM","CAGUAS",451,1244,1695
"07/24/2026 12:50 PM","CAROLINA",2101,0,2101
"07/24/2026 12:50 PM","MAYAGUEZ",130,0,130
"07/24/2026 12:50 PM","PONCE",205,1465,1670
"07/24/2026 12:50 PM","SAN JUAN",494,822,1316
"07/24/2026 12:50 PM","ARECIBO",175,81,256
"07/24/2026 12:50 PM","BAYAMON",136,46,182
"07/24/2026 12:50 PM","CAGUAS",451,1244,1695
"07/24/2026 12:50 PM","CAROLINA",2101,0,2101
"07/24/2026 12:50 PM","MAYAGUEZ",130,0,130
"07/24/2026 12:50 PM","PONCE",205,1465,1670
"07/24/2026 12:50 PM","SAN JUAN",494,822,1316
"07/24/2026 12:55 PM","ARECIBO",177,81,258
"07/24/2026 12:55 PM","BAYAMON",136,46,182
"07/24/2026 12:55 PM","CAGUAS",595,1244,1839
"07/24/2026 12:55 PM","CAROLINA",54,0,54
"07/24/2026 12:55 PM","MAYAGUEZ",90,0,90
"07/24/2026 12:55 PM","PONCE",206,1465,1671
"07/24/2026 12:55 PM","SAN JUAN",495,822,1317
"07/24/2026 12:55 PM","ARECIBO",177,81,258
"07/24/2026 12:55 PM","BAYAMON",136,46,182
"07/24/2026 12:55 PM","CAGUAS",595,1244,1839
"07/24/2026 12:55 PM","CAROLINA",54,0,54
"07/24/2026 12:55 PM","MAYAGUEZ",90,0,90
"07/24/2026 12:55 PM","PONCE",206,1465,1671
"07/24/2026 12:55 PM","SAN JUAN",495,822,1317
"07/24/2026 12:55 PM","ARECIBO",177,81,258
"07/24/2026 12:55 PM","BAYAMON",136,46,182
"07/24/2026 12:55 PM","CAGUAS",595,1244,1839
"07/24/2026 12:55 PM","CAROLINA",54,0,54
"07/24/2026 12:55 PM","MAYAGUEZ",90,0,90
"07/24/2026 12:55 PM","PONCE",206,1465,1671
"07/24/2026 12:55 PM","SAN JUAN",495,822,1317
"07/24/2026 01:00 PM","ARECIBO",176,81,257
"07/24/2026 01:00 PM","BAYAMON",136,46,182
"07/24/2026 01:00 PM","CAGUAS",671,1244,1915
"07/24/2026 01:00 PM","CAROLINA",44,0,44
"07/24/2026 01:00 PM","MAYAGUEZ",90,0,90
"07/24/2026 01:00 PM","PONCE",206,1465,1671
"07/24/2026 01:00 PM","SAN JUAN",957,822,1779
"07/24/2026 01:00 PM","ARECIBO",176,81,257
"07/24/2026 01:00 PM","BAYAMON",136,46,182
"07/24/2026 01:00 PM","CAGUAS",671,1244,1915
"07/24/2026 01:00 PM","CAROLINA",44,0,44
"07/24/2026 01:00 PM","MAYAGUEZ",90,0,90
"07/24/2026 01:00 PM","PONCE",206,1465,1671
"07/24/2026 01:00 PM","SAN JUAN",957,822,1779
"07/24/2026 01:05 PM","ARECIBO",176,81,257
"07/24/2026 01:05 PM","BAYAMON",136,46,182
"07/24/2026 01:05 PM","CAGUAS",670,1244,1914
"07/24/2026 01:05 PM","CAROLINA",43,0,43
"07/24/2026 01:05 PM","MAYAGUEZ",90,0,90
"07/24/2026 01:05 PM","PONCE",206,1465,1671
"07/24/2026 01:05 PM","SAN JUAN",493,822,1315
"07/24/2026 01:05 PM","ARECIBO",176,81,257
"07/24/2026 01:05 PM","BAYAMON",136,46,182
"07/24/2026 01:05 PM","CAGUAS",670,1244,1914
"07/24/2026 01:05 PM","CAROLINA",43,0,43
"07/24/2026 01:05 PM","MAYAGUEZ",90,0,90
"07/24/2026 01:05 PM","PONCE",206,1465,1671
"07/24/2026 01:05 PM","SAN JUAN",493,822,1315
"07/24/2026 01:05 PM","ARECIBO",176,81,257
"07/24/2026 01:05 PM","BAYAMON",136,46,182
"07/24/2026 01:05 PM","CAGUAS",670,1244,1914
"07/24/2026 01:05 PM","CAROLINA",43,0,43
"07/24/2026 01:05 PM","MAYAGUEZ",90,0,90
"07/24/2026 01:05 PM","PONCE",206,1465,1671
"07/24/2026 01:05 PM","SAN JUAN",493,822,1315
"07/24/2026 01:10 PM","ARECIBO",176,81,257
"07/24/2026 01:10 PM","BAYAMON",117,46,163
"07/24/2026 01:10 PM","CAGUAS",670,1244,1914
"07/24/2026 01:10 PM","CAROLINA",43,0,43
"07/24/2026 01:10 PM","MAYAGUEZ",91,0,91
"07/24/2026 01:10 PM","PONCE",181,1465,1646
"07/24/2026 01:10 PM","SAN JUAN",483,0,483
"07/24/2026 01:10 PM","ARECIBO",176,81,257
"07/24/2026 01:10 PM","BAYAMON",117,46,163
"07/24/2026 01:10 PM","CAGUAS",670,1244,1914
"07/24/2026 01:10 PM","CAROLINA",43,0,43
"07/24/2026 01:10 PM","MAYAGUEZ",91,0,91
"07/24/2026 01:10 PM","PONCE",181,1465,1646
"07/24/2026 01:10 PM","SAN JUAN",483,0,483
"07/24/2026 01:15 PM","ARECIBO",176,81,257
"07/24/2026 01:15 PM","BAYAMON",117,46,163
"07/24/2026 01:15 PM","CAGUAS",670,1244,1914
"07/24/2026 01:15 PM","CAROLINA",43,0,43
"07/24/2026 01:15 PM","MAYAGUEZ",92,0,92
"07/24/2026 01:15 PM","PONCE",181,1465,1646
"07/24/2026 01:15 PM","SAN JUAN",483,0,483
"07/24/2026 01:15 PM","ARECIBO",176,81,257
"07/24/2026 01:15 PM","BAYAMON",117,46,163
"07/24/2026 01:15 PM","CAGUAS",670,1244,1914
"07/24/2026 01:15 PM","CAROLINA",43,0,43
"07/24/2026 01:15 PM","MAYAGUEZ",92,0,92
"07/24/2026 01:15 PM","PONCE",181,1465,1646
"07/24/2026 01:15 PM","SAN JUAN",483,0,483
"07/24/2026 01:15 PM","ARECIBO",176,81,257
"07/24/2026 01:15 PM","BAYAMON",117,46,163
"07/24/2026 01:15 PM","CAGUAS",670,1244,1914
"07/24/2026 01:15 PM","CAROLINA",43,0,43
"07/24/2026 01:15 PM","MAYAGUEZ",92,0,92
"07/24/2026 01:15 PM","PONCE",181,1465,1646
"07/24/2026 01:15 PM","SAN JUAN",483,0,483
"07/24/2026 01:20 PM","ARECIBO",175,81,256
"07/24/2026 01:20 PM","BAYAMON",117,46,163
"07/24/2026 01:20 PM","CAGUAS",627,1244,1871
"07/24/2026 01:20 PM","CAROLINA",43,0,43
"07/24/2026 01:20 PM","MAYAGUEZ",91,0,91
"07/24/2026 01:20 PM","PONCE",182,1465,1647
"07/24/2026 01:20 PM","SAN JUAN",484,0,484
"07/24/2026 01:20 PM","ARECIBO",175,81,256
"07/24/2026 01:20 PM","BAYAMON",117,46,163
"07/24/2026 01:20 PM","CAGUAS",627,1244,1871
"07/24/2026 01:20 PM","CAROLINA",43,0,43
"07/24/2026 01:20 PM","MAYAGUEZ",91,0,91
"07/24/2026 01:20 PM","PONCE",182,1465,1647
"07/24/2026 01:20 PM","SAN JUAN",484,0,484
"07/24/2026 01:25 PM","ARECIBO",175,81,256
"07/24/2026 01:25 PM","BAYAMON",117,46,163
"07/24/2026 01:25 PM","CAGUAS",627,1244,1871
"07/24/2026 01:25 PM","CAROLINA",38,0,38
"07/24/2026 01:25 PM","MAYAGUEZ",110,0,110
"07/24/2026 01:25 PM","PONCE",214,1465,1679
"07/24/2026 01:25 PM","SAN JUAN",485,0,485
"07/24/2026 01:25 PM","ARECIBO",175,81,256
"07/24/2026 01:25 PM","BAYAMON",117,46,163
"07/24/2026 01:25 PM","CAGUAS",627,1244,1871
"07/24/2026 01:25 PM","CAROLINA",38,0,38
"07/24/2026 01:25 PM","MAYAGUEZ",110,0,110
"07/24/2026 01:25 PM","PONCE",214,1465,1679
"07/24/2026 01:25 PM","SAN JUAN",485,0,485
"07/24/2026 01:25 PM","ARECIBO",175,81,256
"07/24/2026 01:25 PM","BAYAMON",117,46,163
"07/24/2026 01:25 PM","CAGUAS",627,1244,1871
"07/24/2026 01:25 PM","CAROLINA",38,0,38
"07/24/2026 01:25 PM","MAYAGUEZ",110,0,110
"07/24/2026 01:25 PM","PONCE",214,1465,1679
"07/24/2026 01:25 PM","SAN JUAN",485,0,485
"07/24/2026 01:30 PM","ARECIBO",176,81,257
"07/24/2026 01:30 PM","BAYAMON",117,46,163
"07/24/2026 01:30 PM","CAGUAS",627,1244,1871
"07/24/2026 01:30 PM","CAROLINA",38,0,38
"07/24/2026 01:30 PM","MAYAGUEZ",111,0,111
"07/24/2026 01:30 PM","PONCE",214,1465,1679
"07/24/2026 01:30 PM","SAN JUAN",468,0,468
"07/24/2026 01:30 PM","ARECIBO",176,81,257
"07/24/2026 01:30 PM","BAYAMON",117,46,163
"07/24/2026 01:30 PM","CAGUAS",627,1244,1871
"07/24/2026 01:30 PM","CAROLINA",38,0,38
"07/24/2026 01:30 PM","MAYAGUEZ",111,0,111
"07/24/2026 01:30 PM","PONCE",214,1465,1679
"07/24/2026 01:30 PM","SAN JUAN",468,0,468
"07/24/2026 01:35 PM","ARECIBO",177,81,258
"07/24/2026 01:35 PM","BAYAMON",117,46,163
"07/24/2026 01:35 PM","CAGUAS",627,1244,1871
"07/24/2026 01:35 PM","CAROLINA",37,0,37
"07/24/2026 01:35 PM","MAYAGUEZ",112,0,112
"07/24/2026 01:35 PM","PONCE",367,1465,1832
"07/24/2026 01:35 PM","SAN JUAN",631,0,631
"07/24/2026 01:35 PM","ARECIBO",177,81,258
"07/24/2026 01:35 PM","BAYAMON",117,46,163
"07/24/2026 01:35 PM","CAGUAS",627,1244,1871
"07/24/2026 01:35 PM","CAROLINA",37,0,37
"07/24/2026 01:35 PM","MAYAGUEZ",112,0,112
"07/24/2026 01:35 PM","PONCE",367,1465,1832
"07/24/2026 01:35 PM","SAN JUAN",631,0,631
"07/24/2026 01:35 PM","ARECIBO",177,81,258
"07/24/2026 01:35 PM","BAYAMON",117,46,163
"07/24/2026 01:35 PM","CAGUAS",627,1244,1871
"07/24/2026 01:35 PM","CAROLINA",37,0,37
"07/24/2026 01:35 PM","MAYAGUEZ",112,0,112
"07/24/2026 01:35 PM","PONCE",367,1465,1832
"07/24/2026 01:35 PM","SAN JUAN",631,0,631
"07/24/2026 01:40 PM","ARECIBO",176,81,257
"07/24/2026 01:40 PM","BAYAMON",118,46,164
"07/24/2026 01:40 PM","CAGUAS",627,1244,1871
"07/24/2026 01:40 PM","CAROLINA",37,0,37
"07/24/2026 01:40 PM","MAYAGUEZ",105,0,105
"07/24/2026 01:40 PM","PONCE",367,1465,1832
"07/24/2026 01:40 PM","SAN JUAN",631,0,631
"07/24/2026 03:00 PM","ARECIBO",404,81,485
"07/24/2026 03:00 PM","BAYAMON",122,46,168
"07/24/2026 03:00 PM","CAGUAS",1246,1244,2490
"07/24/2026 03:00 PM","CAROLINA",37,0,37
"07/24/2026 03:00 PM","MAYAGUEZ",179,0,179
"07/24/2026 03:00 PM","PONCE",463,1465,1928
"07/24/2026 03:00 PM","SAN JUAN",669,0,669
"07/24/2026 03:05 PM","ARECIBO",405,81,486
"07/24/2026 03:05 PM","BAYAMON",62,46,108
"07/24/2026 03:05 PM","CAGUAS",1238,1244,2482
"07/24/2026 03:05 PM","CAROLINA",37,0,37
"07/24/2026 03:05 PM","MAYAGUEZ",178,0,178
"07/24/2026 03:05 PM","PONCE",464,1300,1764
"07/24/2026 03:05 PM","SAN JUAN",668,0,668
"07/24/2026 03:05 PM","ARECIBO",405,81,486
"07/24/2026 03:05 PM","BAYAMON",62,46,108
"07/24/2026 03:05 PM","CAGUAS",1238,1244,2482
"07/24/2026 03:05 PM","CAROLINA",37,0,37
"07/24/2026 03:05 PM","MAYAGUEZ",178,0,178
"07/24/2026 03:05 PM","PONCE",464,1300,1764
"07/24/2026 03:05 PM","SAN JUAN",668,0,668
"07/24/2026 03:10 PM","ARECIBO",405,14,419
"07/24/2026 03:10 PM","BAYAMON",41,46,87
"07/24/2026 03:10 PM","CAGUAS",1238,1244,2482
"07/24/2026 03:10 PM","CAROLINA",37,0,37
"07/24/2026 03:10 PM","MAYAGUEZ",179,0,179
"07/24/2026 03:10 PM","PONCE",462,1300,1762
"07/24/2026 03:10 PM","SAN JUAN",670,0,670
"07/24/2026 03:10 PM","ARECIBO",405,14,419
"07/24/2026 03:10 PM","BAYAMON",41,46,87
"07/24/2026 03:10 PM","CAGUAS",1238,1244,2482
"07/24/2026 03:10 PM","CAROLINA",37,0,37
"07/24/2026 03:10 PM","MAYAGUEZ",179,0,179
"07/24/2026 03:10 PM","PONCE",462,1300,1762
"07/24/2026 03:10 PM","SAN JUAN",670,0,670
"07/24/2026 03:10 PM","ARECIBO",405,14,419
"07/24/2026 03:10 PM","BAYAMON",41,46,87
"07/24/2026 03:10 PM","CAGUAS",1238,1244,2482
"07/24/2026 03:10 PM","CAROLINA",37,0,37
"07/24/2026 03:10 PM","MAYAGUEZ",179,0,179
"07/24/2026 03:10 PM","PONCE",462,1300,1762
"07/24/2026 03:10 PM","SAN JUAN",670,0,670
"07/24/2026 03:15 PM","ARECIBO",405,14,419
"07/24/2026 03:15 PM","BAYAMON",41,46,87
"07/24/2026 03:15 PM","CAGUAS",1239,1244,2483
"07/24/2026 03:15 PM","CAROLINA",37,0,37
"07/24/2026 03:15 PM","MAYAGUEZ",179,0,179
"07/24/2026 03:15 PM","PONCE",462,1300,1762
"07/24/2026 03:15 PM","SAN JUAN",670,0,670
"07/24/2026 03:15 PM","ARECIBO",405,14,419
"07/24/2026 03:15 PM","BAYAMON",41,46,87
"07/24/2026 03:15 PM","CAGUAS",1239,1244,2483
"07/24/2026 03:15 PM","CAROLINA",37,0,37
"07/24/2026 03:15 PM","MAYAGUEZ",179,0,179
"07/24/2026 03:15 PM","PONCE",462,1300,1762
"07/24/2026 03:15 PM","SAN JUAN",670,0,670
"07/24/2026 03:20 PM","ARECIBO",369,14,383
"07/24/2026 03:20 PM","BAYAMON",41,46,87
"07/24/2026 03:20 PM","CAGUAS",1239,1244,2483
"07/24/2026 03:20 PM","CAROLINA",37,0,37
"07/24/2026 03:20 PM","MAYAGUEZ",179,0,179
"07/24/2026 03:20 PM","PONCE",463,1300,1763
"07/24/2026 03:20 PM","SAN JUAN",684,0,684
"07/24/2026 03:20 PM","ARECIBO",369,14,383
"07/24/2026 03:20 PM","BAYAMON",41,46,87
"07/24/2026 03:20 PM","CAGUAS",1239,1244,2483
"07/24/2026 03:20 PM","CAROLINA",37,0,37
"07/24/2026 03:20 PM","MAYAGUEZ",179,0,179
"07/24/2026 03:20 PM","PONCE",463,1300,1763
"07/24/2026 03:20 PM","SAN JUAN",684,0,684
"07/24/2026 03:20 PM","ARECIBO",369,14,383
"07/24/2026 03:20 PM","BAYAMON",41,46,87
"07/24/2026 03:20 PM","CAGUAS",1239,1244,2483
"07/24/2026 03:20 PM","CAROLINA",37,0,37
"07/24/2026 03:20 PM","MAYAGUEZ",179,0,179
"07/24/2026 03:20 PM","PONCE",463,1300,1763
"07/24/2026 03:20 PM","SAN JUAN",684,0,684
"07/24/2026 03:25 PM","ARECIBO",2219,14,2233
"07/24/2026 03:25 PM","BAYAMON",41,46,87
"07/24/2026 03:25 PM","CAGUAS",1239,1244,2483
"07/24/2026 03:25 PM","CAROLINA",37,0,37
"07/24/2026 03:25 PM","MAYAGUEZ",179,0,179
"07/24/2026 03:25 PM","PONCE",463,1300,1763
"07/24/2026 03:25 PM","SAN JUAN",687,0,687
"07/24/2026 03:25 PM","ARECIBO",2219,14,2233
"07/24/2026 03:25 PM","BAYAMON",41,46,87
"07/24/2026 03:25 PM","CAGUAS",1239,1244,2483
"07/24/2026 03:25 PM","CAROLINA",37,0,37
"07/24/2026 03:25 PM","MAYAGUEZ",179,0,179
"07/24/2026 03:25 PM","PONCE",463,1300,1763
"07/24/2026 03:25 PM","SAN JUAN",687,0,687
"07/24/2026 03:30 PM","ARECIBO",2226,14,2240
"07/24/2026 03:30 PM","BAYAMON",41,46,87
"07/24/2026 03:30 PM","CAGUAS",1240,1244,2484
"07/24/2026 03:30 PM","CAROLINA",37,0,37
"07/24/2026 03:30 PM","MAYAGUEZ",180,0,180
"07/24/2026 03:30 PM","PONCE",465,278,743
"07/24/2026 03:30 PM","SAN JUAN",710,0,710
"07/24/2026 03:30 PM","ARECIBO",2226,14,2240
"07/24/2026 03:30 PM","BAYAMON",41,46,87
"07/24/2026 03:30 PM","CAGUAS",1240,1244,2484
"07/24/2026 03:30 PM","CAROLINA",37,0,37
"07/24/2026 03:30 PM","MAYAGUEZ",180,0,180
"07/24/2026 03:30 PM","PONCE",465,278,743
"07/24/2026 03:30 PM","SAN JUAN",710,0,710
"07/24/2026 03:30 PM","ARECIBO",2226,14,2240
"07/24/2026 03:30 PM","BAYAMON",41,46,87
"07/24/2026 03:30 PM","CAGUAS",1240,1244,2484
"07/24/2026 03:30 PM","CAROLINA",37,0,37
"07/24/2026 03:30 PM","MAYAGUEZ",180,0,180
"07/24/2026 03:30 PM","PONCE",465,278,743
"07/24/2026 03:30 PM","SAN JUAN",710,0,710
"07/24/2026 03:35 PM","ARECIBO",2219,14,2233
"07/24/2026 03:35 PM","BAYAMON",41,46,87
"07/24/2026 03:35 PM","CAGUAS",1240,0,1240
"07/24/2026 03:35 PM","CAROLINA",37,0,37
"07/24/2026 03:35 PM","MAYAGUEZ",180,0,180
"07/24/2026 03:35 PM","PONCE",460,278,738
"07/24/2026 03:35 PM","SAN JUAN",712,0,712
"07/24/2026 03:35 PM","ARECIBO",2219,14,2233
"07/24/2026 03:35 PM","BAYAMON",41,46,87
"07/24/2026 03:35 PM","CAGUAS",1240,0,1240
"07/24/2026 03:35 PM","CAROLINA",37,0,37
"07/24/2026 03:35 PM","MAYAGUEZ",180,0,180
"07/24/2026 03:35 PM","PONCE",460,278,738
"07/24/2026 03:35 PM","SAN JUAN",712,0,712
"07/24/2026 03:40 PM","ARECIBO",2220,14,2234
"07/24/2026 03:40 PM","BAYAMON",41,46,87
"07/24/2026 03:40 PM","CAGUAS",1357,0,1357
"07/24/2026 03:40 PM","CAROLINA",37,0,37
"07/24/2026 03:40 PM","MAYAGUEZ",256,0,256
"07/24/2026 03:40 PM","PONCE",461,278,739
"07/24/2026 03:40 PM","SAN JUAN",802,0,802
"07/24/2026 03:40 PM","ARECIBO",2220,14,2234
"07/24/2026 03:40 PM","BAYAMON",41,46,87
"07/24/2026 03:40 PM","CAGUAS",1357,0,1357
"07/24/2026 03:40 PM","CAROLINA",37,0,37
"07/24/2026 03:40 PM","MAYAGUEZ",256,0,256
"07/24/2026 03:40 PM","PONCE",461,278,739
"07/24/2026 03:40 PM","SAN JUAN",802,0,802
"07/24/2026 03:40 PM","ARECIBO",2220,14,2234
"07/24/2026 03:40 PM","BAYAMON",41,46,87
"07/24/2026 03:40 PM","CAGUAS",1357,0,1357
"07/24/2026 03:40 PM","CAROLINA",37,0,37
"07/24/2026 03:40 PM","MAYAGUEZ",256,0,256
"07/24/2026 03:40 PM","PONCE",461,278,739
"07/24/2026 03:40 PM","SAN JUAN",802,0,802
"07/24/2026 03:45 PM","ARECIBO",2220,14,2234
"07/24/2026 03:45 PM","BAYAMON",42,46,88
"07/24/2026 03:45 PM","CAGUAS",1357,0,1357
"07/24/2026 03:45 PM","CAROLINA",37,0,37
"07/24/2026 03:45 PM","MAYAGUEZ",256,0,256
"07/24/2026 03:45 PM","PONCE",444,278,722
"07/24/2026 03:45 PM","SAN JUAN",714,0,714
"07/24/2026 03:45 PM","ARECIBO",2220,14,2234
"07/24/2026 03:45 PM","BAYAMON",42,46,88
"07/24/2026 03:45 PM","CAGUAS",1357,0,1357
"07/24/2026 03:45 PM","CAROLINA",37,0,37
"07/24/2026 03:45 PM","MAYAGUEZ",256,0,256
"07/24/2026 03:45 PM","PONCE",444,278,722
"07/24/2026 03:45 PM","SAN JUAN",714,0,714
"07/24/2026 03:50 PM","ARECIBO",2222,14,2236
"07/24/2026 03:50 PM","BAYAMON",41,46,87
"07/24/2026 03:50 PM","CAGUAS",1356,0,1356
"07/24/2026 03:50 PM","CAROLINA",37,0,37
"07/24/2026 03:50 PM","MAYAGUEZ",256,0,256
"07/24/2026 03:50 PM","PONCE",446,278,724
"07/24/2026 03:50 PM","SAN JUAN",699,0,699
"07/24/2026 03:50 PM","ARECIBO",2222,14,2236
"07/24/2026 03:50 PM","BAYAMON",41,46,87
"07/24/2026 03:50 PM","CAGUAS",1356,0,1356
"07/24/2026 03:50 PM","CAROLINA",37,0,37
"07/24/2026 03:50 PM","MAYAGUEZ",256,0,256
"07/24/2026 03:50 PM","PONCE",446,278,724
"07/24/2026 03:50 PM","SAN JUAN",699,0,699
"07/24/2026 03:50 PM","ARECIBO",2222,14,2236
"07/24/2026 03:50 PM","BAYAMON",41,46,87
"07/24/2026 03:50 PM","CAGUAS",1356,0,1356
"07/24/2026 03:50 PM","CAROLINA",37,0,37
"07/24/2026 03:50 PM","MAYAGUEZ",256,0,256
"07/24/2026 03:50 PM","PONCE",446,278,724
"07/24/2026 03:50 PM","SAN JUAN",699,0,699
"07/24/2026 03:55 PM","ARECIBO",2241,14,2255
"07/24/2026 03:55 PM","BAYAMON",41,46,87
"07/24/2026 03:55 PM","CAGUAS",1357,0,1357
"07/24/2026 03:55 PM","CAROLINA",38,0,38
"07/24/2026 03:55 PM","MAYAGUEZ",247,0,247
"07/24/2026 03:55 PM","PONCE",882,278,1160
"07/24/2026 03:55 PM","SAN JUAN",705,0,705
"07/24/2026 03:55 PM","ARECIBO",2241,14,2255
"07/24/2026 03:55 PM","BAYAMON",41,46,87
"07/24/2026 03:55 PM","CAGUAS",1357,0,1357
"07/24/2026 03:55 PM","CAROLINA",38,0,38
"07/24/2026 03:55 PM","MAYAGUEZ",247,0,247
"07/24/2026 03:55 PM","PONCE",882,278,1160
"07/24/2026 03:55 PM","SAN JUAN",705,0,705
"07/24/2026 07:40 PM","ARECIBO",393,14,407
"07/24/2026 07:40 PM","BAYAMON",19,0,19
"07/24/2026 07:40 PM","CAGUAS",57,0,57
"07/24/2026 07:40 PM","CAROLINA",2,0,2
"07/24/2026 07:40 PM","MAYAGUEZ",13,0,13
"07/24/2026 07:40 PM","PONCE",97,0,97
"07/24/2026 07:40 PM","SAN JUAN",1,0,1
"07/24/2026 07:45 PM","ARECIBO",394,14,408
"07/24/2026 07:45 PM","BAYAMON",19,0,19
"07/24/2026 07:45 PM","CAGUAS",60,0,60
"07/24/2026 07:45 PM","CAROLINA",2,0,2
"07/24/2026 07:45 PM","MAYAGUEZ",13,0,13
"07/24/2026 07:45 PM","PONCE",97,0,97
"07/24/2026 07:45 PM","SAN JUAN",1,0,1
"07/24/2026 07:45 PM","ARECIBO",394,14,408
"07/24/2026 07:45 PM","BAYAMON",19,0,19
"07/24/2026 07:45 PM","CAGUAS",60,0,60
"07/24/2026 07:45 PM","CAROLINA",2,0,2
"07/24/2026 07:45 PM","MAYAGUEZ",13,0,13
"07/24/2026 07:45 PM","PONCE",97,0,97
"07/24/2026 07:45 PM","SAN JUAN",1,0,1
"07/24/2026 07:45 PM","ARECIBO",394,14,408
"07/24/2026 07:45 PM","BAYAMON",19,0,19
"07/24/2026 07:45 PM","CAGUAS",60,0,60
"07/24/2026 07:45 PM","CAROLINA",2,0,2
"07/24/2026 07:45 PM","MAYAGUEZ",13,0,13
"07/24/2026 07:45 PM","PONCE",97,0,97
"07/24/2026 07:45 PM","SAN JUAN",1,0,1
"07/24/2026 07:50 PM","ARECIBO",393,14,407
"07/24/2026 07:50 PM","BAYAMON",19,0,19
"07/24/2026 07:50 PM","CAGUAS",70,0,70
"07/24/2026 07:50 PM","CAROLINA",2,0,2
"07/24/2026 07:50 PM","MAYAGUEZ",12,0,12
"07/24/2026 07:50 PM","PONCE",97,0,97
"07/24/2026 07:50 PM","SAN JUAN",2,0,2
"07/24/2026 07:50 PM","ARECIBO",393,14,407
"07/24/2026 07:50 PM","BAYAMON",19,0,19
"07/24/2026 07:50 PM","CAGUAS",70,0,70
"07/24/2026 07:50 PM","CAROLINA",2,0,2
"07/24/2026 07:50 PM","MAYAGUEZ",12,0,12
"07/24/2026 07:50 PM","PONCE",97,0,97
"07/24/2026 07:50 PM","SAN JUAN",2,0,2
"07/24/2026 07:55 PM","ARECIBO",393,14,407
"07/24/2026 07:55 PM","BAYAMON",19,0,19
"07/24/2026 07:55 PM","CAGUAS",239,0,239
"07/24/2026 07:55 PM","CAROLINA",2,0,2
"07/24/2026 07:55 PM","MAYAGUEZ",12,0,12
"07/24/2026 07:55 PM","PONCE",98,0,98
"07/24/2026 07:55 PM","SAN JUAN",2,0,2
"07/24/2026 07:55 PM","ARECIBO",393,14,407
"07/24/2026 07:55 PM","BAYAMON",19,0,19
"07/24/2026 07:55 PM","CAGUAS",239,0,239
"07/24/2026 07:55 PM","CAROLINA",2,0,2
"07/24/2026 07:55 PM","MAYAGUEZ",12,0,12
"07/24/2026 07:55 PM","PONCE",98,0,98
"07/24/2026 07:55 PM","SAN JUAN",2,0,2
"07/24/2026 07:55 PM","ARECIBO",393,14,407
"07/24/2026 07:55 PM","BAYAMON",19,0,19
"07/24/2026 07:55 PM","CAGUAS",239,0,239
"07/24/2026 07:55 PM","CAROLINA",2,0,2
"07/24/2026 07:55 PM","MAYAGUEZ",12,0,12
"07/24/2026 07:55 PM","PONCE",98,0,98
"07/24/2026 07:55 PM","SAN JUAN",2,0,2
"07/24/2026 08:00 PM","ARECIBO",394,15,409
"07/24/2026 08:00 PM","BAYAMON",19,0,19
"07/24/2026 08:00 PM","CAGUAS",221,0,221
"07/24/2026 08:00 PM","CAROLINA",2,0,2
"07/24/2026 08:00 PM","MAYAGUEZ",13,0,13
"07/24/2026 08:00 PM","PONCE",12,0,12
"07/24/2026 08:00 PM","SAN JUAN",2,0,2
"07/24/2026 08:00 PM","ARECIBO",394,15,409
"07/24/2026 08:00 PM","BAYAMON",19,0,19
"07/24/2026 08:00 PM","CAGUAS",221,0,221
"07/24/2026 08:00 PM","CAROLINA",2,0,2
"07/24/2026 08:00 PM","MAYAGUEZ",13,0,13
"07/24/2026 08:00 PM","PONCE",12,0,12
"07/24/2026 08:00 PM","SAN JUAN",2,0,2
"07/24/2026 08:05 PM","ARECIBO",384,15,399
"07/24/2026 08:05 PM","BAYAMON",82,0,82
"07/24/2026 08:05 PM","CAGUAS",671,0,671
"07/24/2026 08:05 PM","CAROLINA",2,0,2
"07/24/2026 08:05 PM","MAYAGUEZ",16,0,16
"07/24/2026 08:05 PM","PONCE",12,0,12
"07/24/2026 08:05 PM","SAN JUAN",23,0,23
"07/24/2026 08:05 PM","ARECIBO",384,15,399
"07/24/2026 08:05 PM","BAYAMON",82,0,82
"07/24/2026 08:05 PM","CAGUAS",671,0,671
"07/24/2026 08:05 PM","CAROLINA",2,0,2
"07/24/2026 08:05 PM","MAYAGUEZ",16,0,16
"07/24/2026 08:05 PM","PONCE",12,0,12
"07/24/2026 08:05 PM","SAN JUAN",23,0,23
"07/24/2026 08:05 PM","ARECIBO",384,15,399
"07/24/2026 08:05 PM","BAYAMON",82,0,82
"07/24/2026 08:05 PM","CAGUAS",671,0,671
"07/24/2026 08:05 PM","CAROLINA",2,0,2
"07/24/2026 08:05 PM","MAYAGUEZ",16,0,16
"07/24/2026 08:05 PM","PONCE",12,0,12
"07/24/2026 08:05 PM","SAN JUAN",23,0,23
"07/24/2026 08:10 PM","ARECIBO",385,15,400
"07/24/2026 08:10 PM","BAYAMON",81,0,81
"07/24/2026 08:10 PM","CAGUAS",673,0,673
"07/24/2026 08:10 PM","CAROLINA",2,0,2
"07/24/2026 08:10 PM","MAYAGUEZ",122,0,122
"07/24/2026 08:10 PM","PONCE",11,0,11
"07/24/2026 08:10 PM","SAN JUAN",59,0,59
"07/24/2026 08:10 PM","ARECIBO",385,15,400
"07/24/2026 08:10 PM","BAYAMON",81,0,81
"07/24/2026 08:10 PM","CAGUAS",673,0,673
"07/24/2026 08:10 PM","CAROLINA",2,0,2
"07/24/2026 08:10 PM","MAYAGUEZ",122,0,122
"07/24/2026 08:10 PM","PONCE",11,0,11
"07/24/2026 08:10 PM","SAN JUAN",59,0,59
"07/24/2026 08:15 PM","ARECIBO",385,15,400
"07/24/2026 08:15 PM","BAYAMON",81,0,81
"07/24/2026 08:15 PM","CAGUAS",673,0,673
"07/24/2026 08:15 PM","CAROLINA",2,0,2
"07/24/2026 08:15 PM","MAYAGUEZ",122,0,122
"07/24/2026 08:15 PM","PONCE",11,0,11
"07/24/2026 08:15 PM","SAN JUAN",59,0,59
"07/24/2026 08:15 PM","ARECIBO",385,15,400
"07/24/2026 08:15 PM","BAYAMON",81,0,81
"07/24/2026 08:15 PM","CAGUAS",673,0,673
"07/24/2026 08:15 PM","CAROLINA",2,0,2
"07/24/2026 08:15 PM","MAYAGUEZ",122,0,122
"07/24/2026 08:15 PM","PONCE",11,0,11
"07/24/2026 08:15 PM","SAN JUAN",59,0,59
"07/24/2026 08:15 PM","ARECIBO",385,15,400
"07/24/2026 08:15 PM","BAYAMON",81,0,81
"07/24/2026 08:15 PM","CAGUAS",673,0,673
"07/24/2026 08:15 PM","CAROLINA",2,0,2
"07/24/2026 08:15 PM","MAYAGUEZ",122,0,122
"07/24/2026 08:15 PM","PONCE",11,0,11
"07/24/2026 08:15 PM","SAN JUAN",59,0,59
"07/24/2026 08:20 PM","ARECIBO",384,24,408
"07/24/2026 08:20 PM","BAYAMON",81,0,81
"07/24/2026 08:20 PM","CAGUAS",675,0,675
"07/24/2026 08:20 PM","CAROLINA",2,0,2
"07/24/2026 08:20 PM","MAYAGUEZ",121,0,121
"07/24/2026 08:20 PM","PONCE",12,0,12
"07/24/2026 08:20 PM","SAN JUAN",61,0,61
"07/24/2026 08:20 PM","ARECIBO",384,24,408
"07/24/2026 08:20 PM","BAYAMON",81,0,81
"07/24/2026 08:20 PM","CAGUAS",675,0,675
"07/24/2026 08:20 PM","CAROLINA",2,0,2
"07/24/2026 08:20 PM","MAYAGUEZ",121,0,121
"07/24/2026 08:20 PM","PONCE",12,0,12
"07/24/2026 08:20 PM","SAN JUAN",61,0,61
"07/24/2026 08:25 PM","ARECIBO",386,0,386
"07/24/2026 08:25 PM","BAYAMON",81,0,81
"07/24/2026 08:25 PM","CAGUAS",691,0,691
"07/24/2026 08:25 PM","CAROLINA",2,0,2
"07/24/2026 08:25 PM","MAYAGUEZ",119,0,119
"07/24/2026 08:25 PM","PONCE",14,0,14
"07/24/2026 08:25 PM","SAN JUAN",274,0,274
"07/24/2026 08:25 PM","ARECIBO",386,0,386
"07/24/2026 08:25 PM","BAYAMON",81,0,81
"07/24/2026 08:25 PM","CAGUAS",691,0,691
"07/24/2026 08:25 PM","CAROLINA",2,0,2
"07/24/2026 08:25 PM","MAYAGUEZ",119,0,119
"07/24/2026 08:25 PM","PONCE",14,0,14
"07/24/2026 08:25 PM","SAN JUAN",274,0,274
"07/24/2026 08:25 PM","ARECIBO",386,0,386
"07/24/2026 08:25 PM","BAYAMON",81,0,81
"07/24/2026 08:25 PM","CAGUAS",691,0,691
"07/24/2026 08:25 PM","CAROLINA",2,0,2
"07/24/2026 08:25 PM","MAYAGUEZ",119,0,119
"07/24/2026 08:25 PM","PONCE",14,0,14
"07/24/2026 08:25 PM","SAN JUAN",274,0,274
"07/24/2026 08:30 PM","ARECIBO",386,0,386
"07/24/2026 08:30 PM","BAYAMON",81,0,81
"07/24/2026 08:30 PM","CAGUAS",691,0,691
"07/24/2026 08:30 PM","CAROLINA",2,0,2
"07/24/2026 08:30 PM","MAYAGUEZ",119,0,119
"07/24/2026 08:30 PM","PONCE",22,0,22
"07/24/2026 08:30 PM","SAN JUAN",278,0,278
"07/24/2026 08:30 PM","ARECIBO",386,0,386
"07/24/2026 08:30 PM","BAYAMON",81,0,81
"07/24/2026 08:30 PM","CAGUAS",691,0,691
"07/24/2026 08:30 PM","CAROLINA",2,0,2
"07/24/2026 08:30 PM","MAYAGUEZ",119,0,119
"07/24/2026 08:30 PM","PONCE",22,0,22
"07/24/2026 08:30 PM","SAN JUAN",278,0,278
"07/24/2026 08:35 PM","ARECIBO",387,0,387
"07/24/2026 08:35 PM","BAYAMON",81,0,81
"07/24/2026 08:35 PM","CAGUAS",692,0,692
"07/24/2026 08:35 PM","CAROLINA",2,0,2
"07/24/2026 08:35 PM","MAYAGUEZ",120,0,120
"07/24/2026 08:35 PM","PONCE",23,0,23
"07/24/2026 08:35 PM","SAN JUAN",1145,0,1145
"07/24/2026 08:35 PM","ARECIBO",387,0,387
"07/24/2026 08:35 PM","BAYAMON",81,0,81
"07/24/2026 08:35 PM","CAGUAS",692,0,692
"07/24/2026 08:35 PM","CAROLINA",2,0,2
"07/24/2026 08:35 PM","MAYAGUEZ",120,0,120
"07/24/2026 08:35 PM","PONCE",23,0,23
"07/24/2026 08:35 PM","SAN JUAN",1145,0,1145
"07/25/2026 03:35 AM","ARECIBO",116,0,116
"07/25/2026 03:35 AM","BAYAMON",181,0,181
"07/25/2026 03:35 AM","CAGUAS",332,0,332
"07/25/2026 03:35 AM","CAROLINA",4,0,4
"07/25/2026 03:35 AM","MAYAGUEZ",50,0,50
"07/25/2026 03:35 AM","PONCE",33,0,33
"07/25/2026 03:35 AM","SAN JUAN",25,0,25
"07/25/2026 03:35 AM","ARECIBO",116,0,116
"07/25/2026 03:35 AM","BAYAMON",181,0,181
"07/25/2026 03:35 AM","CAGUAS",332,0,332
"07/25/2026 03:35 AM","CAROLINA",4,0,4
"07/25/2026 03:35 AM","MAYAGUEZ",50,0,50
"07/25/2026 03:35 AM","PONCE",33,0,33
"07/25/2026 03:35 AM","SAN JUAN",25,0,25
"07/25/2026 03:35 AM","ARECIBO",116,0,116
"07/25/2026 03:35 AM","BAYAMON",181,0,181
"07/25/2026 03:35 AM","CAGUAS",332,0,332
"07/25/2026 03:35 AM","CAROLINA",4,0,4
"07/25/2026 03:35 AM","MAYAGUEZ",50,0,50
"07/25/2026 03:35 AM","PONCE",33,0,33
"07/25/2026 03:35 AM","SAN JUAN",25,0,25
"07/25/2026 03:40 AM","ARECIBO",116,0,116
"07/25/2026 03:40 AM","BAYAMON",181,0,181
"07/25/2026 03:40 AM","CAGUAS",332,0,332
"07/25/2026 03:40 AM","CAROLINA",4,0,4
"07/25/2026 03:40 AM","MAYAGUEZ",50,0,50
"07/25/2026 03:40 AM","PONCE",33,0,33
"07/25/2026 03:40 AM","SAN JUAN",51,0,51
"07/25/2026 03:40 AM","ARECIBO",116,0,116
"07/25/2026 03:40 AM","BAYAMON",181,0,181
"07/25/2026 03:40 AM","CAGUAS",332,0,332
"07/25/2026 03:40 AM","CAROLINA",4,0,4
"07/25/2026 03:40 AM","MAYAGUEZ",50,0,50
"07/25/2026 03:40 AM","PONCE",33,0,33
"07/25/2026 03:40 AM","SAN JUAN",51,0,51
"07/25/2026 03:45 AM","ARECIBO",116,0,116
"07/25/2026 03:45 AM","BAYAMON",181,0,181
"07/25/2026 03:45 AM","CAGUAS",332,0,332
"07/25/2026 03:45 AM","CAROLINA",4,0,4
"07/25/2026 03:45 AM","MAYAGUEZ",50,0,50
"07/25/2026 03:45 AM","PONCE",33,0,33
"07/25/2026 03:45 AM","SAN JUAN",51,0,51
"07/25/2026 03:45 AM","ARECIBO",116,0,116
"07/25/2026 03:45 AM","BAYAMON",181,0,181
"07/25/2026 03:45 AM","CAGUAS",332,0,332
"07/25/2026 03:45 AM","CAROLINA",4,0,4
"07/25/2026 03:45 AM","MAYAGUEZ",50,0,50
"07/25/2026 03:45 AM","PONCE",33,0,33
"07/25/2026 03:45 AM","SAN JUAN",51,0,51
"07/25/2026 03:45 AM","ARECIBO",116,0,116
"07/25/2026 03:45 AM","BAYAMON",181,0,181
"07/25/2026 03:45 AM","CAGUAS",332,0,332
"07/25/2026 03:45 AM","CAROLINA",4,0,4
"07/25/2026 03:45 AM","MAYAGUEZ",50,0,50
"07/25/2026 03:45 AM","PONCE",33,0,33
"07/25/2026 03:45 AM","SAN JUAN",51,0,51
"07/25/2026 03:50 AM","ARECIBO",116,0,116
"07/25/2026 03:50 AM","BAYAMON",181,0,181
"07/25/2026 03:50 AM","CAGUAS",332,0,332
"07/25/2026 03:50 AM","CAROLINA",4,0,4
"07/25/2026 03:50 AM","MAYAGUEZ",50,0,50
"07/25/2026 03:50 AM","PONCE",33,0,33
"07/25/2026 03:50 AM","SAN JUAN",26,0,26
"07/25/2026 03:50 AM","ARECIBO",116,0,116
"07/25/2026 03:50 AM","BAYAMON",181,0,181
"07/25/2026 03:50 AM","CAGUAS",332,0,332
"07/25/2026 03:50 AM","CAROLINA",4,0,4
"07/25/2026 03:50 AM","MAYAGUEZ",50,0,50
"07/25/2026 03:50 AM","PONCE",33,0,33
"07/25/2026 03:50 AM","SAN JUAN",26,0,26
"07/25/2026 03:55 AM","ARECIBO",116,0,116
"07/25/2026 03:55 AM","BAYAMON",181,0,181
"07/25/2026 03:55 AM","CAGUAS",332,0,332
"07/25/2026 03:55 AM","CAROLINA",4,0,4
"07/25/2026 03:55 AM","MAYAGUEZ",50,0,50
"07/25/2026 03:55 AM","PONCE",33,0,33
"07/25/2026 03:55 AM","SAN JUAN",26,0,26
"07/25/2026 03:55 AM","ARECIBO",116,0,116
"07/25/2026 03:55 AM","BAYAMON",181,0,181
"07/25/2026 03:55 AM","CAGUAS",332,0,332
"07/25/2026 03:55 AM","CAROLINA",4,0,4
"07/25/2026 03:55 AM","MAYAGUEZ",50,0,50
"07/25/2026 03:55 AM","PONCE",33,0,33
"07/25/2026 03:55 AM","SAN JUAN",26,0,26
"07/25/2026 03:55 AM","ARECIBO",116,0,116
"07/25/2026 03:55 AM","BAYAMON",181,0,181
"07/25/2026 03:55 AM","CAGUAS",332,0,332
"07/25/2026 03:55 AM","CAROLINA",4,0,4
"07/25/2026 03:55 AM","MAYAGUEZ",50,0,50
"07/25/2026 03:55 AM","PONCE",33,0,33
"07/25/2026 03:55 AM","SAN JUAN",26,0,26
"07/25/2026 04:00 AM","ARECIBO",116,0,116
"07/25/2026 04:00 AM","BAYAMON",181,0,181
"07/25/2026 04:00 AM","CAGUAS",333,0,333
"07/25/2026 04:00 AM","CAROLINA",4,0,4
"07/25/2026 04:00 AM","MAYAGUEZ",50,0,50
"07/25/2026 04:00 AM","PONCE",33,0,33
"07/25/2026 04:00 AM","SAN JUAN",26,0,26
"07/25/2026 04:00 AM","ARECIBO",116,0,116
"07/25/2026 04:00 AM","BAYAMON",181,0,181
"07/25/2026 04:00 AM","CAGUAS",333,0,333
"07/25/2026 04:00 AM","CAROLINA",4,0,4
"07/25/2026 04:00 AM","MAYAGUEZ",50,0,50
"07/25/2026 04:00 AM","PONCE",33,0,33
"07/25/2026 04:00 AM","SAN JUAN",26,0,26
"07/25/2026 04:05 AM","ARECIBO",116,0,116
"07/25/2026 04:05 AM","BAYAMON",182,0,182
"07/25/2026 04:05 AM","CAGUAS",333,0,333
"07/25/2026 04:05 AM","CAROLINA",4,0,4
"07/25/2026 04:05 AM","MAYAGUEZ",50,0,50
"07/25/2026 04:05 AM","PONCE",33,0,33
"07/25/2026 04:05 AM","SAN JUAN",26,0,26
"07/25/2026 04:05 AM","ARECIBO",116,0,116
"07/25/2026 04:05 AM","BAYAMON",182,0,182
"07/25/2026 04:05 AM","CAGUAS",333,0,333
"07/25/2026 04:05 AM","CAROLINA",4,0,4
"07/25/2026 04:05 AM","MAYAGUEZ",50,0,50
"07/25/2026 04:05 AM","PONCE",33,0,33
"07/25/2026 04:05 AM","SAN JUAN",26,0,26
"07/25/2026 04:05 AM","ARECIBO",116,0,116
"07/25/2026 04:05 AM","BAYAMON",182,0,182
"07/25/2026 04:05 AM","CAGUAS",333,0,333
"07/25/2026 04:05 AM","CAROLINA",4,0,4
"07/25/2026 04:05 AM","MAYAGUEZ",50,0,50
"07/25/2026 04:05 AM","PONCE",33,0,33
"07/25/2026 04:05 AM","SAN JUAN",26,0,26
"07/25/2026 04:10 AM","ARECIBO",116,0,116
"07/25/2026 04:10 AM","BAYAMON",182,0,182
"07/25/2026 04:10 AM","CAGUAS",333,0,333
"07/25/2026 04:10 AM","CAROLINA",4,0,4
"07/25/2026 04:10 AM","MAYAGUEZ",50,0,50
"07/25/2026 04:10 AM","PONCE",33,0,33
"07/25/2026 04:10 AM","SAN JUAN",26,0,26
"07/25/2026 04:10 AM","ARECIBO",116,0,116
"07/25/2026 04:10 AM","BAYAMON",182,0,182
"07/25/2026 04:10 AM","CAGUAS",333,0,333
"07/25/2026 04:10 AM","CAROLINA",4,0,4
"07/25/2026 04:10 AM","MAYAGUEZ",50,0,50
"07/25/2026 04:10 AM","PONCE",33,0,33
"07/25/2026 04:10 AM","SAN JUAN",26,0,26
"07/25/2026 04:15 AM","ARECIBO",116,0,116
"07/25/2026 04:15 AM","BAYAMON",182,0,182
"07/25/2026 04:15 AM","CAGUAS",332,0,332
"07/25/2026 04:15 AM","CAROLINA",4,0,4
"07/25/2026 04:15 AM","MAYAGUEZ",50,0,50
"07/25/2026 04:15 AM","PONCE",33,0,33
"07/25/2026 04:15 AM","SAN JUAN",26,0,26
"07/25/2026 04:15 AM","ARECIBO",116,0,116
"07/25/2026 04:15 AM","BAYAMON",182,0,182
"07/25/2026 04:15 AM","CAGUAS",332,0,332
"07/25/2026 04:15 AM","CAROLINA",4,0,4
"07/25/2026 04:15 AM","MAYAGUEZ",50,0,50
"07/25/2026 04:15 AM","PONCE",33,0,33
"07/25/2026 04:15 AM","SAN JUAN",26,0,26
"07/25/2026 04:15 AM","ARECIBO",116,0,116
"07/25/2026 04:15 AM","BAYAMON",182,0,182
"07/25/2026 04:15 AM","CAGUAS",332,0,332
"07/25/2026 04:15 AM","CAROLINA",4,0,4
"07/25/2026 04:15 AM","MAYAGUEZ",50,0,50
"07/25/2026 04:15 AM","PONCE",33,0,33
"07/25/2026 04:15 AM","SAN JUAN",26,0,26
"07/25/2026 04:20 AM","ARECIBO",116,0,116
"07/25/2026 04:20 AM","BAYAMON",182,0,182
"07/25/2026 04:20 AM","CAGUAS",331,0,331
"07/25/2026 04:20 AM","CAROLINA",4,0,4
"07/25/2026 04:20 AM","MAYAGUEZ",50,0,50
"07/25/2026 04:20 AM","PONCE",33,0,33
"07/25/2026 04:20 AM","SAN JUAN",26,0,26
"07/25/2026 04:20 AM","ARECIBO",116,0,116
"07/25/2026 04:20 AM","BAYAMON",182,0,182
"07/25/2026 04:20 AM","CAGUAS",331,0,331
"07/25/2026 04:20 AM","CAROLINA",4,0,4
"07/25/2026 04:20 AM","MAYAGUEZ",50,0,50
"07/25/2026 04:20 AM","PONCE",33,0,33
"07/25/2026 04:20 AM","SAN JUAN",26,0,26
"07/25/2026 04:25 AM","ARECIBO",116,0,116
"07/25/2026 04:25 AM","BAYAMON",182,0,182
"07/25/2026 04:25 AM","CAGUAS",331,0,331
"07/25/2026 04:25 AM","CAROLINA",4,0,4
"07/25/2026 04:25 AM","MAYAGUEZ",50,0,50
"07/25/2026 04:25 AM","PONCE",33,0,33
"07/25/2026 04:25 AM","SAN JUAN",26,0,26
"07/25/2026 04:25 AM","ARECIBO",116,0,116
"07/25/2026 04:25 AM","BAYAMON",182,0,182
"07/25/2026 04:25 AM","CAGUAS",331,0,331
"07/25/2026 04:25 AM","CAROLINA",4,0,4
"07/25/2026 04:25 AM","MAYAGUEZ",50,0,50
"07/25/2026 04:25 AM","PONCE",33,0,33
"07/25/2026 04:25 AM","SAN JUAN",26,0,26
"07/25/2026 04:25 AM","ARECIBO",116,0,116
"07/25/2026 04:25 AM","BAYAMON",182,0,182
"07/25/2026 04:25 AM","CAGUAS",331,0,331
"07/25/2026 04:25 AM","CAROLINA",4,0,4
"07/25/2026 04:25 AM","MAYAGUEZ",50,0,50
"07/25/2026 04:25 AM","PONCE",33,0,33
"07/25/2026 04:25 AM","SAN JUAN",26,0,26
"07/25/2026 07:50 AM","ARECIBO",135,0,135
"07/25/2026 07:50 AM","BAYAMON",224,0,224
"07/25/2026 07:50 AM","CAGUAS",503,0,503
"07/25/2026 07:50 AM","CAROLINA",5,0,5
"07/25/2026 07:50 AM","MAYAGUEZ",30,0,30
"07/25/2026 07:50 AM","PONCE",32,0,32
"07/25/2026 07:50 AM","SAN JUAN",167,0,167
"07/25/2026 07:50 AM","ARECIBO",135,0,135
"07/25/2026 07:50 AM","BAYAMON",224,0,224
"07/25/2026 07:50 AM","CAGUAS",503,0,503
"07/25/2026 07:50 AM","CAROLINA",5,0,5
"07/25/2026 07:50 AM","MAYAGUEZ",30,0,30
"07/25/2026 07:50 AM","PONCE",32,0,32
"07/25/2026 07:50 AM","SAN JUAN",167,0,167
"07/25/2026 07:55 AM","ARECIBO",136,0,136
"07/25/2026 07:55 AM","BAYAMON",226,0,226
"07/25/2026 07:55 AM","CAGUAS",502,0,502
"07/25/2026 07:55 AM","CAROLINA",120,0,120
"07/25/2026 07:55 AM","MAYAGUEZ",30,0,30
"07/25/2026 07:55 AM","PONCE",32,0,32
"07/25/2026 07:55 AM","SAN JUAN",362,0,362
"07/25/2026 07:55 AM","ARECIBO",136,0,136
"07/25/2026 07:55 AM","BAYAMON",226,0,226
"07/25/2026 07:55 AM","CAGUAS",502,0,502
"07/25/2026 07:55 AM","CAROLINA",120,0,120
"07/25/2026 07:55 AM","MAYAGUEZ",30,0,30
"07/25/2026 07:55 AM","PONCE",32,0,32
"07/25/2026 07:55 AM","SAN JUAN",362,0,362
"07/25/2026 08:00 AM","ARECIBO",136,0,136
"07/25/2026 08:00 AM","BAYAMON",226,0,226
"07/25/2026 08:00 AM","CAGUAS",503,0,503
"07/25/2026 08:00 AM","CAROLINA",120,0,120
"07/25/2026 08:00 AM","MAYAGUEZ",30,0,30
"07/25/2026 08:00 AM","PONCE",32,0,32
"07/25/2026 08:00 AM","SAN JUAN",362,0,362
"07/25/2026 08:00 AM","ARECIBO",136,0,136
"07/25/2026 08:00 AM","BAYAMON",226,0,226
"07/25/2026 08:00 AM","CAGUAS",503,0,503
"07/25/2026 08:00 AM","CAROLINA",120,0,120
"07/25/2026 08:00 AM","MAYAGUEZ",30,0,30
"07/25/2026 08:00 AM","PONCE",32,0,32
"07/25/2026 08:00 AM","SAN JUAN",362,0,362
"07/25/2026 08:00 AM","ARECIBO",136,0,136
"07/25/2026 08:00 AM","BAYAMON",226,0,226
"07/25/2026 08:00 AM","CAGUAS",503,0,503
"07/25/2026 08:00 AM","CAROLINA",120,0,120
"07/25/2026 08:00 AM","MAYAGUEZ",30,0,30
"07/25/2026 08:00 AM","PONCE",32,0,32
"07/25/2026 08:00 AM","SAN JUAN",362,0,362
"07/25/2026 08:05 AM","ARECIBO",91,0,91
"07/25/2026 08:05 AM","BAYAMON",226,0,226
"07/25/2026 08:05 AM","CAGUAS",2039,0,2039
"07/25/2026 08:05 AM","CAROLINA",120,0,120
"07/25/2026 08:05 AM","MAYAGUEZ",30,0,30
"07/25/2026 08:05 AM","PONCE",32,0,32
"07/25/2026 08:05 AM","SAN JUAN",363,0,363
"07/25/2026 08:05 AM","ARECIBO",91,0,91
"07/25/2026 08:05 AM","BAYAMON",226,0,226
"07/25/2026 08:05 AM","CAGUAS",2039,0,2039
"07/25/2026 08:05 AM","CAROLINA",120,0,120
"07/25/2026 08:05 AM","MAYAGUEZ",30,0,30
"07/25/2026 08:05 AM","PONCE",32,0,32
"07/25/2026 08:05 AM","SAN JUAN",363,0,363
"07/25/2026 08:10 AM","ARECIBO",91,0,91
"07/25/2026 08:10 AM","BAYAMON",225,0,225
"07/25/2026 08:10 AM","CAGUAS",504,0,504
"07/25/2026 08:10 AM","CAROLINA",120,0,120
"07/25/2026 08:10 AM","MAYAGUEZ",30,0,30
"07/25/2026 08:10 AM","PONCE",32,0,32
"07/25/2026 08:10 AM","SAN JUAN",363,0,363
"07/25/2026 08:10 AM","ARECIBO",91,0,91
"07/25/2026 08:10 AM","BAYAMON",225,0,225
"07/25/2026 08:10 AM","CAGUAS",504,0,504
"07/25/2026 08:10 AM","CAROLINA",120,0,120
"07/25/2026 08:10 AM","MAYAGUEZ",30,0,30
"07/25/2026 08:10 AM","PONCE",32,0,32
"07/25/2026 08:10 AM","SAN JUAN",363,0,363
"07/25/2026 08:15 AM","ARECIBO",91,0,91
"07/25/2026 08:15 AM","BAYAMON",225,0,225
"07/25/2026 08:15 AM","CAGUAS",505,0,505
"07/25/2026 08:15 AM","CAROLINA",120,0,120
"07/25/2026 08:15 AM","MAYAGUEZ",30,0,30
"07/25/2026 08:15 AM","PONCE",32,0,32
"07/25/2026 08:15 AM","SAN JUAN",363,0,363
"07/25/2026 08:15 AM","ARECIBO",91,0,91
"07/25/2026 08:15 AM","BAYAMON",225,0,225
"07/25/2026 08:15 AM","CAGUAS",505,0,505
"07/25/2026 08:15 AM","CAROLINA",120,0,120
"07/25/2026 08:15 AM","MAYAGUEZ",30,0,30
"07/25/2026 08:15 AM","PONCE",32,0,32
"07/25/2026 08:15 AM","SAN JUAN",363,0,363
"07/25/2026 08:15 AM","ARECIBO",91,0,91
"07/25/2026 08:15 AM","BAYAMON",225,0,225
"07/25/2026 08:15 AM","CAGUAS",505,0,505
"07/25/2026 08:15 AM","CAROLINA",120,0,120
"07/25/2026 08:15 AM","MAYAGUEZ",30,0,30
"07/25/2026 08:15 AM","PONCE",32,0,32
"07/25/2026 08:15 AM","SAN JUAN",363,0,363
"07/25/2026 08:20 AM","ARECIBO",326,0,326
"07/25/2026 08:20 AM","BAYAMON",225,0,225
"07/25/2026 08:20 AM","CAGUAS",507,0,507
"07/25/2026 08:20 AM","CAROLINA",120,0,120
"07/25/2026 08:20 AM","MAYAGUEZ",31,0,31
"07/25/2026 08:20 AM","PONCE",32,0,32
"07/25/2026 08:20 AM","SAN JUAN",363,0,363
"07/25/2026 08:20 AM","ARECIBO",326,0,326
"07/25/2026 08:20 AM","BAYAMON",225,0,225
"07/25/2026 08:20 AM","CAGUAS",507,0,507
"07/25/2026 08:20 AM","CAROLINA",120,0,120
"07/25/2026 08:20 AM","MAYAGUEZ",31,0,31
"07/25/2026 08:20 AM","PONCE",32,0,32
"07/25/2026 08:20 AM","SAN JUAN",363,0,363
"07/25/2026 11:45 AM","ARECIBO",377,0,377
"07/25/2026 11:45 AM","BAYAMON",174,0,174
"07/25/2026 11:45 AM","CAGUAS",82,0,82
"07/25/2026 11:45 AM","CAROLINA",3,0,3
"07/25/2026 11:45 AM","MAYAGUEZ",372,0,372
"07/25/2026 11:45 AM","PONCE",100,0,100
"07/25/2026 11:45 AM","SAN JUAN",74,0,74
"07/25/2026 11:50 AM","ARECIBO",377,0,377
"07/25/2026 11:50 AM","BAYAMON",173,0,173
"07/25/2026 11:50 AM","CAGUAS",82,0,82
"07/25/2026 11:50 AM","CAROLINA",3,0,3
"07/25/2026 11:50 AM","MAYAGUEZ",359,0,359
"07/25/2026 11:50 AM","PONCE",101,0,101
"07/25/2026 11:50 AM","SAN JUAN",74,0,74
"07/25/2026 11:50 AM","ARECIBO",377,0,377
"07/25/2026 11:50 AM","BAYAMON",173,0,173
"07/25/2026 11:50 AM","CAGUAS",82,0,82
"07/25/2026 11:50 AM","CAROLINA",3,0,3
"07/25/2026 11:50 AM","MAYAGUEZ",359,0,359
"07/25/2026 11:50 AM","PONCE",101,0,101
"07/25/2026 11:50 AM","SAN JUAN",74,0,74
"07/25/2026 11:50 AM","ARECIBO",377,0,377
"07/25/2026 11:50 AM","BAYAMON",173,0,173
"07/25/2026 11:50 AM","CAGUAS",82,0,82
"07/25/2026 11:50 AM","CAROLINA",3,0,3
"07/25/2026 11:50 AM","MAYAGUEZ",359,0,359
"07/25/2026 11:50 AM","PONCE",101,0,101
"07/25/2026 11:50 AM","SAN JUAN",74,0,74
"07/25/2026 11:55 AM","ARECIBO",377,0,377
"07/25/2026 11:55 AM","BAYAMON",174,0,174
"07/25/2026 11:55 AM","CAGUAS",82,0,82
"07/25/2026 11:55 AM","CAROLINA",3,0,3
"07/25/2026 11:55 AM","MAYAGUEZ",359,0,359
"07/25/2026 11:55 AM","PONCE",114,0,114
"07/25/2026 11:55 AM","SAN JUAN",74,0,74
"07/25/2026 11:55 AM","ARECIBO",377,0,377
"07/25/2026 11:55 AM","BAYAMON",174,0,174
"07/25/2026 11:55 AM","CAGUAS",82,0,82
"07/25/2026 11:55 AM","CAROLINA",3,0,3
"07/25/2026 11:55 AM","MAYAGUEZ",359,0,359
"07/25/2026 11:55 AM","PONCE",114,0,114
"07/25/2026 11:55 AM","SAN JUAN",74,0,74
"07/25/2026 12:00 PM","ARECIBO",377,0,377
"07/25/2026 12:00 PM","BAYAMON",175,0,175
"07/25/2026 12:00 PM","CAGUAS",82,0,82
"07/25/2026 12:00 PM","CAROLINA",3,0,3
"07/25/2026 12:00 PM","MAYAGUEZ",47,0,47
"07/25/2026 12:00 PM","PONCE",114,0,114
"07/25/2026 12:00 PM","SAN JUAN",74,0,74
"07/25/2026 12:00 PM","ARECIBO",377,0,377
"07/25/2026 12:00 PM","BAYAMON",175,0,175
"07/25/2026 12:00 PM","CAGUAS",82,0,82
"07/25/2026 12:00 PM","CAROLINA",3,0,3
"07/25/2026 12:00 PM","MAYAGUEZ",47,0,47
"07/25/2026 12:00 PM","PONCE",114,0,114
"07/25/2026 12:00 PM","SAN JUAN",74,0,74
"07/25/2026 12:00 PM","ARECIBO",377,0,377
"07/25/2026 12:00 PM","BAYAMON",175,0,175
"07/25/2026 12:00 PM","CAGUAS",82,0,82
"07/25/2026 12:00 PM","CAROLINA",3,0,3
"07/25/2026 12:00 PM","MAYAGUEZ",47,0,47
"07/25/2026 12:00 PM","PONCE",114,0,114
"07/25/2026 12:00 PM","SAN JUAN",74,0,74
"07/25/2026 12:05 PM","ARECIBO",378,0,378
"07/25/2026 12:05 PM","BAYAMON",175,0,175
"07/25/2026 12:05 PM","CAGUAS",80,0,80
"07/25/2026 12:05 PM","CAROLINA",3,0,3
"07/25/2026 12:05 PM","MAYAGUEZ",233,0,233
"07/25/2026 12:05 PM","PONCE",114,0,114
"07/25/2026 12:05 PM","SAN JUAN",73,0,73
"07/25/2026 12:05 PM","ARECIBO",378,0,378
"07/25/2026 12:05 PM","BAYAMON",175,0,175
"07/25/2026 12:05 PM","CAGUAS",80,0,80
"07/25/2026 12:05 PM","CAROLINA",3,0,3
"07/25/2026 12:05 PM","MAYAGUEZ",233,0,233
"07/25/2026 12:05 PM","PONCE",114,0,114
"07/25/2026 12:05 PM","SAN JUAN",73,0,73
"07/25/2026 12:10 PM","ARECIBO",388,0,388
"07/25/2026 12:10 PM","BAYAMON",175,0,175
"07/25/2026 12:10 PM","CAGUAS",84,0,84
"07/25/2026 12:10 PM","CAROLINA",13,0,13
"07/25/2026 12:10 PM","MAYAGUEZ",233,0,233
"07/25/2026 12:10 PM","PONCE",113,0,113
"07/25/2026 12:10 PM","SAN JUAN",73,0,73
"07/25/2026 12:10 PM","ARECIBO",388,0,388
"07/25/2026 12:10 PM","BAYAMON",175,0,175
"07/25/2026 12:10 PM","CAGUAS",84,0,84
"07/25/2026 12:10 PM","CAROLINA",13,0,13
"07/25/2026 12:10 PM","MAYAGUEZ",233,0,233
"07/25/2026 12:10 PM","PONCE",113,0,113
"07/25/2026 12:10 PM","SAN JUAN",73,0,73
"07/25/2026 12:10 PM","ARECIBO",388,0,388
"07/25/2026 12:10 PM","BAYAMON",175,0,175
"07/25/2026 12:10 PM","CAGUAS",84,0,84
"07/25/2026 12:10 PM","CAROLINA",13,0,13
"07/25/2026 12:10 PM","MAYAGUEZ",233,0,233
"07/25/2026 12:10 PM","PONCE",113,0,113
"07/25/2026 12:10 PM","SAN JUAN",73,0,73
"07/25/2026 12:15 PM","ARECIBO",388,0,388
"07/25/2026 12:15 PM","BAYAMON",175,0,175
"07/25/2026 12:15 PM","CAGUAS",85,0,85
"07/25/2026 12:15 PM","CAROLINA",3,0,3
"07/25/2026 12:15 PM","MAYAGUEZ",233,0,233
"07/25/2026 12:15 PM","PONCE",113,0,113
"07/25/2026 12:15 PM","SAN JUAN",74,0,74
"07/25/2026 12:15 PM","ARECIBO",388,0,388
"07/25/2026 12:15 PM","BAYAMON",175,0,175
"07/25/2026 12:15 PM","CAGUAS",85,0,85
"07/25/2026 12:15 PM","CAROLINA",3,0,3
"07/25/2026 12:15 PM","MAYAGUEZ",233,0,233
"07/25/2026 12:15 PM","PONCE",113,0,113
"07/25/2026 12:15 PM","SAN JUAN",74,0,74
"07/25/2026 12:20 PM","ARECIBO",387,0,387
"07/25/2026 12:20 PM","BAYAMON",176,0,176
"07/25/2026 12:20 PM","CAGUAS",84,0,84
"07/25/2026 12:20 PM","CAROLINA",3,0,3
"07/25/2026 12:20 PM","MAYAGUEZ",220,0,220
"07/25/2026 12:20 PM","PONCE",113,0,113
"07/25/2026 12:20 PM","SAN JUAN",29,0,29
"07/25/2026 12:20 PM","ARECIBO",387,0,387
"07/25/2026 12:20 PM","BAYAMON",176,0,176
"07/25/2026 12:20 PM","CAGUAS",84,0,84
"07/25/2026 12:20 PM","CAROLINA",3,0,3
"07/25/2026 12:20 PM","MAYAGUEZ",220,0,220
"07/25/2026 12:20 PM","PONCE",113,0,113
"07/25/2026 12:20 PM","SAN JUAN",29,0,29
"07/25/2026 12:20 PM","ARECIBO",387,0,387
"07/25/2026 12:20 PM","BAYAMON",176,0,176
"07/25/2026 12:20 PM","CAGUAS",84,0,84
"07/25/2026 12:20 PM","CAROLINA",3,0,3
"07/25/2026 12:20 PM","MAYAGUEZ",220,0,220
"07/25/2026 12:20 PM","PONCE",113,0,113
"07/25/2026 12:20 PM","SAN JUAN",29,0,29
"07/25/2026 12:25 PM","ARECIBO",396,0,396
"07/25/2026 12:25 PM","BAYAMON",176,0,176
"07/25/2026 12:25 PM","CAGUAS",145,0,145
"07/25/2026 12:25 PM","CAROLINA",5,0,5
"07/25/2026 12:25 PM","MAYAGUEZ",47,0,47
"07/25/2026 12:25 PM","PONCE",113,0,113
"07/25/2026 12:25 PM","SAN JUAN",29,0,29
"07/25/2026 12:25 PM","ARECIBO",396,0,396
"07/25/2026 12:25 PM","BAYAMON",176,0,176
"07/25/2026 12:25 PM","CAGUAS",145,0,145
"07/25/2026 12:25 PM","CAROLINA",5,0,5
"07/25/2026 12:25 PM","MAYAGUEZ",47,0,47
"07/25/2026 12:25 PM","PONCE",113,0,113
"07/25/2026 12:25 PM","SAN JUAN",29,0,29
"07/25/2026 12:30 PM","ARECIBO",397,0,397
"07/25/2026 12:30 PM","BAYAMON",176,0,176
"07/25/2026 12:30 PM","CAGUAS",145,0,145
"07/25/2026 12:30 PM","CAROLINA",6,0,6
"07/25/2026 12:30 PM","MAYAGUEZ",47,0,47
"07/25/2026 12:30 PM","PONCE",259,0,259
"07/25/2026 12:30 PM","SAN JUAN",92,0,92
"07/25/2026 12:30 PM","ARECIBO",397,0,397
"07/25/2026 12:30 PM","BAYAMON",176,0,176
"07/25/2026 12:30 PM","CAGUAS",145,0,145
"07/25/2026 12:30 PM","CAROLINA",6,0,6
"07/25/2026 12:30 PM","MAYAGUEZ",47,0,47
"07/25/2026 12:30 PM","PONCE",259,0,259
"07/25/2026 12:30 PM","SAN JUAN",92,0,92
"07/25/2026 12:30 PM","ARECIBO",397,0,397
"07/25/2026 12:30 PM","BAYAMON",176,0,176
"07/25/2026 12:30 PM","CAGUAS",145,0,145
"07/25/2026 12:30 PM","CAROLINA",6,0,6
"07/25/2026 12:30 PM","MAYAGUEZ",47,0,47
"07/25/2026 12:30 PM","PONCE",259,0,259
"07/25/2026 12:30 PM","SAN JUAN",92,0,92
"07/25/2026 12:35 PM","ARECIBO",397,0,397
"07/25/2026 12:35 PM","BAYAMON",176,0,176
"07/25/2026 12:35 PM","CAGUAS",146,0,146
"07/25/2026 12:35 PM","CAROLINA",5,0,5
"07/25/2026 12:35 PM","MAYAGUEZ",48,0,48
"07/25/2026 12:35 PM","PONCE",259,0,259
"07/25/2026 12:35 PM","SAN JUAN",92,0,92
"07/25/2026 12:35 PM","ARECIBO",397,0,397
"07/25/2026 12:35 PM","BAYAMON",176,0,176
"07/25/2026 12:35 PM","CAGUAS",146,0,146
"07/25/2026 12:35 PM","CAROLINA",5,0,5
"07/25/2026 12:35 PM","MAYAGUEZ",48,0,48
"07/25/2026 12:35 PM","PONCE",259,0,259
"07/25/2026 12:35 PM","SAN JUAN",92,0,92
"07/25/2026 12:40 PM","ARECIBO",396,0,396
"07/25/2026 12:40 PM","BAYAMON",176,0,176
"07/25/2026 12:40 PM","CAGUAS",147,0,147
"07/25/2026 12:40 PM","CAROLINA",6,0,6
"07/25/2026 12:40 PM","MAYAGUEZ",48,0,48
"07/25/2026 12:40 PM","PONCE",112,0,112
"07/25/2026 12:40 PM","SAN JUAN",403,0,403
"07/25/2026 12:40 PM","ARECIBO",396,0,396
"07/25/2026 12:40 PM","BAYAMON",176,0,176
"07/25/2026 12:40 PM","CAGUAS",147,0,147
"07/25/2026 12:40 PM","CAROLINA",6,0,6
"07/25/2026 12:40 PM","MAYAGUEZ",48,0,48
"07/25/2026 12:40 PM","PONCE",112,0,112
"07/25/2026 12:40 PM","SAN JUAN",403,0,403
"07/25/2026 04:10 PM","ARECIBO",2862,0,2862
"07/25/2026 04:10 PM","BAYAMON",81,0,81
"07/25/2026 04:10 PM","CAGUAS",251,0,251
"07/25/2026 04:10 PM","CAROLINA",1,0,1
"07/25/2026 04:10 PM","MAYAGUEZ",397,0,397
"07/25/2026 04:10 PM","PONCE",175,0,175
"07/25/2026 04:10 PM","SAN JUAN",270,0,270
"07/25/2026 04:15 PM","ARECIBO",2849,0,2849
"07/25/2026 04:15 PM","BAYAMON",81,0,81
"07/25/2026 04:15 PM","CAGUAS",164,0,164
"07/25/2026 04:15 PM","CAROLINA",1,0,1
"07/25/2026 04:15 PM","MAYAGUEZ",388,0,388
"07/25/2026 04:15 PM","PONCE",175,0,175
"07/25/2026 04:15 PM","SAN JUAN",270,0,270
"07/25/2026 04:15 PM","ARECIBO",2849,0,2849
"07/25/2026 04:15 PM","BAYAMON",81,0,81
"07/25/2026 04:15 PM","CAGUAS",164,0,164
"07/25/2026 04:15 PM","CAROLINA",1,0,1
"07/25/2026 04:15 PM","MAYAGUEZ",388,0,388
"07/25/2026 04:15 PM","PONCE",175,0,175
"07/25/2026 04:15 PM","SAN JUAN",270,0,270
"07/25/2026 04:20 PM","ARECIBO",2849,0,2849
"07/25/2026 04:20 PM","BAYAMON",81,0,81
"07/25/2026 04:20 PM","CAGUAS",164,0,164
"07/25/2026 04:20 PM","CAROLINA",1,0,1
"07/25/2026 04:20 PM","MAYAGUEZ",388,0,388
"07/25/2026 04:20 PM","PONCE",175,0,175
"07/25/2026 04:20 PM","SAN JUAN",270,0,270
"07/25/2026 04:20 PM","ARECIBO",2849,0,2849
"07/25/2026 04:20 PM","BAYAMON",81,0,81
"07/25/2026 04:20 PM","CAGUAS",164,0,164
"07/25/2026 04:20 PM","CAROLINA",1,0,1
"07/25/2026 04:20 PM","MAYAGUEZ",388,0,388
"07/25/2026 04:20 PM","PONCE",175,0,175
"07/25/2026 04:20 PM","SAN JUAN",270,0,270
"07/25/2026 04:20 PM","ARECIBO",2849,0,2849
"07/25/2026 04:20 PM","BAYAMON",81,0,81
"07/25/2026 04:20 PM","CAGUAS",164,0,164
"07/25/2026 04:20 PM","CAROLINA",1,0,1
"07/25/2026 04:20 PM","MAYAGUEZ",388,0,388
"07/25/2026 04:20 PM","PONCE",175,0,175
"07/25/2026 04:20 PM","SAN JUAN",270,0,270
"07/25/2026 04:25 PM","ARECIBO",2844,0,2844
"07/25/2026 04:25 PM","BAYAMON",81,0,81
"07/25/2026 04:25 PM","CAGUAS",161,0,161
"07/25/2026 04:25 PM","CAROLINA",2,0,2
"07/25/2026 04:25 PM","MAYAGUEZ",386,0,386
"07/25/2026 04:25 PM","PONCE",175,0,175
"07/25/2026 04:25 PM","SAN JUAN",270,0,270
"07/25/2026 04:25 PM","ARECIBO",2844,0,2844
"07/25/2026 04:25 PM","BAYAMON",81,0,81
"07/25/2026 04:25 PM","CAGUAS",161,0,161
"07/25/2026 04:25 PM","CAROLINA",2,0,2
"07/25/2026 04:25 PM","MAYAGUEZ",386,0,386
"07/25/2026 04:25 PM","PONCE",175,0,175
"07/25/2026 04:25 PM","SAN JUAN",270,0,270
"07/25/2026 04:30 PM","ARECIBO",2844,0,2844
"07/25/2026 04:30 PM","BAYAMON",81,0,81
"07/25/2026 04:30 PM","CAGUAS",163,0,163
"07/25/2026 04:30 PM","CAROLINA",2,0,2
"07/25/2026 04:30 PM","MAYAGUEZ",386,0,386
"07/25/2026 04:30 PM","PONCE",175,0,175
"07/25/2026 04:30 PM","SAN JUAN",270,0,270
"07/25/2026 04:30 PM","ARECIBO",2844,0,2844
"07/25/2026 04:30 PM","BAYAMON",81,0,81
"07/25/2026 04:30 PM","CAGUAS",163,0,163
"07/25/2026 04:30 PM","CAROLINA",2,0,2
"07/25/2026 04:30 PM","MAYAGUEZ",386,0,386
"07/25/2026 04:30 PM","PONCE",175,0,175
"07/25/2026 04:30 PM","SAN JUAN",270,0,270
"07/25/2026 04:30 PM","ARECIBO",2844,0,2844
"07/25/2026 04:30 PM","BAYAMON",81,0,81
"07/25/2026 04:30 PM","CAGUAS",163,0,163
"07/25/2026 04:30 PM","CAROLINA",2,0,2
"07/25/2026 04:30 PM","MAYAGUEZ",386,0,386
"07/25/2026 04:30 PM","PONCE",175,0,175
"07/25/2026 04:30 PM","SAN JUAN",270,0,270
"07/25/2026 04:35 PM","ARECIBO",2845,0,2845
"07/25/2026 04:35 PM","BAYAMON",81,0,81
"07/25/2026 04:35 PM","CAGUAS",163,0,163
"07/25/2026 04:35 PM","CAROLINA",2,0,2
"07/25/2026 04:35 PM","MAYAGUEZ",389,0,389
"07/25/2026 04:35 PM","PONCE",175,0,175
"07/25/2026 04:35 PM","SAN JUAN",122,0,122
"07/25/2026 04:35 PM","ARECIBO",2845,0,2845
"07/25/2026 04:35 PM","BAYAMON",81,0,81
"07/25/2026 04:35 PM","CAGUAS",163,0,163
"07/25/2026 04:35 PM","CAROLINA",2,0,2
"07/25/2026 04:35 PM","MAYAGUEZ",389,0,389
"07/25/2026 04:35 PM","PONCE",175,0,175
"07/25/2026 04:35 PM","SAN JUAN",122,0,122
"07/25/2026 04:40 PM","ARECIBO",2848,0,2848
"07/25/2026 04:40 PM","BAYAMON",64,0,64
"07/25/2026 04:40 PM","CAGUAS",162,0,162
"07/25/2026 04:40 PM","CAROLINA",2,0,2
"07/25/2026 04:40 PM","MAYAGUEZ",389,0,389
"07/25/2026 04:40 PM","PONCE",176,0,176
"07/25/2026 04:40 PM","SAN JUAN",123,0,123
"07/25/2026 04:40 PM","ARECIBO",2848,0,2848
"07/25/2026 04:40 PM","BAYAMON",64,0,64
"07/25/2026 04:40 PM","CAGUAS",162,0,162
"07/25/2026 04:40 PM","CAROLINA",2,0,2
"07/25/2026 04:40 PM","MAYAGUEZ",389,0,389
"07/25/2026 04:40 PM","PONCE",176,0,176
"07/25/2026 04:40 PM","SAN JUAN",123,0,123
"07/25/2026 04:40 PM","ARECIBO",2848,0,2848
"07/25/2026 04:40 PM","BAYAMON",64,0,64
"07/25/2026 04:40 PM","CAGUAS",162,0,162
"07/25/2026 04:40 PM","CAROLINA",2,0,2
"07/25/2026 04:40 PM","MAYAGUEZ",389,0,389
"07/25/2026 04:40 PM","PONCE",176,0,176
"07/25/2026 04:40 PM","SAN JUAN",123,0,123
"07/25/2026 04:45 PM","ARECIBO",2849,0,2849
"07/25/2026 04:45 PM","BAYAMON",64,0,64
"07/25/2026 04:45 PM","CAGUAS",162,0,162
"07/25/2026 04:45 PM","CAROLINA",2,0,2
"07/25/2026 04:45 PM","MAYAGUEZ",373,0,373
"07/25/2026 04:45 PM","PONCE",176,0,176
"07/25/2026 04:45 PM","SAN JUAN",123,0,123
"07/25/2026 04:45 PM","ARECIBO",2849,0,2849
"07/25/2026 04:45 PM","BAYAMON",64,0,64
"07/25/2026 04:45 PM","CAGUAS",162,0,162
"07/25/2026 04:45 PM","CAROLINA",2,0,2
"07/25/2026 04:45 PM","MAYAGUEZ",373,0,373
"07/25/2026 04:45 PM","PONCE",176,0,176
"07/25/2026 04:45 PM","SAN JUAN",123,0,123
"07/25/2026 04:50 PM","ARECIBO",2856,0,2856
"07/25/2026 04:50 PM","BAYAMON",64,0,64
"07/25/2026 04:50 PM","CAGUAS",154,0,154
"07/25/2026 04:50 PM","CAROLINA",2,0,2
"07/25/2026 04:50 PM","MAYAGUEZ",374,0,374
"07/25/2026 04:50 PM","PONCE",175,0,175
"07/25/2026 04:50 PM","SAN JUAN",124,0,124
"07/25/2026 04:50 PM","ARECIBO",2856,0,2856
"07/25/2026 04:50 PM","BAYAMON",64,0,64
"07/25/2026 04:50 PM","CAGUAS",154,0,154
"07/25/2026 04:50 PM","CAROLINA",2,0,2
"07/25/2026 04:50 PM","MAYAGUEZ",374,0,374
"07/25/2026 04:50 PM","PONCE",175,0,175
"07/25/2026 04:50 PM","SAN JUAN",124,0,124
"07/25/2026 04:50 PM","ARECIBO",2856,0,2856
"07/25/2026 04:50 PM","BAYAMON",64,0,64
"07/25/2026 04:50 PM","CAGUAS",154,0,154
"07/25/2026 04:50 PM","CAROLINA",2,0,2
"07/25/2026 04:50 PM","MAYAGUEZ",374,0,374
"07/25/2026 04:50 PM","PONCE",175,0,175
"07/25/2026 04:50 PM","SAN JUAN",124,0,124
"07/25/2026 04:55 PM","ARECIBO",2856,0,2856
"07/25/2026 04:55 PM","BAYAMON",64,0,64
"07/25/2026 04:55 PM","CAGUAS",154,0,154
"07/25/2026 04:55 PM","CAROLINA",2,0,2
"07/25/2026 04:55 PM","MAYAGUEZ",305,0,305
"07/25/2026 04:55 PM","PONCE",174,0,174
"07/25/2026 04:55 PM","SAN JUAN",124,0,124
"07/25/2026 04:55 PM","ARECIBO",2856,0,2856
"07/25/2026 04:55 PM","BAYAMON",64,0,64
"07/25/2026 04:55 PM","CAGUAS",154,0,154
"07/25/2026 04:55 PM","CAROLINA",2,0,2
"07/25/2026 04:55 PM","MAYAGUEZ",305,0,305
"07/25/2026 04:55 PM","PONCE",174,0,174
"07/25/2026 04:55 PM","SAN JUAN",124,0,124
"07/25/2026 05:00 PM","ARECIBO",2856,0,2856
"07/25/2026 05:00 PM","BAYAMON",65,0,65
"07/25/2026 05:00 PM","CAGUAS",154,0,154
"07/25/2026 05:00 PM","CAROLINA",2,0,2
"07/25/2026 05:00 PM","MAYAGUEZ",181,0,181
"07/25/2026 05:00 PM","PONCE",174,0,174
"07/25/2026 05:00 PM","SAN JUAN",123,0,123
"07/25/2026 05:00 PM","ARECIBO",2856,0,2856
"07/25/2026 05:00 PM","BAYAMON",65,0,65
"07/25/2026 05:00 PM","CAGUAS",154,0,154
"07/25/2026 05:00 PM","CAROLINA",2,0,2
"07/25/2026 05:00 PM","MAYAGUEZ",181,0,181
"07/25/2026 05:00 PM","PONCE",174,0,174
"07/25/2026 05:00 PM","SAN JUAN",123,0,123
"07/25/2026 05:00 PM","ARECIBO",2856,0,2856
"07/25/2026 05:00 PM","BAYAMON",65,0,65
"07/25/2026 05:00 PM","CAGUAS",154,0,154
"07/25/2026 05:00 PM","CAROLINA",2,0,2
"07/25/2026 05:00 PM","MAYAGUEZ",181,0,181
"07/25/2026 05:00 PM","PONCE",174,0,174
"07/25/2026 05:00 PM","SAN JUAN",123,0,123
"07/25/2026 05:05 PM","ARECIBO",2856,0,2856
"07/25/2026 05:05 PM","BAYAMON",65,0,65
"07/25/2026 05:05 PM","CAGUAS",154,0,154
"07/25/2026 05:05 PM","CAROLINA",1,0,1
"07/25/2026 05:05 PM","MAYAGUEZ",366,0,366
"07/25/2026 05:05 PM","PONCE",174,0,174
"07/25/2026 05:05 PM","SAN JUAN",123,0,123
"07/25/2026 05:05 PM","ARECIBO",2856,0,2856
"07/25/2026 05:05 PM","BAYAMON",65,0,65
"07/25/2026 05:05 PM","CAGUAS",154,0,154
"07/25/2026 05:05 PM","CAROLINA",1,0,1
"07/25/2026 05:05 PM","MAYAGUEZ",366,0,366
"07/25/2026 05:05 PM","PONCE",174,0,174
"07/25/2026 05:05 PM","SAN JUAN",123,0,123
"07/26/2026 03:15 AM","ARECIBO",7016,0,7016
"07/26/2026 03:15 AM","BAYAMON",64,0,64
"07/26/2026 03:15 AM","CAGUAS",50,0,50
"07/26/2026 03:15 AM","CAROLINA",2,0,2
"07/26/2026 03:15 AM","MAYAGUEZ",43,0,43
"07/26/2026 03:15 AM","PONCE",43,0,43
"07/26/2026 03:15 AM","SAN JUAN",58,0,58
"07/26/2026 03:15 AM","ARECIBO",7016,0,7016
"07/26/2026 03:15 AM","BAYAMON",64,0,64
"07/26/2026 03:15 AM","CAGUAS",50,0,50
"07/26/2026 03:15 AM","CAROLINA",2,0,2
"07/26/2026 03:15 AM","MAYAGUEZ",43,0,43
"07/26/2026 03:15 AM","PONCE",43,0,43
"07/26/2026 03:15 AM","SAN JUAN",58,0,58
"07/26/2026 03:15 AM","ARECIBO",7016,0,7016
"07/26/2026 03:15 AM","BAYAMON",64,0,64
"07/26/2026 03:15 AM","CAGUAS",50,0,50
"07/26/2026 03:15 AM","CAROLINA",2,0,2
"07/26/2026 03:15 AM","MAYAGUEZ",43,0,43
"07/26/2026 03:15 AM","PONCE",43,0,43
"07/26/2026 03:15 AM","SAN JUAN",58,0,58
"07/26/2026 03:20 AM","ARECIBO",7017,0,7017
"07/26/2026 03:20 AM","BAYAMON",64,0,64
"07/26/2026 03:20 AM","CAGUAS",50,0,50
"07/26/2026 03:20 AM","CAROLINA",2,0,2
"07/26/2026 03:20 AM","MAYAGUEZ",44,0,44
"07/26/2026 03:20 AM","PONCE",43,0,43
"07/26/2026 03:20 AM","SAN JUAN",58,0,58
"07/26/2026 03:20 AM","ARECIBO",7017,0,7017
"07/26/2026 03:20 AM","BAYAMON",64,0,64
"07/26/2026 03:20 AM","CAGUAS",50,0,50
"07/26/2026 03:20 AM","CAROLINA",2,0,2
"07/26/2026 03:20 AM","MAYAGUEZ",44,0,44
"07/26/2026 03:20 AM","PONCE",43,0,43
"07/26/2026 03:20 AM","SAN JUAN",58,0,58
"07/26/2026 03:25 AM","ARECIBO",7019,0,7019
"07/26/2026 03:25 AM","BAYAMON",64,0,64
"07/26/2026 03:25 AM","CAGUAS",50,0,50
"07/26/2026 03:25 AM","CAROLINA",2,0,2
"07/26/2026 03:25 AM","MAYAGUEZ",44,0,44
"07/26/2026 03:25 AM","PONCE",43,0,43
"07/26/2026 03:25 AM","SAN JUAN",58,0,58
"07/26/2026 03:25 AM","ARECIBO",7019,0,7019
"07/26/2026 03:25 AM","BAYAMON",64,0,64
"07/26/2026 03:25 AM","CAGUAS",50,0,50
"07/26/2026 03:25 AM","CAROLINA",2,0,2
"07/26/2026 03:25 AM","MAYAGUEZ",44,0,44
"07/26/2026 03:25 AM","PONCE",43,0,43
"07/26/2026 03:25 AM","SAN JUAN",58,0,58
"07/26/2026 03:25 AM","ARECIBO",7019,0,7019
"07/26/2026 03:25 AM","BAYAMON",64,0,64
"07/26/2026 03:25 AM","CAGUAS",50,0,50
"07/26/2026 03:25 AM","CAROLINA",2,0,2
"07/26/2026 03:25 AM","MAYAGUEZ",44,0,44
"07/26/2026 03:25 AM","PONCE",43,0,43
"07/26/2026 03:25 AM","SAN JUAN",58,0,58
"07/26/2026 03:30 AM","ARECIBO",7019,0,7019
"07/26/2026 03:30 AM","BAYAMON",64,0,64
"07/26/2026 03:30 AM","CAGUAS",50,0,50
"07/26/2026 03:30 AM","CAROLINA",2,0,2
"07/26/2026 03:30 AM","MAYAGUEZ",44,0,44
"07/26/2026 03:30 AM","PONCE",43,0,43
"07/26/2026 03:30 AM","SAN JUAN",58,0,58
"07/26/2026 03:30 AM","ARECIBO",7019,0,7019
"07/26/2026 03:30 AM","BAYAMON",64,0,64
"07/26/2026 03:30 AM","CAGUAS",50,0,50
"07/26/2026 03:30 AM","CAROLINA",2,0,2
"07/26/2026 03:30 AM","MAYAGUEZ",44,0,44
"07/26/2026 03:30 AM","PONCE",43,0,43
"07/26/2026 03:30 AM","SAN JUAN",58,0,58
"07/26/2026 03:35 AM","ARECIBO",7022,0,7022
"07/26/2026 03:35 AM","BAYAMON",64,0,64
"07/26/2026 03:35 AM","CAGUAS",50,0,50
"07/26/2026 03:35 AM","CAROLINA",2,0,2
"07/26/2026 03:35 AM","MAYAGUEZ",44,0,44
"07/26/2026 03:35 AM","PONCE",43,0,43
"07/26/2026 03:35 AM","SAN JUAN",58,0,58
"07/26/2026 03:35 AM","ARECIBO",7022,0,7022
"07/26/2026 03:35 AM","BAYAMON",64,0,64
"07/26/2026 03:35 AM","CAGUAS",50,0,50
"07/26/2026 03:35 AM","CAROLINA",2,0,2
"07/26/2026 03:35 AM","MAYAGUEZ",44,0,44
"07/26/2026 03:35 AM","PONCE",43,0,43
"07/26/2026 03:35 AM","SAN JUAN",58,0,58
"07/26/2026 03:35 AM","ARECIBO",7022,0,7022
"07/26/2026 03:35 AM","BAYAMON",64,0,64
"07/26/2026 03:35 AM","CAGUAS",50,0,50
"07/26/2026 03:35 AM","CAROLINA",2,0,2
"07/26/2026 03:35 AM","MAYAGUEZ",44,0,44
"07/26/2026 03:35 AM","PONCE",43,0,43
"07/26/2026 03:35 AM","SAN JUAN",58,0,58
"07/26/2026 03:40 AM","ARECIBO",7024,0,7024
"07/26/2026 03:40 AM","BAYAMON",64,0,64
"07/26/2026 03:40 AM","CAGUAS",50,0,50
"07/26/2026 03:40 AM","CAROLINA",3,0,3
"07/26/2026 03:40 AM","MAYAGUEZ",44,0,44
"07/26/2026 03:40 AM","PONCE",42,0,42
"07/26/2026 03:40 AM","SAN JUAN",58,0,58
"07/26/2026 03:40 AM","ARECIBO",7024,0,7024
"07/26/2026 03:40 AM","BAYAMON",64,0,64
"07/26/2026 03:40 AM","CAGUAS",50,0,50
"07/26/2026 03:40 AM","CAROLINA",3,0,3
"07/26/2026 03:40 AM","MAYAGUEZ",44,0,44
"07/26/2026 03:40 AM","PONCE",42,0,42
"07/26/2026 03:40 AM","SAN JUAN",58,0,58
"07/26/2026 03:45 AM","ARECIBO",7026,0,7026
"07/26/2026 03:45 AM","BAYAMON",64,0,64
"07/26/2026 03:45 AM","CAGUAS",50,0,50
"07/26/2026 03:45 AM","CAROLINA",2,0,2
"07/26/2026 03:45 AM","MAYAGUEZ",43,0,43
"07/26/2026 03:45 AM","PONCE",42,0,42
"07/26/2026 03:45 AM","SAN JUAN",58,0,58
"07/26/2026 03:45 AM","ARECIBO",7026,0,7026
"07/26/2026 03:45 AM","BAYAMON",64,0,64
"07/26/2026 03:45 AM","CAGUAS",50,0,50
"07/26/2026 03:45 AM","CAROLINA",2,0,2
"07/26/2026 03:45 AM","MAYAGUEZ",43,0,43
"07/26/2026 03:45 AM","PONCE",42,0,42
"07/26/2026 03:45 AM","SAN JUAN",58,0,58
"07/26/2026 03:45 AM","ARECIBO",7026,0,7026
"07/26/2026 03:45 AM","BAYAMON",64,0,64
"07/26/2026 03:45 AM","CAGUAS",50,0,50
"07/26/2026 03:45 AM","CAROLINA",2,0,2
"07/26/2026 03:45 AM","MAYAGUEZ",43,0,43
"07/26/2026 03:45 AM","PONCE",42,0,42
"07/26/2026 03:45 AM","SAN JUAN",58,0,58
"07/26/2026 03:50 AM","ARECIBO",7030,0,7030
"07/26/2026 03:50 AM","BAYAMON",64,0,64
"07/26/2026 03:50 AM","CAGUAS",50,0,50
"07/26/2026 03:50 AM","CAROLINA",2,0,2
"07/26/2026 03:50 AM","MAYAGUEZ",40,0,40
"07/26/2026 03:50 AM","PONCE",42,0,42
"07/26/2026 03:50 AM","SAN JUAN",58,0,58
"07/26/2026 03:50 AM","ARECIBO",7030,0,7030
"07/26/2026 03:50 AM","BAYAMON",64,0,64
"07/26/2026 03:50 AM","CAGUAS",50,0,50
"07/26/2026 03:50 AM","CAROLINA",2,0,2
"07/26/2026 03:50 AM","MAYAGUEZ",40,0,40
"07/26/2026 03:50 AM","PONCE",42,0,42
"07/26/2026 03:50 AM","SAN JUAN",58,0,58
"07/26/2026 03:55 AM","ARECIBO",7030,0,7030
"07/26/2026 03:55 AM","BAYAMON",64,0,64
"07/26/2026 03:55 AM","CAGUAS",50,0,50
"07/26/2026 03:55 AM","CAROLINA",2,0,2
"07/26/2026 03:55 AM","MAYAGUEZ",40,0,40
"07/26/2026 03:55 AM","PONCE",42,0,42
"07/26/2026 03:55 AM","SAN JUAN",58,0,58
"07/26/2026 03:55 AM","ARECIBO",7030,0,7030
"07/26/2026 03:55 AM","BAYAMON",64,0,64
"07/26/2026 03:55 AM","CAGUAS",50,0,50
"07/26/2026 03:55 AM","CAROLINA",2,0,2
"07/26/2026 03:55 AM","MAYAGUEZ",40,0,40
"07/26/2026 03:55 AM","PONCE",42,0,42
"07/26/2026 03:55 AM","SAN JUAN",58,0,58
"07/26/2026 03:55 AM","ARECIBO",7030,0,7030
"07/26/2026 03:55 AM","BAYAMON",64,0,64
"07/26/2026 03:55 AM","CAGUAS",50,0,50
"07/26/2026 03:55 AM","CAROLINA",2,0,2
"07/26/2026 03:55 AM","MAYAGUEZ",40,0,40
"07/26/2026 03:55 AM","PONCE",42,0,42
"07/26/2026 03:55 AM","SAN JUAN",58,0,58
"07/26/2026 04:00 AM","ARECIBO",7030,0,7030
"07/26/2026 04:00 AM","BAYAMON",64,0,64
"07/26/2026 04:00 AM","CAGUAS",50,0,50
"07/26/2026 04:00 AM","CAROLINA",2,0,2
"07/26/2026 04:00 AM","MAYAGUEZ",40,0,40
"07/26/2026 04:00 AM","PONCE",42,0,42
"07/26/2026 04:00 AM","SAN JUAN",58,0,58
"07/26/2026 04:00 AM","ARECIBO",7030,0,7030
"07/26/2026 04:00 AM","BAYAMON",64,0,64
"07/26/2026 04:00 AM","CAGUAS",50,0,50
"07/26/2026 04:00 AM","CAROLINA",2,0,2
"07/26/2026 04:00 AM","MAYAGUEZ",40,0,40
"07/26/2026 04:00 AM","PONCE",42,0,42
"07/26/2026 04:00 AM","SAN JUAN",58,0,58
"07/26/2026 04:05 AM","ARECIBO",7037,0,7037
"07/26/2026 04:05 AM","BAYAMON",64,0,64
"07/26/2026 04:05 AM","CAGUAS",50,0,50
"07/26/2026 04:05 AM","CAROLINA",2,0,2
"07/26/2026 04:05 AM","MAYAGUEZ",40,0,40
"07/26/2026 04:05 AM","PONCE",42,0,42
"07/26/2026 04:05 AM","SAN JUAN",58,0,58
"07/26/2026 04:05 AM","ARECIBO",7037,0,7037
"07/26/2026 04:05 AM","BAYAMON",64,0,64
"07/26/2026 04:05 AM","CAGUAS",50,0,50
"07/26/2026 04:05 AM","CAROLINA",2,0,2
"07/26/2026 04:05 AM","MAYAGUEZ",40,0,40
"07/26/2026 04:05 AM","PONCE",42,0,42
"07/26/2026 04:05 AM","SAN JUAN",58,0,58
"07/26/2026 04:05 AM","ARECIBO",7037,0,7037
"07/26/2026 04:05 AM","BAYAMON",64,0,64
"07/26/2026 04:05 AM","CAGUAS",50,0,50
"07/26/2026 04:05 AM","CAROLINA",2,0,2
"07/26/2026 04:05 AM","MAYAGUEZ",40,0,40
"07/26/2026 04:05 AM","PONCE",42,0,42
"07/26/2026 04:05 AM","SAN JUAN",58,0,58
"07/26/2026 07:50 AM","ARECIBO",362,0,362
"07/26/2026 07:50 AM","BAYAMON",66,0,66
"07/26/2026 07:50 AM","CAGUAS",107,0,107
"07/26/2026 07:50 AM","CAROLINA",2,0,2
"07/26/2026 07:50 AM","MAYAGUEZ",35,0,35
"07/26/2026 07:50 AM","PONCE",42,0,42
"07/26/2026 07:50 AM","SAN JUAN",73,0,73
"07/26/2026 07:50 AM","ARECIBO",362,0,362
"07/26/2026 07:50 AM","BAYAMON",66,0,66
"07/26/2026 07:50 AM","CAGUAS",107,0,107
"07/26/2026 07:50 AM","CAROLINA",2,0,2
"07/26/2026 07:50 AM","MAYAGUEZ",35,0,35
"07/26/2026 07:50 AM","PONCE",42,0,42
"07/26/2026 07:50 AM","SAN JUAN",73,0,73
"07/26/2026 07:50 AM","ARECIBO",362,0,362
"07/26/2026 07:50 AM","BAYAMON",66,0,66
"07/26/2026 07:50 AM","CAGUAS",107,0,107
"07/26/2026 07:50 AM","CAROLINA",2,0,2
"07/26/2026 07:50 AM","MAYAGUEZ",35,0,35
"07/26/2026 07:50 AM","PONCE",42,0,42
"07/26/2026 07:50 AM","SAN JUAN",73,0,73
"07/26/2026 07:55 AM","ARECIBO",362,0,362
"07/26/2026 07:55 AM","BAYAMON",66,0,66
"07/26/2026 07:55 AM","CAGUAS",246,0,246
"07/26/2026 07:55 AM","CAROLINA",2,0,2
"07/26/2026 07:55 AM","MAYAGUEZ",35,0,35
"07/26/2026 07:55 AM","PONCE",42,0,42
"07/26/2026 07:55 AM","SAN JUAN",59,14,73
"07/26/2026 07:55 AM","ARECIBO",362,0,362
"07/26/2026 07:55 AM","BAYAMON",66,0,66
"07/26/2026 07:55 AM","CAGUAS",246,0,246
"07/26/2026 07:55 AM","CAROLINA",2,0,2
"07/26/2026 07:55 AM","MAYAGUEZ",35,0,35
"07/26/2026 07:55 AM","PONCE",42,0,42
"07/26/2026 07:55 AM","SAN JUAN",59,14,73
"07/26/2026 08:00 AM","ARECIBO",362,0,362
"07/26/2026 08:00 AM","BAYAMON",66,0,66
"07/26/2026 08:00 AM","CAGUAS",246,0,246
"07/26/2026 08:00 AM","CAROLINA",2,0,2
"07/26/2026 08:00 AM","MAYAGUEZ",35,0,35
"07/26/2026 08:00 AM","PONCE",42,0,42
"07/26/2026 08:00 AM","SAN JUAN",59,14,73
"07/26/2026 08:00 AM","ARECIBO",362,0,362
"07/26/2026 08:00 AM","BAYAMON",66,0,66
"07/26/2026 08:00 AM","CAGUAS",246,0,246
"07/26/2026 08:00 AM","CAROLINA",2,0,2
"07/26/2026 08:00 AM","MAYAGUEZ",35,0,35
"07/26/2026 08:00 AM","PONCE",42,0,42
"07/26/2026 08:00 AM","SAN JUAN",59,14,73
"07/26/2026 08:00 AM","ARECIBO",362,0,362
"07/26/2026 08:00 AM","BAYAMON",66,0,66
"07/26/2026 08:00 AM","CAGUAS",246,0,246
"07/26/2026 08:00 AM","CAROLINA",2,0,2
"07/26/2026 08:00 AM","MAYAGUEZ",35,0,35
"07/26/2026 08:00 AM","PONCE",42,0,42
"07/26/2026 08:00 AM","SAN JUAN",59,14,73
"07/26/2026 08:05 AM","ARECIBO",362,0,362
"07/26/2026 08:05 AM","BAYAMON",66,0,66
"07/26/2026 08:05 AM","CAGUAS",246,0,246
"07/26/2026 08:05 AM","CAROLINA",2,0,2
"07/26/2026 08:05 AM","MAYAGUEZ",35,0,35
"07/26/2026 08:05 AM","PONCE",20,0,20
"07/26/2026 08:05 AM","SAN JUAN",59,23,82
"07/26/2026 08:05 AM","ARECIBO",362,0,362
"07/26/2026 08:05 AM","BAYAMON",66,0,66
"07/26/2026 08:05 AM","CAGUAS",246,0,246
"07/26/2026 08:05 AM","CAROLINA",2,0,2
"07/26/2026 08:05 AM","MAYAGUEZ",35,0,35
"07/26/2026 08:05 AM","PONCE",20,0,20
"07/26/2026 08:05 AM","SAN JUAN",59,23,82
"07/26/2026 08:10 AM","ARECIBO",362,0,362
"07/26/2026 08:10 AM","BAYAMON",66,0,66
"07/26/2026 08:10 AM","CAGUAS",246,0,246
"07/26/2026 08:10 AM","CAROLINA",2,0,2
"07/26/2026 08:10 AM","MAYAGUEZ",35,0,35
"07/26/2026 08:10 AM","PONCE",20,0,20
"07/26/2026 08:10 AM","SAN JUAN",1,23,24
"07/26/2026 08:10 AM","ARECIBO",362,0,362
"07/26/2026 08:10 AM","BAYAMON",66,0,66
"07/26/2026 08:10 AM","CAGUAS",246,0,246
"07/26/2026 08:10 AM","CAROLINA",2,0,2
"07/26/2026 08:10 AM","MAYAGUEZ",35,0,35
"07/26/2026 08:10 AM","PONCE",20,0,20
"07/26/2026 08:10 AM","SAN JUAN",1,23,24
"07/26/2026 08:10 AM","ARECIBO",362,0,362
"07/26/2026 08:10 AM","BAYAMON",66,0,66
"07/26/2026 08:10 AM","CAGUAS",246,0,246
"07/26/2026 08:10 AM","CAROLINA",2,0,2
"07/26/2026 08:10 AM","MAYAGUEZ",35,0,35
"07/26/2026 08:10 AM","PONCE",20,0,20
"07/26/2026 08:10 AM","SAN JUAN",1,23,24
"07/26/2026 08:15 AM","ARECIBO",362,0,362
"07/26/2026 08:15 AM","BAYAMON",66,0,66
"07/26/2026 08:15 AM","CAGUAS",246,0,246
"07/26/2026 08:15 AM","CAROLINA",2,0,2
"07/26/2026 08:15 AM","MAYAGUEZ",35,0,35
"07/26/2026 08:15 AM","PONCE",20,0,20
"07/26/2026 08:15 AM","SAN JUAN",2,23,25
"07/26/2026 08:15 AM","ARECIBO",362,0,362
"07/26/2026 08:15 AM","BAYAMON",66,0,66
"07/26/2026 08:15 AM","CAGUAS",246,0,246
"07/26/2026 08:15 AM","CAROLINA",2,0,2
"07/26/2026 08:15 AM","MAYAGUEZ",35,0,35
"07/26/2026 08:15 AM","PONCE",20,0,20
"07/26/2026 08:15 AM","SAN JUAN",2,23,25
"07/26/2026 08:20 AM","ARECIBO",362,0,362
"07/26/2026 08:20 AM","BAYAMON",67,0,67
"07/26/2026 08:20 AM","CAGUAS",246,0,246
"07/26/2026 08:20 AM","CAROLINA",2,0,2
"07/26/2026 08:20 AM","MAYAGUEZ",35,0,35
"07/26/2026 08:20 AM","PONCE",20,0,20
"07/26/2026 08:20 AM","SAN JUAN",2,23,25
"07/26/2026 08:20 AM","ARECIBO",362,0,362
"07/26/2026 08:20 AM","BAYAMON",67,0,67
"07/26/2026 08:20 AM","CAGUAS",246,0,246
"07/26/2026 08:20 AM","CAROLINA",2,0,2
"07/26/2026 08:20 AM","MAYAGUEZ",35,0,35
"07/26/2026 08:20 AM","PONCE",20,0,20
"07/26/2026 08:20 AM","SAN JUAN",2,23,25
"07/26/2026 08:20 AM","ARECIBO",362,0,362
"07/26/2026 08:20 AM","BAYAMON",67,0,67
"07/26/2026 08:20 AM","CAGUAS",246,0,246
"07/26/2026 08:20 AM","CAROLINA",2,0,2
"07/26/2026 08:20 AM","MAYAGUEZ",35,0,35
"07/26/2026 08:20 AM","PONCE",20,0,20
"07/26/2026 08:20 AM","SAN JUAN",2,23,25
"07/26/2026 08:25 AM","ARECIBO",362,0,362
"07/26/2026 08:25 AM","BAYAMON",68,0,68
"07/26/2026 08:25 AM","CAGUAS",288,0,288
"07/26/2026 08:25 AM","CAROLINA",2,0,2
"07/26/2026 08:25 AM","MAYAGUEZ",35,0,35
"07/26/2026 08:25 AM","PONCE",21,0,21
"07/26/2026 08:25 AM","SAN JUAN",2,34,36
"07/26/2026 08:25 AM","ARECIBO",362,0,362
"07/26/2026 08:25 AM","BAYAMON",68,0,68
"07/26/2026 08:25 AM","CAGUAS",288,0,288
"07/26/2026 08:25 AM","CAROLINA",2,0,2
"07/26/2026 08:25 AM","MAYAGUEZ",35,0,35
"07/26/2026 08:25 AM","PONCE",21,0,21
"07/26/2026 08:25 AM","SAN JUAN",2,34,36
"07/26/2026 08:30 AM","ARECIBO",353,0,353
"07/26/2026 08:30 AM","BAYAMON",72,0,72
"07/26/2026 08:30 AM","CAGUAS",288,0,288
"07/26/2026 08:30 AM","CAROLINA",2,0,2
"07/26/2026 08:30 AM","MAYAGUEZ",35,0,35
"07/26/2026 08:30 AM","PONCE",43,0,43
"07/26/2026 08:30 AM","SAN JUAN",2,34,36
"07/26/2026 08:30 AM","ARECIBO",353,0,353
"07/26/2026 08:30 AM","BAYAMON",72,0,72
"07/26/2026 08:30 AM","CAGUAS",288,0,288
"07/26/2026 08:30 AM","CAROLINA",2,0,2
"07/26/2026 08:30 AM","MAYAGUEZ",35,0,35
"07/26/2026 08:30 AM","PONCE",43,0,43
"07/26/2026 08:30 AM","SAN JUAN",2,34,36
"07/26/2026 08:30 AM","ARECIBO",353,0,353
"07/26/2026 08:30 AM","BAYAMON",72,0,72
"07/26/2026 08:30 AM","CAGUAS",288,0,288
"07/26/2026 08:30 AM","CAROLINA",2,0,2
"07/26/2026 08:30 AM","MAYAGUEZ",35,0,35
"07/26/2026 08:30 AM","PONCE",43,0,43
"07/26/2026 08:30 AM","SAN JUAN",2,34,36
"07/26/2026 08:35 AM","ARECIBO",353,0,353
"07/26/2026 08:35 AM","BAYAMON",72,0,72
"07/26/2026 08:35 AM","CAGUAS",288,0,288
"07/26/2026 08:35 AM","CAROLINA",14,0,14
"07/26/2026 08:35 AM","MAYAGUEZ",35,0,35
"07/26/2026 08:35 AM","PONCE",42,0,42
"07/26/2026 08:35 AM","SAN JUAN",3,34,37
"07/26/2026 08:35 AM","ARECIBO",353,0,353
"07/26/2026 08:35 AM","BAYAMON",72,0,72
"07/26/2026 08:35 AM","CAGUAS",288,0,288
"07/26/2026 08:35 AM","CAROLINA",14,0,14
"07/26/2026 08:35 AM","MAYAGUEZ",35,0,35
"07/26/2026 08:35 AM","PONCE",42,0,42
"07/26/2026 08:35 AM","SAN JUAN",3,34,37
"07/26/2026 08:40 AM","ARECIBO",353,0,353
"07/26/2026 08:40 AM","BAYAMON",72,0,72
"07/26/2026 08:40 AM","CAGUAS",273,0,273
"07/26/2026 08:40 AM","CAROLINA",13,0,13
"07/26/2026 08:40 AM","MAYAGUEZ",35,0,35
"07/26/2026 08:40 AM","PONCE",53,0,53
"07/26/2026 08:40 AM","SAN JUAN",2,34,36
"07/26/2026 08:40 AM","ARECIBO",353,0,353
"07/26/2026 08:40 AM","BAYAMON",72,0,72
"07/26/2026 08:40 AM","CAGUAS",273,0,273
"07/26/2026 08:40 AM","CAROLINA",13,0,13
"07/26/2026 08:40 AM","MAYAGUEZ",35,0,35
"07/26/2026 08:40 AM","PONCE",53,0,53
"07/26/2026 08:40 AM","SAN JUAN",2,34,36
"07/26/2026 08:40 AM","ARECIBO",353,0,353
"07/26/2026 08:40 AM","BAYAMON",72,0,72
"07/26/2026 08:40 AM","CAGUAS",273,0,273
"07/26/2026 08:40 AM","CAROLINA",13,0,13
"07/26/2026 08:40 AM","MAYAGUEZ",35,0,35
"07/26/2026 08:40 AM","PONCE",53,0,53
"07/26/2026 08:40 AM","SAN JUAN",2,34,36
"07/26/2026 11:45 AM","ARECIBO",175,0,175
"07/26/2026 11:45 AM","BAYAMON",162,0,162
"07/26/2026 11:45 AM","CAGUAS",2059,0,2059
"07/26/2026 11:45 AM","CAROLINA",3,0,3
"07/26/2026 11:45 AM","MAYAGUEZ",3,0,3
"07/26/2026 11:45 AM","PONCE",77,0,77
"07/26/2026 11:45 AM","SAN JUAN",1,34,35
"07/26/2026 11:45 AM","ARECIBO",175,0,175
"07/26/2026 11:45 AM","BAYAMON",162,0,162
"07/26/2026 11:45 AM","CAGUAS",2059,0,2059
"07/26/2026 11:45 AM","CAROLINA",3,0,3
"07/26/2026 11:45 AM","MAYAGUEZ",3,0,3
"07/26/2026 11:45 AM","PONCE",77,0,77
"07/26/2026 11:45 AM","SAN JUAN",1,34,35
"07/26/2026 11:50 AM","ARECIBO",175,0,175
"07/26/2026 11:50 AM","BAYAMON",162,0,162
"07/26/2026 11:50 AM","CAGUAS",2059,0,2059
"07/26/2026 11:50 AM","CAROLINA",3,0,3
"07/26/2026 11:50 AM","MAYAGUEZ",3,0,3
"07/26/2026 11:50 AM","PONCE",62,0,62
"07/26/2026 11:50 AM","SAN JUAN",1,34,35
"07/26/2026 11:50 AM","ARECIBO",175,0,175
"07/26/2026 11:50 AM","BAYAMON",162,0,162
"07/26/2026 11:50 AM","CAGUAS",2059,0,2059
"07/26/2026 11:50 AM","CAROLINA",3,0,3
"07/26/2026 11:50 AM","MAYAGUEZ",3,0,3
"07/26/2026 11:50 AM","PONCE",62,0,62
"07/26/2026 11:50 AM","SAN JUAN",1,34,35
"07/26/2026 11:50 AM","ARECIBO",175,0,175
"07/26/2026 11:50 AM","BAYAMON",162,0,162
"07/26/2026 11:50 AM","CAGUAS",2059,0,2059
"07/26/2026 11:50 AM","CAROLINA",3,0,3
"07/26/2026 11:50 AM","MAYAGUEZ",3,0,3
"07/26/2026 11:50 AM","PONCE",62,0,62
"07/26/2026 11:50 AM","SAN JUAN",1,34,35
"07/26/2026 11:55 AM","ARECIBO",198,0,198
"07/26/2026 11:55 AM","BAYAMON",174,0,174
"07/26/2026 11:55 AM","CAGUAS",2059,0,2059
"07/26/2026 11:55 AM","CAROLINA",3,0,3
"07/26/2026 11:55 AM","MAYAGUEZ",3,0,3
"07/26/2026 11:55 AM","PONCE",62,0,62
"07/26/2026 11:55 AM","SAN JUAN",1,23,24
"07/26/2026 11:55 AM","ARECIBO",198,0,198
"07/26/2026 11:55 AM","BAYAMON",174,0,174
"07/26/2026 11:55 AM","CAGUAS",2059,0,2059
"07/26/2026 11:55 AM","CAROLINA",3,0,3
"07/26/2026 11:55 AM","MAYAGUEZ",3,0,3
"07/26/2026 11:55 AM","PONCE",62,0,62
"07/26/2026 11:55 AM","SAN JUAN",1,23,24
"07/26/2026 12:00 PM","ARECIBO",198,0,198
"07/26/2026 12:00 PM","BAYAMON",174,0,174
"07/26/2026 12:00 PM","CAGUAS",2058,0,2058
"07/26/2026 12:00 PM","CAROLINA",2,0,2
"07/26/2026 12:00 PM","MAYAGUEZ",3,0,3
"07/26/2026 12:00 PM","PONCE",62,0,62
"07/26/2026 12:00 PM","SAN JUAN",1,23,24
"07/26/2026 12:00 PM","ARECIBO",198,0,198
"07/26/2026 12:00 PM","BAYAMON",174,0,174
"07/26/2026 12:00 PM","CAGUAS",2058,0,2058
"07/26/2026 12:00 PM","CAROLINA",2,0,2
"07/26/2026 12:00 PM","MAYAGUEZ",3,0,3
"07/26/2026 12:00 PM","PONCE",62,0,62
"07/26/2026 12:00 PM","SAN JUAN",1,23,24
"07/26/2026 12:00 PM","ARECIBO",198,0,198
"07/26/2026 12:00 PM","BAYAMON",174,0,174
"07/26/2026 12:00 PM","CAGUAS",2058,0,2058
"07/26/2026 12:00 PM","CAROLINA",2,0,2
"07/26/2026 12:00 PM","MAYAGUEZ",3,0,3
"07/26/2026 12:00 PM","PONCE",62,0,62
"07/26/2026 12:00 PM","SAN JUAN",1,23,24
"07/26/2026 12:05 PM","ARECIBO",186,0,186
"07/26/2026 12:05 PM","BAYAMON",174,0,174
"07/26/2026 12:05 PM","CAGUAS",2058,0,2058
"07/26/2026 12:05 PM","CAROLINA",2,0,2
"07/26/2026 12:05 PM","MAYAGUEZ",4,0,4
"07/26/2026 12:05 PM","PONCE",62,0,62
"07/26/2026 12:05 PM","SAN JUAN",1,23,24
"07/26/2026 12:05 PM","ARECIBO",186,0,186
"07/26/2026 12:05 PM","BAYAMON",174,0,174
"07/26/2026 12:05 PM","CAGUAS",2058,0,2058
"07/26/2026 12:05 PM","CAROLINA",2,0,2
"07/26/2026 12:05 PM","MAYAGUEZ",4,0,4
"07/26/2026 12:05 PM","PONCE",62,0,62
"07/26/2026 12:05 PM","SAN JUAN",1,23,24
"07/26/2026 12:10 PM","ARECIBO",186,0,186
"07/26/2026 12:10 PM","BAYAMON",198,0,198
"07/26/2026 12:10 PM","CAGUAS",2058,0,2058
"07/26/2026 12:10 PM","CAROLINA",2,0,2
"07/26/2026 12:10 PM","MAYAGUEZ",200,0,200
"07/26/2026 12:10 PM","PONCE",46,0,46
"07/26/2026 12:10 PM","SAN JUAN",1,23,24
"07/26/2026 12:10 PM","ARECIBO",186,0,186
"07/26/2026 12:10 PM","BAYAMON",198,0,198
"07/26/2026 12:10 PM","CAGUAS",2058,0,2058
"07/26/2026 12:10 PM","CAROLINA",2,0,2
"07/26/2026 12:10 PM","MAYAGUEZ",200,0,200
"07/26/2026 12:10 PM","PONCE",46,0,46
"07/26/2026 12:10 PM","SAN JUAN",1,23,24
"07/26/2026 12:10 PM","ARECIBO",186,0,186
"07/26/2026 12:10 PM","BAYAMON",198,0,198
"07/26/2026 12:10 PM","CAGUAS",2058,0,2058
"07/26/2026 12:10 PM","CAROLINA",2,0,2
"07/26/2026 12:10 PM","MAYAGUEZ",200,0,200
"07/26/2026 12:10 PM","PONCE",46,0,46
"07/26/2026 12:10 PM","SAN JUAN",1,23,24
"07/26/2026 12:15 PM","ARECIBO",186,0,186
"07/26/2026 12:15 PM","BAYAMON",198,0,198
"07/26/2026 12:15 PM","CAGUAS",2058,0,2058
"07/26/2026 12:15 PM","CAROLINA",2,0,2
"07/26/2026 12:15 PM","MAYAGUEZ",205,0,205
"07/26/2026 12:15 PM","PONCE",46,0,46
"07/26/2026 12:15 PM","SAN JUAN",1,23,24
"07/26/2026 12:15 PM","ARECIBO",186,0,186
"07/26/2026 12:15 PM","BAYAMON",198,0,198
"07/26/2026 12:15 PM","CAGUAS",2058,0,2058
"07/26/2026 12:15 PM","CAROLINA",2,0,2
"07/26/2026 12:15 PM","MAYAGUEZ",205,0,205
"07/26/2026 12:15 PM","PONCE",46,0,46
"07/26/2026 12:15 PM","SAN JUAN",1,23,24
"07/26/2026 12:20 PM","ARECIBO",176,0,176
"07/26/2026 12:20 PM","BAYAMON",229,0,229
"07/26/2026 12:20 PM","CAGUAS",2059,0,2059
"07/26/2026 12:20 PM","CAROLINA",2,0,2
"07/26/2026 12:20 PM","MAYAGUEZ",206,0,206
"07/26/2026 12:20 PM","PONCE",46,0,46
"07/26/2026 12:20 PM","SAN JUAN",2,23,25
"07/26/2026 12:20 PM","ARECIBO",176,0,176
"07/26/2026 12:20 PM","BAYAMON",229,0,229
"07/26/2026 12:20 PM","CAGUAS",2059,0,2059
"07/26/2026 12:20 PM","CAROLINA",2,0,2
"07/26/2026 12:20 PM","MAYAGUEZ",206,0,206
"07/26/2026 12:20 PM","PONCE",46,0,46
"07/26/2026 12:20 PM","SAN JUAN",2,23,25
"07/26/2026 12:25 PM","ARECIBO",169,0,169
"07/26/2026 12:25 PM","BAYAMON",247,0,247
"07/26/2026 12:25 PM","CAGUAS",2059,0,2059
"07/26/2026 12:25 PM","CAROLINA",2,0,2
"07/26/2026 12:25 PM","MAYAGUEZ",221,0,221
"07/26/2026 12:25 PM","PONCE",23,0,23
"07/26/2026 12:25 PM","SAN JUAN",2,23,25
"07/26/2026 12:25 PM","ARECIBO",169,0,169
"07/26/2026 12:25 PM","BAYAMON",247,0,247
"07/26/2026 12:25 PM","CAGUAS",2059,0,2059
"07/26/2026 12:25 PM","CAROLINA",2,0,2
"07/26/2026 12:25 PM","MAYAGUEZ",221,0,221
"07/26/2026 12:25 PM","PONCE",23,0,23
"07/26/2026 12:25 PM","SAN JUAN",2,23,25
"07/26/2026 12:25 PM","ARECIBO",169,0,169
"07/26/2026 12:25 PM","BAYAMON",247,0,247
"07/26/2026 12:25 PM","CAGUAS",2059,0,2059
"07/26/2026 12:25 PM","CAROLINA",2,0,2
"07/26/2026 12:25 PM","MAYAGUEZ",221,0,221
"07/26/2026 12:25 PM","PONCE",23,0,23
"07/26/2026 12:25 PM","SAN JUAN",2,23,25
"07/26/2026 12:30 PM","ARECIBO",169,0,169
"07/26/2026 12:30 PM","BAYAMON",247,0,247
"07/26/2026 12:30 PM","CAGUAS",2059,0,2059
"07/26/2026 12:30 PM","CAROLINA",2,0,2
"07/26/2026 12:30 PM","MAYAGUEZ",221,0,221
"07/26/2026 12:30 PM","PONCE",23,0,23
"07/26/2026 12:30 PM","SAN JUAN",2,23,25
"07/26/2026 12:35 PM","ARECIBO",169,0,169
"07/26/2026 12:35 PM","BAYAMON",254,0,254
"07/26/2026 12:35 PM","CAGUAS",2058,0,2058
"07/26/2026 12:35 PM","CAROLINA",2,0,2
"07/26/2026 12:35 PM","MAYAGUEZ",221,0,221
"07/26/2026 12:35 PM","PONCE",23,0,23
"07/26/2026 12:35 PM","SAN JUAN",2,23,25
"07/26/2026 12:35 PM","ARECIBO",169,0,169
"07/26/2026 12:35 PM","BAYAMON",254,0,254
"07/26/2026 12:35 PM","CAGUAS",2058,0,2058
"07/26/2026 12:35 PM","CAROLINA",2,0,2
"07/26/2026 12:35 PM","MAYAGUEZ",221,0,221
"07/26/2026 12:35 PM","PONCE",23,0,23
"07/26/2026 12:35 PM","SAN JUAN",2,23,25
"07/26/2026 12:40 PM","ARECIBO",171,0,171
"07/26/2026 12:40 PM","BAYAMON",254,0,254
"07/26/2026 12:40 PM","CAGUAS",2160,0,2160
"07/26/2026 12:40 PM","CAROLINA",3,0,3
"07/26/2026 12:40 PM","MAYAGUEZ",221,0,221
"07/26/2026 12:40 PM","PONCE",23,0,23
"07/26/2026 12:40 PM","SAN JUAN",2,23,25
"07/26/2026 01:10 PM","ARECIBO",170,0,170
"07/26/2026 01:10 PM","BAYAMON",255,0,255
"07/26/2026 01:10 PM","CAGUAS",1973,0,1973
"07/26/2026 01:10 PM","CAROLINA",3,0,3
"07/26/2026 01:10 PM","MAYAGUEZ",222,0,222
"07/26/2026 01:10 PM","PONCE",23,0,23
"07/26/2026 01:10 PM","SAN JUAN",2,23,25
"07/26/2026 01:10 PM","ARECIBO",170,0,170
"07/26/2026 01:10 PM","BAYAMON",255,0,255
"07/26/2026 01:10 PM","CAGUAS",1973,0,1973
"07/26/2026 01:10 PM","CAROLINA",3,0,3
"07/26/2026 01:10 PM","MAYAGUEZ",222,0,222
"07/26/2026 01:10 PM","PONCE",23,0,23
"07/26/2026 01:10 PM","SAN JUAN",2,23,25
"07/26/2026 01:15 PM","ARECIBO",170,0,170
"07/26/2026 01:15 PM","BAYAMON",255,0,255
"07/26/2026 01:15 PM","CAGUAS",1973,0,1973
"07/26/2026 01:15 PM","CAROLINA",3,0,3
"07/26/2026 01:15 PM","MAYAGUEZ",222,0,222
"07/26/2026 01:15 PM","PONCE",23,0,23
"07/26/2026 01:15 PM","SAN JUAN",2,23,25
"07/26/2026 01:15 PM","ARECIBO",170,0,170
"07/26/2026 01:15 PM","BAYAMON",255,0,255
"07/26/2026 01:15 PM","CAGUAS",1973,0,1973
"07/26/2026 01:15 PM","CAROLINA",3,0,3
"07/26/2026 01:15 PM","MAYAGUEZ",222,0,222
"07/26/2026 01:15 PM","PONCE",0,0,0
"07/26/2026 01:15 PM","SAN JUAN",2,23,25
"07/26/2026 01:15 PM","ARECIBO",170,0,170
"07/26/2026 01:15 PM","BAYAMON",255,0,255
"07/26/2026 01:15 PM","CAGUAS",1973,0,1973
"07/26/2026 01:15 PM","CAROLINA",3,0,3
"07/26/2026 01:15 PM","MAYAGUEZ",222,0,222
"07/26/2026 01:15 PM","PONCE",0,0,0
"07/26/2026 01:15 PM","SAN JUAN",2,23,25
"07/26/2026 01:20 PM","ARECIBO",170,0,170
"07/26/2026 01:20 PM","BAYAMON",255,0,255
"07/26/2026 01:20 PM","CAGUAS",1973,0,1973
"07/26/2026 01:20 PM","CAROLINA",3,0,3
"07/26/2026 01:20 PM","MAYAGUEZ",228,0,228
"07/26/2026 01:20 PM","PONCE",1,0,1
"07/26/2026 01:20 PM","SAN JUAN",2,23,25
"07/26/2026 01:20 PM","ARECIBO",170,0,170
"07/26/2026 01:20 PM","BAYAMON",255,0,255
"07/26/2026 01:20 PM","CAGUAS",1973,0,1973
"07/26/2026 01:20 PM","CAROLINA",3,0,3
"07/26/2026 01:20 PM","MAYAGUEZ",228,0,228
"07/26/2026 01:20 PM","PONCE",1,0,1
"07/26/2026 01:20 PM","SAN JUAN",2,23,25
"07/26/2026 01:25 PM","ARECIBO",170,0,170
"07/26/2026 01:25 PM","BAYAMON",215,0,215
"07/26/2026 01:25 PM","CAGUAS",1973,0,1973
"07/26/2026 01:25 PM","CAROLINA",3,0,3
"07/26/2026 01:25 PM","MAYAGUEZ",223,0,223
"07/26/2026 01:25 PM","PONCE",7,0,7
"07/26/2026 01:25 PM","SAN JUAN",2,23,25
"07/26/2026 01:25 PM","ARECIBO",170,0,170
"07/26/2026 01:25 PM","BAYAMON",215,0,215
"07/26/2026 01:25 PM","CAGUAS",1973,0,1973
"07/26/2026 01:25 PM","CAROLINA",3,0,3
"07/26/2026 01:25 PM","MAYAGUEZ",223,0,223
"07/26/2026 01:25 PM","PONCE",7,0,7
"07/26/2026 01:25 PM","SAN JUAN",2,23,25
"07/26/2026 01:25 PM","ARECIBO",170,0,170
"07/26/2026 01:25 PM","BAYAMON",215,0,215
"07/26/2026 01:25 PM","CAGUAS",1973,0,1973
"07/26/2026 01:25 PM","CAROLINA",3,0,3
"07/26/2026 01:25 PM","MAYAGUEZ",223,0,223
"07/26/2026 01:25 PM","PONCE",7,0,7
"07/26/2026 01:25 PM","SAN JUAN",2,23,25
"07/26/2026 01:30 PM","ARECIBO",170,0,170
"07/26/2026 01:30 PM","BAYAMON",215,0,215
"07/26/2026 01:30 PM","CAGUAS",1973,0,1973
"07/26/2026 01:30 PM","CAROLINA",3,0,3
"07/26/2026 01:30 PM","MAYAGUEZ",223,0,223
"07/26/2026 01:30 PM","PONCE",8,0,8
"07/26/2026 01:30 PM","SAN JUAN",2,23,25
"07/26/2026 01:30 PM","ARECIBO",170,0,170
"07/26/2026 01:30 PM","BAYAMON",215,0,215
"07/26/2026 01:30 PM","CAGUAS",1973,0,1973
"07/26/2026 01:30 PM","CAROLINA",3,0,3
"07/26/2026 01:30 PM","MAYAGUEZ",223,0,223
"07/26/2026 01:30 PM","PONCE",8,0,8
"07/26/2026 01:30 PM","SAN JUAN",2,23,25
"07/26/2026 01:35 PM","ARECIBO",170,0,170
"07/26/2026 01:35 PM","BAYAMON",207,0,207
"07/26/2026 01:35 PM","CAGUAS",1967,0,1967
"07/26/2026 01:35 PM","CAROLINA",3,0,3
"07/26/2026 01:35 PM","MAYAGUEZ",223,0,223
"07/26/2026 01:35 PM","PONCE",8,0,8
"07/26/2026 01:35 PM","SAN JUAN",2,23,25
"07/26/2026 01:35 PM","ARECIBO",170,0,170
"07/26/2026 01:35 PM","BAYAMON",207,0,207
"07/26/2026 01:35 PM","CAGUAS",1967,0,1967
"07/26/2026 01:35 PM","CAROLINA",3,0,3
"07/26/2026 01:35 PM","MAYAGUEZ",223,0,223
"07/26/2026 01:35 PM","PONCE",8,0,8
"07/26/2026 01:35 PM","SAN JUAN",2,23,25
"07/26/2026 01:35 PM","ARECIBO",170,0,170
"07/26/2026 01:35 PM","BAYAMON",207,0,207
"07/26/2026 01:35 PM","CAGUAS",1967,0,1967
"07/26/2026 01:35 PM","CAROLINA",3,0,3
"07/26/2026 01:35 PM","MAYAGUEZ",223,0,223
"07/26/2026 01:35 PM","PONCE",8,0,8
"07/26/2026 01:35 PM","SAN JUAN",2,23,25
"07/26/2026 01:40 PM","ARECIBO",170,0,170
"07/26/2026 01:40 PM","BAYAMON",207,0,207
"07/26/2026 01:40 PM","CAGUAS",1967,0,1967
"07/26/2026 01:40 PM","CAROLINA",3,0,3
"07/26/2026 01:40 PM","MAYAGUEZ",229,0,229
"07/26/2026 01:40 PM","PONCE",8,0,8
"07/26/2026 01:40 PM","SAN JUAN",1,23,24
"07/26/2026 01:40 PM","ARECIBO",170,0,170
"07/26/2026 01:40 PM","BAYAMON",207,0,207
"07/26/2026 01:40 PM","CAGUAS",1967,0,1967
"07/26/2026 01:40 PM","CAROLINA",3,0,3
"07/26/2026 01:40 PM","MAYAGUEZ",229,0,229
"07/26/2026 01:40 PM","PONCE",8,0,8
"07/26/2026 01:40 PM","SAN JUAN",1,23,24
"07/26/2026 01:45 PM","ARECIBO",170,0,170
"07/26/2026 01:45 PM","BAYAMON",207,0,207
"07/26/2026 01:45 PM","CAGUAS",1967,0,1967
"07/26/2026 01:45 PM","CAROLINA",2,0,2
"07/26/2026 01:45 PM","MAYAGUEZ",229,0,229
"07/26/2026 01:45 PM","PONCE",8,0,8
"07/26/2026 01:45 PM","SAN JUAN",312,23,335
"07/26/2026 01:45 PM","ARECIBO",170,0,170
"07/26/2026 01:45 PM","BAYAMON",207,0,207
"07/26/2026 01:45 PM","CAGUAS",1967,0,1967
"07/26/2026 01:45 PM","CAROLINA",2,0,2
"07/26/2026 01:45 PM","MAYAGUEZ",229,0,229
"07/26/2026 01:45 PM","PONCE",8,0,8
"07/26/2026 01:45 PM","SAN JUAN",312,23,335
"07/26/2026 01:45 PM","ARECIBO",170,0,170
"07/26/2026 01:45 PM","BAYAMON",207,0,207
"07/26/2026 01:45 PM","CAGUAS",1967,0,1967
"07/26/2026 01:45 PM","CAROLINA",2,0,2
"07/26/2026 01:45 PM","MAYAGUEZ",229,0,229
"07/26/2026 01:45 PM","PONCE",8,0,8
"07/26/2026 01:45 PM","SAN JUAN",312,23,335
"07/26/2026 01:50 PM","ARECIBO",179,0,179
"07/26/2026 01:50 PM","BAYAMON",207,0,207
"07/26/2026 01:50 PM","CAGUAS",1910,0,1910
"07/26/2026 01:50 PM","CAROLINA",2,0,2
"07/26/2026 01:50 PM","MAYAGUEZ",229,0,229
"07/26/2026 01:50 PM","PONCE",8,0,8
"07/26/2026 01:50 PM","SAN JUAN",1,23,24
"07/26/2026 01:50 PM","ARECIBO",179,0,179
"07/26/2026 01:50 PM","BAYAMON",207,0,207
"07/26/2026 01:50 PM","CAGUAS",1910,0,1910
"07/26/2026 01:50 PM","CAROLINA",2,0,2
"07/26/2026 01:50 PM","MAYAGUEZ",229,0,229
"07/26/2026 01:50 PM","PONCE",8,0,8
"07/26/2026 01:50 PM","SAN JUAN",1,23,24
"07/26/2026 01:55 PM","ARECIBO",180,0,180
"07/26/2026 01:55 PM","BAYAMON",207,0,207
"07/26/2026 01:55 PM","CAGUAS",1938,0,1938
"07/26/2026 01:55 PM","CAROLINA",2,0,2
"07/26/2026 01:55 PM","MAYAGUEZ",230,0,230
"07/26/2026 01:55 PM","PONCE",8,0,8
"07/26/2026 01:55 PM","SAN JUAN",1,23,24
"07/26/2026 01:55 PM","ARECIBO",180,0,180
"07/26/2026 01:55 PM","BAYAMON",207,0,207
"07/26/2026 01:55 PM","CAGUAS",1938,0,1938
"07/26/2026 01:55 PM","CAROLINA",2,0,2
"07/26/2026 01:55 PM","MAYAGUEZ",230,0,230
"07/26/2026 01:55 PM","PONCE",8,0,8
"07/26/2026 01:55 PM","SAN JUAN",1,23,24
"07/26/2026 01:55 PM","ARECIBO",180,0,180
"07/26/2026 01:55 PM","BAYAMON",207,0,207
"07/26/2026 01:55 PM","CAGUAS",1938,0,1938
"07/26/2026 01:55 PM","CAROLINA",2,0,2
"07/26/2026 01:55 PM","MAYAGUEZ",230,0,230
"07/26/2026 01:55 PM","PONCE",8,0,8
"07/26/2026 01:55 PM","SAN JUAN",1,23,24
"07/26/2026 02:00 PM","ARECIBO",181,0,181
"07/26/2026 02:00 PM","BAYAMON",207,0,207
"07/26/2026 02:00 PM","CAGUAS",1938,0,1938
"07/26/2026 02:00 PM","CAROLINA",2,0,2
"07/26/2026 02:00 PM","MAYAGUEZ",230,0,230
"07/26/2026 02:00 PM","PONCE",8,0,8
"07/26/2026 02:00 PM","SAN JUAN",312,23,335
"07/26/2026 02:00 PM","ARECIBO",181,0,181
"07/26/2026 02:00 PM","BAYAMON",207,0,207
"07/26/2026 02:00 PM","CAGUAS",1938,0,1938
"07/26/2026 02:00 PM","CAROLINA",2,0,2
"07/26/2026 02:00 PM","MAYAGUEZ",230,0,230
"07/26/2026 02:00 PM","PONCE",8,0,8
"07/26/2026 02:00 PM","SAN JUAN",312,23,335
"07/26/2026 02:05 PM","ARECIBO",181,0,181
"07/26/2026 02:05 PM","BAYAMON",207,0,207
"07/26/2026 02:05 PM","CAGUAS",1938,0,1938
"07/26/2026 02:05 PM","CAROLINA",2,0,2
"07/26/2026 02:05 PM","MAYAGUEZ",229,0,229
"07/26/2026 02:05 PM","PONCE",8,0,8
"07/26/2026 02:05 PM","SAN JUAN",1,23,24
"07/26/2026 03:20 PM","ARECIBO",343,0,343
"07/26/2026 03:20 PM","BAYAMON",182,0,182
"07/26/2026 03:20 PM","CAGUAS",2007,0,2007
"07/26/2026 03:20 PM","CAROLINA",2,0,2
"07/26/2026 03:20 PM","MAYAGUEZ",509,0,509
"07/26/2026 03:20 PM","PONCE",2,0,2
"07/26/2026 03:20 PM","SAN JUAN",910,23,933
"07/26/2026 03:25 PM","ARECIBO",569,0,569
"07/26/2026 03:25 PM","BAYAMON",174,0,174
"07/26/2026 03:25 PM","CAGUAS",172,0,172
"07/26/2026 03:25 PM","CAROLINA",2,0,2
"07/26/2026 03:25 PM","MAYAGUEZ",509,0,509
"07/26/2026 03:25 PM","PONCE",1,0,1
"07/26/2026 03:25 PM","SAN JUAN",910,23,933
"07/26/2026 03:25 PM","ARECIBO",569,0,569
"07/26/2026 03:25 PM","BAYAMON",174,0,174
"07/26/2026 03:25 PM","CAGUAS",172,0,172
"07/26/2026 03:25 PM","CAROLINA",2,0,2
"07/26/2026 03:25 PM","MAYAGUEZ",509,0,509
"07/26/2026 03:25 PM","PONCE",1,0,1
"07/26/2026 03:25 PM","SAN JUAN",910,23,933
"07/26/2026 03:25 PM","ARECIBO",569,0,569
"07/26/2026 03:25 PM","BAYAMON",174,0,174
"07/26/2026 03:25 PM","CAGUAS",172,0,172
"07/26/2026 03:25 PM","CAROLINA",2,0,2
"07/26/2026 03:25 PM","MAYAGUEZ",509,0,509
"07/26/2026 03:25 PM","PONCE",1,0,1
"07/26/2026 03:25 PM","SAN JUAN",910,23,933
"07/26/2026 03:30 PM","ARECIBO",477,0,477
"07/26/2026 03:30 PM","BAYAMON",173,0,173
"07/26/2026 03:30 PM","CAGUAS",72,0,72
"07/26/2026 03:30 PM","CAROLINA",2,0,2
"07/26/2026 03:30 PM","MAYAGUEZ",509,0,509
"07/26/2026 03:30 PM","PONCE",1,0,1
"07/26/2026 03:30 PM","SAN JUAN",910,23,933
"07/26/2026 03:30 PM","ARECIBO",477,0,477
"07/26/2026 03:30 PM","BAYAMON",173,0,173
"07/26/2026 03:30 PM","CAGUAS",72,0,72
"07/26/2026 03:30 PM","CAROLINA",2,0,2
"07/26/2026 03:30 PM","MAYAGUEZ",509,0,509
"07/26/2026 03:30 PM","PONCE",1,0,1
"07/26/2026 03:30 PM","SAN JUAN",910,23,933
"07/26/2026 03:35 PM","ARECIBO",477,0,477
"07/26/2026 03:35 PM","BAYAMON",150,0,150
"07/26/2026 03:35 PM","CAGUAS",72,0,72
"07/26/2026 03:35 PM","CAROLINA",2,0,2
"07/26/2026 03:35 PM","MAYAGUEZ",509,0,509
"07/26/2026 03:35 PM","PONCE",1,0,1
"07/26/2026 03:35 PM","SAN JUAN",3362,23,3385
"07/26/2026 03:35 PM","ARECIBO",477,0,477
"07/26/2026 03:35 PM","BAYAMON",150,0,150
"07/26/2026 03:35 PM","CAGUAS",72,0,72
"07/26/2026 03:35 PM","CAROLINA",2,0,2
"07/26/2026 03:35 PM","MAYAGUEZ",509,0,509
"07/26/2026 03:35 PM","PONCE",1,0,1
"07/26/2026 03:35 PM","SAN JUAN",3362,23,3385
"07/26/2026 03:35 PM","ARECIBO",477,0,477
"07/26/2026 03:35 PM","BAYAMON",150,0,150
"07/26/2026 03:35 PM","CAGUAS",72,0,72
"07/26/2026 03:35 PM","CAROLINA",2,0,2
"07/26/2026 03:35 PM","MAYAGUEZ",509,0,509
"07/26/2026 03:35 PM","PONCE",1,0,1
"07/26/2026 03:35 PM","SAN JUAN",3362,23,3385
"07/26/2026 03:40 PM","ARECIBO",600,0,600
"07/26/2026 03:40 PM","BAYAMON",150,0,150
"07/26/2026 03:40 PM","CAGUAS",72,0,72
"07/26/2026 03:40 PM","CAROLINA",3,0,3
"07/26/2026 03:40 PM","MAYAGUEZ",509,0,509
"07/26/2026 03:40 PM","PONCE",1,0,1
"07/26/2026 03:40 PM","SAN JUAN",10210,23,10233
"07/26/2026 03:40 PM","ARECIBO",600,0,600
"07/26/2026 03:40 PM","BAYAMON",150,0,150
"07/26/2026 03:40 PM","CAGUAS",72,0,72
"07/26/2026 03:40 PM","CAROLINA",3,0,3
"07/26/2026 03:40 PM","MAYAGUEZ",509,0,509
"07/26/2026 03:40 PM","PONCE",1,0,1
"07/26/2026 03:40 PM","SAN JUAN",10210,23,10233
"07/26/2026 03:45 PM","ARECIBO",600,0,600
"07/26/2026 03:45 PM","BAYAMON",151,0,151
"07/26/2026 03:45 PM","CAGUAS",72,0,72
"07/26/2026 03:45 PM","CAROLINA",3,0,3
"07/26/2026 03:45 PM","MAYAGUEZ",509,0,509
"07/26/2026 03:45 PM","PONCE",1,0,1
"07/26/2026 03:45 PM","SAN JUAN",10210,23,10233
"07/26/2026 03:45 PM","ARECIBO",600,0,600
"07/26/2026 03:45 PM","BAYAMON",151,0,151
"07/26/2026 03:45 PM","CAGUAS",72,0,72
"07/26/2026 03:45 PM","CAROLINA",3,0,3
"07/26/2026 03:45 PM","MAYAGUEZ",509,0,509
"07/26/2026 03:45 PM","PONCE",1,0,1
"07/26/2026 03:45 PM","SAN JUAN",10210,23,10233
"07/26/2026 03:45 PM","ARECIBO",600,0,600
"07/26/2026 03:45 PM","BAYAMON",151,0,151
"07/26/2026 03:45 PM","CAGUAS",72,0,72
"07/26/2026 03:45 PM","CAROLINA",3,0,3
"07/26/2026 03:45 PM","MAYAGUEZ",509,0,509
"07/26/2026 03:45 PM","PONCE",1,0,1
"07/26/2026 03:45 PM","SAN JUAN",10210,23,10233
"07/26/2026 03:50 PM","ARECIBO",598,0,598
"07/26/2026 03:50 PM","BAYAMON",150,0,150
"07/26/2026 03:50 PM","CAGUAS",71,0,71
"07/26/2026 03:50 PM","CAROLINA",3,0,3
"07/26/2026 03:50 PM","MAYAGUEZ",559,0,559
"07/26/2026 03:50 PM","PONCE",2,0,2
"07/26/2026 03:50 PM","SAN JUAN",3043,23,3066
"07/26/2026 03:50 PM","ARECIBO",598,0,598
"07/26/2026 03:50 PM","BAYAMON",150,0,150
"07/26/2026 03:50 PM","CAGUAS",71,0,71
"07/26/2026 03:50 PM","CAROLINA",3,0,3
"07/26/2026 03:50 PM","MAYAGUEZ",559,0,559
"07/26/2026 03:50 PM","PONCE",2,0,2
"07/26/2026 03:50 PM","SAN JUAN",3043,23,3066
"07/26/2026 03:55 PM","ARECIBO",594,0,594
"07/26/2026 03:55 PM","BAYAMON",150,0,150
"07/26/2026 03:55 PM","CAGUAS",1,0,1
"07/26/2026 03:55 PM","CAROLINA",2,0,2
"07/26/2026 03:55 PM","MAYAGUEZ",560,0,560
"07/26/2026 03:55 PM","PONCE",2,0,2
"07/26/2026 03:55 PM","SAN JUAN",3042,23,3065
"07/26/2026 03:55 PM","ARECIBO",594,0,594
"07/26/2026 03:55 PM","BAYAMON",150,0,150
"07/26/2026 03:55 PM","CAGUAS",1,0,1
"07/26/2026 03:55 PM","CAROLINA",2,0,2
"07/26/2026 03:55 PM","MAYAGUEZ",560,0,560
"07/26/2026 03:55 PM","PONCE",2,0,2
"07/26/2026 03:55 PM","SAN JUAN",3042,23,3065
"07/26/2026 03:55 PM","ARECIBO",594,0,594
"07/26/2026 03:55 PM","BAYAMON",150,0,150
"07/26/2026 03:55 PM","CAGUAS",1,0,1
"07/26/2026 03:55 PM","CAROLINA",2,0,2
"07/26/2026 03:55 PM","MAYAGUEZ",560,0,560
"07/26/2026 03:55 PM","PONCE",2,0,2
"07/26/2026 03:55 PM","SAN JUAN",3042,23,3065
"07/26/2026 04:00 PM","ARECIBO",595,0,595
"07/26/2026 04:00 PM","BAYAMON",151,0,151
"07/26/2026 04:00 PM","CAGUAS",0,0,0
"07/26/2026 04:00 PM","CAROLINA",1,0,1
"07/26/2026 04:00 PM","MAYAGUEZ",560,0,560
"07/26/2026 04:00 PM","PONCE",2,0,2
"07/26/2026 04:00 PM","SAN JUAN",3043,23,3066
"07/26/2026 04:00 PM","ARECIBO",595,0,595
"07/26/2026 04:00 PM","BAYAMON",151,0,151
"07/26/2026 04:00 PM","CAGUAS",0,0,0
"07/26/2026 04:00 PM","CAROLINA",1,0,1
"07/26/2026 04:00 PM","MAYAGUEZ",560,0,560
"07/26/2026 04:00 PM","PONCE",2,0,2
"07/26/2026 04:00 PM","SAN JUAN",3043,23,3066
"07/26/2026 04:05 PM","ARECIBO",595,0,595
"07/26/2026 04:05 PM","BAYAMON",152,0,152
"07/26/2026 04:05 PM","CAGUAS",71,0,71
"07/26/2026 04:05 PM","CAROLINA",1,0,1
"07/26/2026 04:05 PM","MAYAGUEZ",560,0,560
"07/26/2026 04:05 PM","PONCE",10,0,10
"07/26/2026 04:05 PM","SAN JUAN",3617,23,3640
"07/26/2026 04:05 PM","ARECIBO",595,0,595
"07/26/2026 04:05 PM","BAYAMON",152,0,152
"07/26/2026 04:05 PM","CAGUAS",71,0,71
"07/26/2026 04:05 PM","CAROLINA",1,0,1
"07/26/2026 04:05 PM","MAYAGUEZ",560,0,560
"07/26/2026 04:05 PM","PONCE",10,0,10
"07/26/2026 04:05 PM","SAN JUAN",3617,23,3640
"07/26/2026 04:05 PM","ARECIBO",595,0,595
"07/26/2026 04:05 PM","BAYAMON",152,0,152
"07/26/2026 04:05 PM","CAGUAS",71,0,71
"07/26/2026 04:05 PM","CAROLINA",1,0,1
"07/26/2026 04:05 PM","MAYAGUEZ",560,0,560
"07/26/2026 04:05 PM","PONCE",10,0,10
"07/26/2026 04:05 PM","SAN JUAN",3617,23,3640
"07/26/2026 04:10 PM","ARECIBO",596,0,596
"07/26/2026 04:10 PM","BAYAMON",82,0,82
"07/26/2026 04:10 PM","CAGUAS",1,0,1
"07/26/2026 04:10 PM","CAROLINA",1,0,1
"07/26/2026 04:10 PM","MAYAGUEZ",560,0,560
"07/26/2026 04:10 PM","PONCE",10,0,10
"07/26/2026 04:10 PM","SAN JUAN",3047,23,3070
"07/26/2026 04:10 PM","ARECIBO",596,0,596
"07/26/2026 04:10 PM","BAYAMON",82,0,82
"07/26/2026 04:10 PM","CAGUAS",1,0,1
"07/26/2026 04:10 PM","CAROLINA",1,0,1
"07/26/2026 04:10 PM","MAYAGUEZ",560,0,560
"07/26/2026 04:10 PM","PONCE",10,0,10
"07/26/2026 04:10 PM","SAN JUAN",3047,23,3070
"07/26/2026 04:15 PM","ARECIBO",597,0,597
"07/26/2026 04:15 PM","BAYAMON",83,0,83
"07/26/2026 04:15 PM","CAGUAS",1,0,1
"07/26/2026 04:15 PM","CAROLINA",1,0,1
"07/26/2026 04:15 PM","MAYAGUEZ",561,0,561
"07/26/2026 04:15 PM","PONCE",10,0,10
"07/26/2026 04:15 PM","SAN JUAN",3047,23,3070
"07/26/2026 04:15 PM","ARECIBO",597,0,597
"07/26/2026 04:15 PM","BAYAMON",83,0,83
"07/26/2026 04:15 PM","CAGUAS",1,0,1
"07/26/2026 04:15 PM","CAROLINA",1,0,1
"07/26/2026 04:15 PM","MAYAGUEZ",561,0,561
"07/26/2026 04:15 PM","PONCE",10,0,10
"07/26/2026 04:15 PM","SAN JUAN",3047,23,3070
"07/26/2026 05:05 PM","ARECIBO",545,0,545
"07/26/2026 05:05 PM","BAYAMON",155,0,155
"07/26/2026 05:05 PM","CAGUAS",18,0,18
"07/26/2026 05:05 PM","CAROLINA",1,0,1
"07/26/2026 05:05 PM","MAYAGUEZ",91,0,91
"07/26/2026 05:05 PM","PONCE",2,0,2
"07/26/2026 05:05 PM","SAN JUAN",2651,23,2674
"07/26/2026 05:05 PM","ARECIBO",545,0,545
"07/26/2026 05:05 PM","BAYAMON",155,0,155
"07/26/2026 05:05 PM","CAGUAS",18,0,18
"07/26/2026 05:05 PM","CAROLINA",1,0,1
"07/26/2026 05:05 PM","MAYAGUEZ",91,0,91
"07/26/2026 05:05 PM","PONCE",2,0,2
"07/26/2026 05:05 PM","SAN JUAN",2651,23,2674
"07/26/2026 05:05 PM","ARECIBO",545,0,545
"07/26/2026 05:05 PM","BAYAMON",155,0,155
"07/26/2026 05:05 PM","CAGUAS",18,0,18
"07/26/2026 05:05 PM","CAROLINA",1,0,1
"07/26/2026 05:05 PM","MAYAGUEZ",91,0,91
"07/26/2026 05:05 PM","PONCE",2,0,2
"07/26/2026 05:05 PM","SAN JUAN",2651,23,2674
"07/26/2026 05:10 PM","ARECIBO",545,0,545
"07/26/2026 05:10 PM","BAYAMON",155,0,155
"07/26/2026 05:10 PM","CAGUAS",18,0,18
"07/26/2026 05:10 PM","CAROLINA",1,0,1
"07/26/2026 05:10 PM","MAYAGUEZ",91,0,91
"07/26/2026 05:10 PM","PONCE",2,0,2
"07/26/2026 05:10 PM","SAN JUAN",2651,23,2674
"07/26/2026 05:10 PM","ARECIBO",545,0,545
"07/26/2026 05:10 PM","BAYAMON",155,0,155
"07/26/2026 05:10 PM","CAGUAS",18,0,18
"07/26/2026 05:10 PM","CAROLINA",1,0,1
"07/26/2026 05:10 PM","MAYAGUEZ",91,0,91
"07/26/2026 05:10 PM","PONCE",2,0,2
"07/26/2026 05:10 PM","SAN JUAN",2651,23,2674
"07/26/2026 05:15 PM","ARECIBO",545,0,545
"07/26/2026 05:15 PM","BAYAMON",155,0,155
"07/26/2026 05:15 PM","CAGUAS",18,0,18
"07/26/2026 05:15 PM","CAROLINA",1,0,1
"07/26/2026 05:15 PM","MAYAGUEZ",91,0,91
"07/26/2026 05:15 PM","PONCE",8,0,8
"07/26/2026 05:15 PM","SAN JUAN",2651,23,2674
"07/26/2026 05:15 PM","ARECIBO",545,0,545
"07/26/2026 05:15 PM","BAYAMON",155,0,155
"07/26/2026 05:15 PM","CAGUAS",18,0,18
"07/26/2026 05:15 PM","CAROLINA",1,0,1
"07/26/2026 05:15 PM","MAYAGUEZ",91,0,91
"07/26/2026 05:15 PM","PONCE",8,0,8
"07/26/2026 05:15 PM","SAN JUAN",2651,23,2674
"07/26/2026 05:15 PM","ARECIBO",545,0,545
"07/26/2026 05:15 PM","BAYAMON",155,0,155
"07/26/2026 05:15 PM","CAGUAS",18,0,18
"07/26/2026 05:15 PM","CAROLINA",1,0,1
"07/26/2026 05:15 PM","MAYAGUEZ",91,0,91
"07/26/2026 05:15 PM","PONCE",8,0,8
"07/26/2026 05:15 PM","SAN JUAN",2651,23,2674
"07/26/2026 05:20 PM","ARECIBO",545,0,545
"07/26/2026 05:20 PM","BAYAMON",155,0,155
"07/26/2026 05:20 PM","CAGUAS",18,0,18
"07/26/2026 05:20 PM","CAROLINA",1,0,1
"07/26/2026 05:20 PM","MAYAGUEZ",92,0,92
"07/26/2026 05:20 PM","PONCE",8,0,8
"07/26/2026 05:20 PM","SAN JUAN",2651,23,2674
"07/26/2026 05:20 PM","ARECIBO",545,0,545
"07/26/2026 05:20 PM","BAYAMON",155,0,155
"07/26/2026 05:20 PM","CAGUAS",18,0,18
"07/26/2026 05:20 PM","CAROLINA",1,0,1
"07/26/2026 05:20 PM","MAYAGUEZ",92,0,92
"07/26/2026 05:20 PM","PONCE",8,0,8
"07/26/2026 05:20 PM","SAN JUAN",2651,23,2674
"07/26/2026 05:25 PM","ARECIBO",544,0,544
"07/26/2026 05:25 PM","BAYAMON",155,0,155
"07/26/2026 05:25 PM","CAGUAS",18,0,18
"07/26/2026 05:25 PM","CAROLINA",1,0,1
"07/26/2026 05:25 PM","MAYAGUEZ",83,0,83
"07/26/2026 05:25 PM","PONCE",7,0,7
"07/26/2026 05:25 PM","SAN JUAN",2651,23,2674
"07/26/2026 05:25 PM","ARECIBO",544,0,544
"07/26/2026 05:25 PM","BAYAMON",155,0,155
"07/26/2026 05:25 PM","CAGUAS",18,0,18
"07/26/2026 05:25 PM","CAROLINA",1,0,1
"07/26/2026 05:25 PM","MAYAGUEZ",83,0,83
"07/26/2026 05:25 PM","PONCE",7,0,7
"07/26/2026 05:25 PM","SAN JUAN",2651,23,2674
"07/26/2026 05:25 PM","ARECIBO",544,0,544
"07/26/2026 05:25 PM","BAYAMON",155,0,155
"07/26/2026 05:25 PM","CAGUAS",18,0,18
"07/26/2026 05:25 PM","CAROLINA",1,0,1
"07/26/2026 05:25 PM","MAYAGUEZ",83,0,83
"07/26/2026 05:25 PM","PONCE",7,0,7
"07/26/2026 05:25 PM","SAN JUAN",2651,23,2674
"07/26/2026 05:30 PM","ARECIBO",544,0,544
"07/26/2026 05:30 PM","BAYAMON",155,0,155
"07/26/2026 05:30 PM","CAGUAS",18,0,18
"07/26/2026 05:30 PM","CAROLINA",1,0,1
"07/26/2026 05:30 PM","MAYAGUEZ",83,0,83
"07/26/2026 05:30 PM","PONCE",7,0,7
"07/26/2026 05:30 PM","SAN JUAN",2651,23,2674
"07/26/2026 05:30 PM","ARECIBO",544,0,544
"07/26/2026 05:30 PM","BAYAMON",155,0,155
"07/26/2026 05:30 PM","CAGUAS",18,0,18
"07/26/2026 05:30 PM","CAROLINA",1,0,1
"07/26/2026 05:30 PM","MAYAGUEZ",83,0,83
"07/26/2026 05:30 PM","PONCE",7,0,7
"07/26/2026 05:30 PM","SAN JUAN",2651,23,2674
"07/26/2026 05:35 PM","ARECIBO",544,0,544
"07/26/2026 05:35 PM","BAYAMON",155,0,155
"07/26/2026 05:35 PM","CAGUAS",18,0,18
"07/26/2026 05:35 PM","CAROLINA",1,0,1
"07/26/2026 05:35 PM","MAYAGUEZ",83,0,83
"07/26/2026 05:35 PM","PONCE",7,0,7
"07/26/2026 05:35 PM","SAN JUAN",2652,23,2675
"07/26/2026 05:35 PM","ARECIBO",544,0,544
"07/26/2026 05:35 PM","BAYAMON",155,0,155
"07/26/2026 05:35 PM","CAGUAS",18,0,18
"07/26/2026 05:35 PM","CAROLINA",1,0,1
"07/26/2026 05:35 PM","MAYAGUEZ",83,0,83
"07/26/2026 05:35 PM","PONCE",7,0,7
"07/26/2026 05:35 PM","SAN JUAN",2652,23,2675
"07/26/2026 05:40 PM","ARECIBO",375,0,375
"07/26/2026 05:40 PM","BAYAMON",155,0,155
"07/26/2026 05:40 PM","CAGUAS",18,0,18
"07/26/2026 05:40 PM","CAROLINA",1,0,1
"07/26/2026 05:40 PM","MAYAGUEZ",83,0,83
"07/26/2026 05:40 PM","PONCE",7,0,7
"07/26/2026 05:40 PM","SAN JUAN",2651,23,2674
"07/26/2026 05:40 PM","ARECIBO",375,0,375
"07/26/2026 05:40 PM","BAYAMON",155,0,155
"07/26/2026 05:40 PM","CAGUAS",18,0,18
"07/26/2026 05:40 PM","CAROLINA",1,0,1
"07/26/2026 05:40 PM","MAYAGUEZ",83,0,83
"07/26/2026 05:40 PM","PONCE",7,0,7
"07/26/2026 05:40 PM","SAN JUAN",2651,23,2674
"07/26/2026 05:40 PM","ARECIBO",375,0,375
"07/26/2026 05:40 PM","BAYAMON",155,0,155
"07/26/2026 05:40 PM","CAGUAS",18,0,18
"07/26/2026 05:40 PM","CAROLINA",1,0,1
"07/26/2026 05:40 PM","MAYAGUEZ",83,0,83
"07/26/2026 05:40 PM","PONCE",7,0,7
"07/26/2026 05:40 PM","SAN JUAN",2651,23,2674
"07/26/2026 05:45 PM","ARECIBO",375,0,375
"07/26/2026 05:45 PM","BAYAMON",155,0,155
"07/26/2026 05:45 PM","CAGUAS",18,0,18
"07/26/2026 05:45 PM","CAROLINA",1,0,1
"07/26/2026 05:45 PM","MAYAGUEZ",83,0,83
"07/26/2026 05:45 PM","PONCE",7,0,7
"07/26/2026 05:45 PM","SAN JUAN",2651,23,2674
"07/26/2026 05:45 PM","ARECIBO",375,0,375
"07/26/2026 05:45 PM","BAYAMON",155,0,155
"07/26/2026 05:45 PM","CAGUAS",18,0,18
"07/26/2026 05:45 PM","CAROLINA",1,0,1
"07/26/2026 05:45 PM","MAYAGUEZ",83,0,83
"07/26/2026 05:45 PM","PONCE",7,0,7
"07/26/2026 05:45 PM","SAN JUAN",2651,23,2674
"07/26/2026 05:50 PM","ARECIBO",306,0,306
"07/26/2026 05:50 PM","BAYAMON",156,0,156
"07/26/2026 05:50 PM","CAGUAS",13,0,13
"07/26/2026 05:50 PM","CAROLINA",1,0,1
"07/26/2026 05:50 PM","MAYAGUEZ",83,0,83
"07/26/2026 05:50 PM","PONCE",7,0,7
"07/26/2026 05:50 PM","SAN JUAN",2651,23,2674
"07/26/2026 05:50 PM","ARECIBO",306,0,306
"07/26/2026 05:50 PM","BAYAMON",156,0,156
"07/26/2026 05:50 PM","CAGUAS",13,0,13
"07/26/2026 05:50 PM","CAROLINA",1,0,1
"07/26/2026 05:50 PM","MAYAGUEZ",83,0,83
"07/26/2026 05:50 PM","PONCE",7,0,7
"07/26/2026 05:50 PM","SAN JUAN",2651,23,2674
"07/26/2026 05:50 PM","ARECIBO",306,0,306
"07/26/2026 05:50 PM","BAYAMON",156,0,156
"07/26/2026 05:50 PM","CAGUAS",13,0,13
"07/26/2026 05:50 PM","CAROLINA",1,0,1
"07/26/2026 05:50 PM","MAYAGUEZ",83,0,83
"07/26/2026 05:50 PM","PONCE",7,0,7
"07/26/2026 05:50 PM","SAN JUAN",2651,23,2674
"07/26/2026 05:55 PM","ARECIBO",195,0,195
"07/26/2026 05:55 PM","BAYAMON",163,0,163
"07/26/2026 05:55 PM","CAGUAS",14,0,14
"07/26/2026 05:55 PM","CAROLINA",1,0,1
"07/26/2026 05:55 PM","MAYAGUEZ",83,0,83
"07/26/2026 05:55 PM","PONCE",7,0,7
"07/26/2026 05:55 PM","SAN JUAN",2816,23,2839
"07/26/2026 05:55 PM","ARECIBO",195,0,195
"07/26/2026 05:55 PM","BAYAMON",163,0,163
"07/26/2026 05:55 PM","CAGUAS",14,0,14
"07/26/2026 05:55 PM","CAROLINA",1,0,1
"07/26/2026 05:55 PM","MAYAGUEZ",83,0,83
"07/26/2026 05:55 PM","PONCE",7,0,7
"07/26/2026 05:55 PM","SAN JUAN",2816,23,2839
"07/26/2026 06:00 PM","ARECIBO",196,0,196
"07/26/2026 06:00 PM","BAYAMON",163,0,163
"07/26/2026 06:00 PM","CAGUAS",14,0,14
"07/26/2026 06:00 PM","CAROLINA",1,0,1
"07/26/2026 06:00 PM","MAYAGUEZ",84,0,84
"07/26/2026 06:00 PM","PONCE",8,0,8
"07/26/2026 06:00 PM","SAN JUAN",2816,23,2839
"07/26/2026 07:00 PM","ARECIBO",1003,0,1003
"07/26/2026 07:00 PM","BAYAMON",178,0,178
"07/26/2026 07:00 PM","CAGUAS",0,0,0
"07/26/2026 07:00 PM","CAROLINA",37,0,37
"07/26/2026 07:00 PM","MAYAGUEZ",34,0,34
"07/26/2026 07:00 PM","PONCE",0,0,0
"07/26/2026 07:00 PM","SAN JUAN",2727,0,2727
"07/26/2026 07:05 PM","ARECIBO",774,0,774
"07/26/2026 07:05 PM","BAYAMON",178,0,178
"07/26/2026 07:05 PM","CAGUAS",0,0,0
"07/26/2026 07:05 PM","CAROLINA",37,0,37
"07/26/2026 07:05 PM","MAYAGUEZ",33,0,33
"07/26/2026 07:05 PM","PONCE",0,0,0
"07/26/2026 07:05 PM","SAN JUAN",2728,0,2728
"07/26/2026 07:05 PM","ARECIBO",774,0,774
"07/26/2026 07:05 PM","BAYAMON",178,0,178
"07/26/2026 07:05 PM","CAGUAS",0,0,0
"07/26/2026 07:05 PM","CAROLINA",37,0,37
"07/26/2026 07:05 PM","MAYAGUEZ",33,0,33
"07/26/2026 07:05 PM","PONCE",0,0,0
"07/26/2026 07:05 PM","SAN JUAN",2728,0,2728
"07/26/2026 07:10 PM","ARECIBO",774,0,774
"07/26/2026 07:10 PM","BAYAMON",179,0,179
"07/26/2026 07:10 PM","CAGUAS",0,0,0
"07/26/2026 07:10 PM","CAROLINA",37,0,37
"07/26/2026 07:10 PM","MAYAGUEZ",33,0,33
"07/26/2026 07:10 PM","PONCE",0,0,0
"07/26/2026 07:10 PM","SAN JUAN",2728,0,2728
"07/26/2026 07:10 PM","ARECIBO",774,0,774
"07/26/2026 07:10 PM","BAYAMON",179,0,179
"07/26/2026 07:10 PM","CAGUAS",0,0,0
"07/26/2026 07:10 PM","CAROLINA",37,0,37
"07/26/2026 07:10 PM","MAYAGUEZ",33,0,33
"07/26/2026 07:10 PM","PONCE",0,0,0
"07/26/2026 07:10 PM","SAN JUAN",2728,0,2728
"07/26/2026 07:10 PM","ARECIBO",774,0,774
"07/26/2026 07:10 PM","BAYAMON",179,0,179
"07/26/2026 07:10 PM","CAGUAS",0,0,0
"07/26/2026 07:10 PM","CAROLINA",37,0,37
"07/26/2026 07:10 PM","MAYAGUEZ",33,0,33
"07/26/2026 07:10 PM","PONCE",0,0,0
"07/26/2026 07:10 PM","SAN JUAN",2728,0,2728
"07/26/2026 07:15 PM","ARECIBO",774,0,774
"07/26/2026 07:15 PM","BAYAMON",179,0,179
"07/26/2026 07:15 PM","CAGUAS",1,0,1
"07/26/2026 07:15 PM","CAROLINA",37,0,37
"07/26/2026 07:15 PM","MAYAGUEZ",34,0,34
"07/26/2026 07:15 PM","PONCE",1,0,1
"07/26/2026 07:15 PM","SAN JUAN",2727,0,2727
"07/26/2026 07:15 PM","ARECIBO",774,0,774
"07/26/2026 07:15 PM","BAYAMON",179,0,179
"07/26/2026 07:15 PM","CAGUAS",1,0,1
"07/26/2026 07:15 PM","CAROLINA",37,0,37
"07/26/2026 07:15 PM","MAYAGUEZ",34,0,34
"07/26/2026 07:15 PM","PONCE",1,0,1
"07/26/2026 07:15 PM","SAN JUAN",2727,0,2727
"07/26/2026 07:20 PM","ARECIBO",775,0,775
"07/26/2026 07:20 PM","BAYAMON",180,0,180
"07/26/2026 07:20 PM","CAGUAS",1,0,1
"07/26/2026 07:20 PM","CAROLINA",37,0,37
"07/26/2026 07:20 PM","MAYAGUEZ",36,0,36
"07/26/2026 07:20 PM","PONCE",1,0,1
"07/26/2026 07:20 PM","SAN JUAN",2727,0,2727
"07/26/2026 07:20 PM","ARECIBO",775,0,775
"07/26/2026 07:20 PM","BAYAMON",180,0,180
"07/26/2026 07:20 PM","CAGUAS",1,0,1
"07/26/2026 07:20 PM","CAROLINA",37,0,37
"07/26/2026 07:20 PM","MAYAGUEZ",36,0,36
"07/26/2026 07:20 PM","PONCE",1,0,1
"07/26/2026 07:20 PM","SAN JUAN",2727,0,2727
"07/26/2026 07:25 PM","ARECIBO",774,0,774
"07/26/2026 07:25 PM","BAYAMON",179,0,179
"07/26/2026 07:25 PM","CAGUAS",8,0,8
"07/26/2026 07:25 PM","CAROLINA",37,0,37
"07/26/2026 07:25 PM","MAYAGUEZ",46,0,46
"07/26/2026 07:25 PM","PONCE",1,0,1
"07/26/2026 07:25 PM","SAN JUAN",2727,0,2727
"07/26/2026 07:25 PM","ARECIBO",774,0,774
"07/26/2026 07:25 PM","BAYAMON",179,0,179
"07/26/2026 07:25 PM","CAGUAS",8,0,8
"07/26/2026 07:25 PM","CAROLINA",37,0,37
"07/26/2026 07:25 PM","MAYAGUEZ",46,0,46
"07/26/2026 07:25 PM","PONCE",1,0,1
"07/26/2026 07:25 PM","SAN JUAN",2727,0,2727
"07/26/2026 07:25 PM","ARECIBO",774,0,774
"07/26/2026 07:25 PM","BAYAMON",179,0,179
"07/26/2026 07:25 PM","CAGUAS",8,0,8
"07/26/2026 07:25 PM","CAROLINA",37,0,37
"07/26/2026 07:25 PM","MAYAGUEZ",46,0,46
"07/26/2026 07:25 PM","PONCE",1,0,1
"07/26/2026 07:25 PM","SAN JUAN",2727,0,2727
"07/26/2026 07:30 PM","ARECIBO",775,0,775
"07/26/2026 07:30 PM","BAYAMON",179,0,179
"07/26/2026 07:30 PM","CAGUAS",9,0,9
"07/26/2026 07:30 PM","CAROLINA",37,0,37
"07/26/2026 07:30 PM","MAYAGUEZ",47,0,47
"07/26/2026 07:30 PM","PONCE",0,0,0
"07/26/2026 07:30 PM","SAN JUAN",2727,0,2727
"07/26/2026 07:30 PM","ARECIBO",775,0,775
"07/26/2026 07:30 PM","BAYAMON",179,0,179
"07/26/2026 07:30 PM","CAGUAS",9,0,9
"07/26/2026 07:30 PM","CAROLINA",37,0,37
"07/26/2026 07:30 PM","MAYAGUEZ",47,0,47
"07/26/2026 07:30 PM","PONCE",0,0,0
"07/26/2026 07:30 PM","SAN JUAN",2727,0,2727
"07/26/2026 07:35 PM","ARECIBO",808,0,808
"07/26/2026 07:35 PM","BAYAMON",179,0,179
"07/26/2026 07:35 PM","CAGUAS",8,0,8
"07/26/2026 07:35 PM","CAROLINA",0,0,0
"07/26/2026 07:35 PM","MAYAGUEZ",50,0,50
"07/26/2026 07:35 PM","PONCE",0,0,0
"07/26/2026 07:35 PM","SAN JUAN",2727,0,2727
"07/26/2026 07:35 PM","ARECIBO",808,0,808
"07/26/2026 07:35 PM","BAYAMON",179,0,179
"07/26/2026 07:35 PM","CAGUAS",8,0,8
"07/26/2026 07:35 PM","CAROLINA",0,0,0
"07/26/2026 07:35 PM","MAYAGUEZ",50,0,50
"07/26/2026 07:35 PM","PONCE",0,0,0
"07/26/2026 07:35 PM","SAN JUAN",2727,0,2727
"07/26/2026 07:35 PM","ARECIBO",808,0,808
"07/26/2026 07:35 PM","BAYAMON",179,0,179
"07/26/2026 07:35 PM","CAGUAS",8,0,8
"07/26/2026 07:35 PM","CAROLINA",0,0,0
"07/26/2026 07:35 PM","MAYAGUEZ",50,0,50
"07/26/2026 07:35 PM","PONCE",0,0,0
"07/26/2026 07:35 PM","SAN JUAN",2727,0,2727
"07/26/2026 07:40 PM","ARECIBO",763,0,763
"07/26/2026 07:40 PM","BAYAMON",179,0,179
"07/26/2026 07:40 PM","CAGUAS",10,0,10
"07/26/2026 07:40 PM","CAROLINA",0,0,0
"07/26/2026 07:40 PM","MAYAGUEZ",214,0,214
"07/26/2026 07:40 PM","PONCE",1,0,1
"07/26/2026 07:40 PM","SAN JUAN",2729,0,2729
"07/26/2026 07:40 PM","ARECIBO",763,0,763
"07/26/2026 07:40 PM","BAYAMON",179,0,179
"07/26/2026 07:40 PM","CAGUAS",10,0,10
"07/26/2026 07:40 PM","CAROLINA",0,0,0
"07/26/2026 07:40 PM","MAYAGUEZ",214,0,214
"07/26/2026 07:40 PM","PONCE",1,0,1
"07/26/2026 07:40 PM","SAN JUAN",2729,0,2729
"07/26/2026 07:45 PM","ARECIBO",763,0,763
"07/26/2026 07:45 PM","BAYAMON",179,0,179
"07/26/2026 07:45 PM","CAGUAS",13,0,13
"07/26/2026 07:45 PM","CAROLINA",0,0,0
"07/26/2026 07:45 PM","MAYAGUEZ",214,0,214
"07/26/2026 07:45 PM","PONCE",0,0,0
"07/26/2026 07:45 PM","SAN JUAN",2728,0,2728
"07/26/2026 07:45 PM","ARECIBO",763,0,763
"07/26/2026 07:45 PM","BAYAMON",179,0,179
"07/26/2026 07:45 PM","CAGUAS",13,0,13
"07/26/2026 07:45 PM","CAROLINA",0,0,0
"07/26/2026 07:45 PM","MAYAGUEZ",214,0,214
"07/26/2026 07:45 PM","PONCE",0,0,0
"07/26/2026 07:45 PM","SAN JUAN",2728,0,2728
"07/26/2026 07:45 PM","ARECIBO",763,0,763
"07/26/2026 07:45 PM","BAYAMON",179,0,179
"07/26/2026 07:45 PM","CAGUAS",13,0,13
"07/26/2026 07:45 PM","CAROLINA",0,0,0
"07/26/2026 07:45 PM","MAYAGUEZ",214,0,214
"07/26/2026 07:45 PM","PONCE",0,0,0
"07/26/2026 07:45 PM","SAN JUAN",2728,0,2728
"07/26/2026 07:50 PM","ARECIBO",763,0,763
"07/26/2026 07:50 PM","BAYAMON",179,0,179
"07/26/2026 07:50 PM","CAGUAS",14,0,14
"07/26/2026 07:50 PM","CAROLINA",0,0,0
"07/26/2026 07:50 PM","MAYAGUEZ",215,0,215
"07/26/2026 07:50 PM","PONCE",0,0,0
"07/26/2026 07:50 PM","SAN JUAN",2727,0,2727
"07/26/2026 07:50 PM","ARECIBO",763,0,763
"07/26/2026 07:50 PM","BAYAMON",179,0,179
"07/26/2026 07:50 PM","CAGUAS",14,0,14
"07/26/2026 07:50 PM","CAROLINA",0,0,0
"07/26/2026 07:50 PM","MAYAGUEZ",215,0,215
"07/26/2026 07:50 PM","PONCE",0,0,0
"07/26/2026 07:50 PM","SAN JUAN",2727,0,2727
"07/26/2026 07:55 PM","ARECIBO",762,0,762
"07/26/2026 07:55 PM","BAYAMON",179,0,179
"07/26/2026 07:55 PM","CAGUAS",14,0,14
"07/26/2026 07:55 PM","CAROLINA",0,0,0
"07/26/2026 07:55 PM","MAYAGUEZ",3228,0,3228
"07/26/2026 07:55 PM","PONCE",0,0,0
"07/26/2026 07:55 PM","SAN JUAN",2726,0,2726
"07/26/2026 07:55 PM","ARECIBO",762,0,762
"07/26/2026 07:55 PM","BAYAMON",179,0,179
"07/26/2026 07:55 PM","CAGUAS",14,0,14
"07/26/2026 07:55 PM","CAROLINA",0,0,0
"07/26/2026 07:55 PM","MAYAGUEZ",3228,0,3228
"07/26/2026 07:55 PM","PONCE",0,0,0
"07/26/2026 07:55 PM","SAN JUAN",2726,0,2726
"07/26/2026 07:55 PM","ARECIBO",762,0,762
"07/26/2026 07:55 PM","BAYAMON",179,0,179
"07/26/2026 07:55 PM","CAGUAS",14,0,14
"07/26/2026 07:55 PM","CAROLINA",0,0,0
"07/26/2026 07:55 PM","MAYAGUEZ",3228,0,3228
"07/26/2026 07:55 PM","PONCE",0,0,0
"07/26/2026 07:55 PM","SAN JUAN",2726,0,2726
"07/26/2026 11:50 PM","ARECIBO",78,0,78
"07/26/2026 11:50 PM","BAYAMON",171,0,171
"07/26/2026 11:50 PM","CAGUAS",500,0,500
"07/26/2026 11:50 PM","CAROLINA",3,0,3
"07/26/2026 11:50 PM","MAYAGUEZ",720,0,720
"07/26/2026 11:50 PM","PONCE",33,0,33
"07/26/2026 11:50 PM","SAN JUAN",2844,0,2844
"07/26/2026 11:55 PM","ARECIBO",78,0,78
"07/26/2026 11:55 PM","BAYAMON",171,0,171
"07/26/2026 11:55 PM","CAGUAS",500,0,500
"07/26/2026 11:55 PM","CAROLINA",3,0,3
"07/26/2026 11:55 PM","MAYAGUEZ",720,0,720
"07/26/2026 11:55 PM","PONCE",34,0,34
"07/26/2026 11:55 PM","SAN JUAN",2844,0,2844
"07/26/2026 11:55 PM","ARECIBO",78,0,78
"07/26/2026 11:55 PM","BAYAMON",171,0,171
"07/26/2026 11:55 PM","CAGUAS",500,0,500
"07/26/2026 11:55 PM","CAROLINA",3,0,3
"07/26/2026 11:55 PM","MAYAGUEZ",720,0,720
"07/26/2026 11:55 PM","PONCE",34,0,34
"07/26/2026 11:55 PM","SAN JUAN",2844,0,2844
"07/27/2026 12:00 AM","ARECIBO",78,0,78
"07/27/2026 12:00 AM","BAYAMON",171,0,171
"07/27/2026 12:00 AM","CAGUAS",500,0,500
"07/27/2026 12:00 AM","CAROLINA",3,0,3
"07/27/2026 12:00 AM","MAYAGUEZ",720,0,720
"07/27/2026 12:00 AM","PONCE",35,0,35
"07/27/2026 12:00 AM","SAN JUAN",2844,0,2844
"07/27/2026 12:00 AM","ARECIBO",78,0,78
"07/27/2026 12:00 AM","BAYAMON",171,0,171
"07/27/2026 12:00 AM","CAGUAS",500,0,500
"07/27/2026 12:00 AM","CAROLINA",3,0,3
"07/27/2026 12:00 AM","MAYAGUEZ",720,0,720
"07/27/2026 12:00 AM","PONCE",35,0,35
"07/27/2026 12:00 AM","SAN JUAN",2844,0,2844
"07/27/2026 12:00 AM","ARECIBO",78,0,78
"07/27/2026 12:00 AM","BAYAMON",171,0,171
"07/27/2026 12:00 AM","CAGUAS",500,0,500
"07/27/2026 12:00 AM","CAROLINA",3,0,3
"07/27/2026 12:00 AM","MAYAGUEZ",720,0,720
"07/27/2026 12:00 AM","PONCE",35,0,35
"07/27/2026 12:00 AM","SAN JUAN",2844,0,2844
"07/27/2026 12:05 AM","ARECIBO",78,0,78
"07/27/2026 12:05 AM","BAYAMON",171,0,171
"07/27/2026 12:05 AM","CAGUAS",500,0,500
"07/27/2026 12:05 AM","CAROLINA",3,0,3
"07/27/2026 12:05 AM","MAYAGUEZ",720,0,720
"07/27/2026 12:05 AM","PONCE",35,0,35
"07/27/2026 12:05 AM","SAN JUAN",2844,0,2844
"07/27/2026 12:05 AM","ARECIBO",78,0,78
"07/27/2026 12:05 AM","BAYAMON",171,0,171
"07/27/2026 12:05 AM","CAGUAS",500,0,500
"07/27/2026 12:05 AM","CAROLINA",3,0,3
"07/27/2026 12:05 AM","MAYAGUEZ",720,0,720
"07/27/2026 12:05 AM","PONCE",35,0,35
"07/27/2026 12:05 AM","SAN JUAN",2844,0,2844
"07/27/2026 12:10 AM","ARECIBO",78,0,78
"07/27/2026 12:10 AM","BAYAMON",171,0,171
"07/27/2026 12:10 AM","CAGUAS",500,0,500
"07/27/2026 12:10 AM","CAROLINA",3,0,3
"07/27/2026 12:10 AM","MAYAGUEZ",720,0,720
"07/27/2026 12:10 AM","PONCE",35,0,35
"07/27/2026 12:10 AM","SAN JUAN",2845,0,2845
"07/27/2026 12:10 AM","ARECIBO",78,0,78
"07/27/2026 12:10 AM","BAYAMON",171,0,171
"07/27/2026 12:10 AM","CAGUAS",500,0,500
"07/27/2026 12:10 AM","CAROLINA",3,0,3
"07/27/2026 12:10 AM","MAYAGUEZ",720,0,720
"07/27/2026 12:10 AM","PONCE",35,0,35
"07/27/2026 12:10 AM","SAN JUAN",2845,0,2845
"07/27/2026 12:10 AM","ARECIBO",78,0,78
"07/27/2026 12:10 AM","BAYAMON",171,0,171
"07/27/2026 12:10 AM","CAGUAS",500,0,500
"07/27/2026 12:10 AM","CAROLINA",3,0,3
"07/27/2026 12:10 AM","MAYAGUEZ",720,0,720
"07/27/2026 12:10 AM","PONCE",35,0,35
"07/27/2026 12:10 AM","SAN JUAN",2845,0,2845
"07/27/2026 12:15 AM","ARECIBO",78,0,78
"07/27/2026 12:15 AM","BAYAMON",171,0,171
"07/27/2026 12:15 AM","CAGUAS",500,0,500
"07/27/2026 12:15 AM","CAROLINA",3,0,3
"07/27/2026 12:15 AM","MAYAGUEZ",720,0,720
"07/27/2026 12:15 AM","PONCE",35,0,35
"07/27/2026 12:15 AM","SAN JUAN",2845,0,2845
"07/27/2026 12:15 AM","ARECIBO",78,0,78
"07/27/2026 12:15 AM","BAYAMON",171,0,171
"07/27/2026 12:15 AM","CAGUAS",500,0,500
"07/27/2026 12:15 AM","CAROLINA",3,0,3
"07/27/2026 12:15 AM","MAYAGUEZ",720,0,720
"07/27/2026 12:15 AM","PONCE",35,0,35
"07/27/2026 12:15 AM","SAN JUAN",2845,0,2845
"07/27/2026 12:20 AM","ARECIBO",78,0,78
"07/27/2026 12:20 AM","BAYAMON",171,0,171
"07/27/2026 12:20 AM","CAGUAS",500,0,500
"07/27/2026 12:20 AM","CAROLINA",3,0,3
"07/27/2026 12:20 AM","MAYAGUEZ",720,0,720
"07/27/2026 12:20 AM","PONCE",35,0,35
"07/27/2026 12:20 AM","SAN JUAN",2845,0,2845
"07/27/2026 12:20 AM","ARECIBO",78,0,78
"07/27/2026 12:20 AM","BAYAMON",171,0,171
"07/27/2026 12:20 AM","CAGUAS",500,0,500
"07/27/2026 12:20 AM","CAROLINA",3,0,3
"07/27/2026 12:20 AM","MAYAGUEZ",720,0,720
"07/27/2026 12:20 AM","PONCE",35,0,35
"07/27/2026 12:20 AM","SAN JUAN",2845,0,2845
"07/27/2026 12:20 AM","ARECIBO",78,0,78
"07/27/2026 12:20 AM","BAYAMON",171,0,171
"07/27/2026 12:20 AM","CAGUAS",500,0,500
"07/27/2026 12:20 AM","CAROLINA",3,0,3
"07/27/2026 12:20 AM","MAYAGUEZ",720,0,720
"07/27/2026 12:20 AM","PONCE",35,0,35
"07/27/2026 12:20 AM","SAN JUAN",2845,0,2845
"07/27/2026 12:25 AM","ARECIBO",78,0,78
"07/27/2026 12:25 AM","BAYAMON",171,0,171
"07/27/2026 12:25 AM","CAGUAS",500,0,500
"07/27/2026 12:25 AM","CAROLINA",3,0,3
"07/27/2026 12:25 AM","MAYAGUEZ",720,0,720
"07/27/2026 12:25 AM","PONCE",35,0,35
"07/27/2026 12:25 AM","SAN JUAN",2844,0,2844
"07/27/2026 12:25 AM","ARECIBO",78,0,78
"07/27/2026 12:25 AM","BAYAMON",171,0,171
"07/27/2026 12:25 AM","CAGUAS",500,0,500
"07/27/2026 12:25 AM","CAROLINA",3,0,3
"07/27/2026 12:25 AM","MAYAGUEZ",720,0,720
"07/27/2026 12:25 AM","PONCE",35,0,35
"07/27/2026 12:25 AM","SAN JUAN",2844,0,2844
"07/27/2026 12:30 AM","ARECIBO",78,0,78
"07/27/2026 12:30 AM","BAYAMON",171,0,171
"07/27/2026 12:30 AM","CAGUAS",500,0,500
"07/27/2026 12:30 AM","CAROLINA",3,0,3
"07/27/2026 12:30 AM","MAYAGUEZ",720,0,720
"07/27/2026 12:30 AM","PONCE",36,0,36
"07/27/2026 12:30 AM","SAN JUAN",2844,0,2844
"07/27/2026 12:30 AM","ARECIBO",78,0,78
"07/27/2026 12:30 AM","BAYAMON",171,0,171
"07/27/2026 12:30 AM","CAGUAS",500,0,500
"07/27/2026 12:30 AM","CAROLINA",3,0,3
"07/27/2026 12:30 AM","MAYAGUEZ",720,0,720
"07/27/2026 12:30 AM","PONCE",36,0,36
"07/27/2026 12:30 AM","SAN JUAN",2844,0,2844
"07/27/2026 12:30 AM","ARECIBO",78,0,78
"07/27/2026 12:30 AM","BAYAMON",171,0,171
"07/27/2026 12:30 AM","CAGUAS",500,0,500
"07/27/2026 12:30 AM","CAROLINA",3,0,3
"07/27/2026 12:30 AM","MAYAGUEZ",720,0,720
"07/27/2026 12:30 AM","PONCE",36,0,36
"07/27/2026 12:30 AM","SAN JUAN",2844,0,2844
"07/27/2026 12:35 AM","ARECIBO",78,0,78
"07/27/2026 12:35 AM","BAYAMON",171,0,171
"07/27/2026 12:35 AM","CAGUAS",500,0,500
"07/27/2026 12:35 AM","CAROLINA",3,0,3
"07/27/2026 12:35 AM","MAYAGUEZ",720,0,720
"07/27/2026 12:35 AM","PONCE",36,0,36
"07/27/2026 12:35 AM","SAN JUAN",2844,0,2844
"07/27/2026 12:35 AM","ARECIBO",78,0,78
"07/27/2026 12:35 AM","BAYAMON",171,0,171
"07/27/2026 12:35 AM","CAGUAS",500,0,500
"07/27/2026 12:35 AM","CAROLINA",3,0,3
"07/27/2026 12:35 AM","MAYAGUEZ",720,0,720
"07/27/2026 12:35 AM","PONCE",36,0,36
"07/27/2026 12:35 AM","SAN JUAN",2844,0,2844
"07/27/2026 12:40 AM","ARECIBO",78,0,78
"07/27/2026 12:40 AM","BAYAMON",171,0,171
"07/27/2026 12:40 AM","CAGUAS",19,0,19
"07/27/2026 12:40 AM","CAROLINA",3,0,3
"07/27/2026 12:40 AM","MAYAGUEZ",720,0,720
"07/27/2026 12:40 AM","PONCE",36,0,36
"07/27/2026 12:40 AM","SAN JUAN",2844,0,2844
"07/27/2026 12:40 AM","ARECIBO",78,0,78
"07/27/2026 12:40 AM","BAYAMON",171,0,171
"07/27/2026 12:40 AM","CAGUAS",19,0,19
"07/27/2026 12:40 AM","CAROLINA",3,0,3
"07/27/2026 12:40 AM","MAYAGUEZ",720,0,720
"07/27/2026 12:40 AM","PONCE",36,0,36
"07/27/2026 12:40 AM","SAN JUAN",2844,0,2844
"07/27/2026 12:40 AM","ARECIBO",78,0,78
"07/27/2026 12:40 AM","BAYAMON",171,0,171
"07/27/2026 12:40 AM","CAGUAS",19,0,19
"07/27/2026 12:40 AM","CAROLINA",3,0,3
"07/27/2026 12:40 AM","MAYAGUEZ",720,0,720
"07/27/2026 12:40 AM","PONCE",36,0,36
"07/27/2026 12:40 AM","SAN JUAN",2844,0,2844
"07/27/2026 12:45 AM","ARECIBO",78,0,78
"07/27/2026 12:45 AM","BAYAMON",171,0,171
"07/27/2026 12:45 AM","CAGUAS",19,0,19
"07/27/2026 12:45 AM","CAROLINA",3,0,3
"07/27/2026 12:45 AM","MAYAGUEZ",720,0,720
"07/27/2026 12:45 AM","PONCE",36,0,36
"07/27/2026 12:45 AM","SAN JUAN",2844,0,2844
"07/27/2026 12:45 AM","ARECIBO",78,0,78
"07/27/2026 12:45 AM","BAYAMON",171,0,171
"07/27/2026 12:45 AM","CAGUAS",19,0,19
"07/27/2026 12:45 AM","CAROLINA",3,0,3
"07/27/2026 12:45 AM","MAYAGUEZ",720,0,720
"07/27/2026 12:45 AM","PONCE",36,0,36
"07/27/2026 12:45 AM","SAN JUAN",2844,0,2844
"07/27/2026 03:40 AM","ARECIBO",89,0,89
"07/27/2026 03:40 AM","BAYAMON",93,0,93
"07/27/2026 03:40 AM","CAGUAS",58,0,58
"07/27/2026 03:40 AM","CAROLINA",3,0,3
"07/27/2026 03:40 AM","MAYAGUEZ",219,0,219
"07/27/2026 03:40 AM","PONCE",97,0,97
"07/27/2026 03:40 AM","SAN JUAN",1,0,1
"07/27/2026 03:40 AM","ARECIBO",89,0,89
"07/27/2026 03:40 AM","BAYAMON",93,0,93
"07/27/2026 03:40 AM","CAGUAS",58,0,58
"07/27/2026 03:40 AM","CAROLINA",3,0,3
"07/27/2026 03:40 AM","MAYAGUEZ",219,0,219
"07/27/2026 03:40 AM","PONCE",97,0,97
"07/27/2026 03:40 AM","SAN JUAN",1,0,1
"07/27/2026 03:45 AM","ARECIBO",89,0,89
"07/27/2026 03:45 AM","BAYAMON",93,0,93
"07/27/2026 03:45 AM","CAGUAS",58,0,58
"07/27/2026 03:45 AM","CAROLINA",3,0,3
"07/27/2026 03:45 AM","MAYAGUEZ",219,0,219
"07/27/2026 03:45 AM","PONCE",97,0,97
"07/27/2026 03:45 AM","SAN JUAN",1,0,1
"07/27/2026 03:45 AM","ARECIBO",89,0,89
"07/27/2026 03:45 AM","BAYAMON",93,0,93
"07/27/2026 03:45 AM","CAGUAS",58,0,58
"07/27/2026 03:45 AM","CAROLINA",3,0,3
"07/27/2026 03:45 AM","MAYAGUEZ",219,0,219
"07/27/2026 03:45 AM","PONCE",97,0,97
"07/27/2026 03:45 AM","SAN JUAN",1,0,1
"07/27/2026 03:45 AM","ARECIBO",89,0,89
"07/27/2026 03:45 AM","BAYAMON",93,0,93
"07/27/2026 03:45 AM","CAGUAS",58,0,58
"07/27/2026 03:45 AM","CAROLINA",3,0,3
"07/27/2026 03:45 AM","MAYAGUEZ",219,0,219
"07/27/2026 03:45 AM","PONCE",97,0,97
"07/27/2026 03:45 AM","SAN JUAN",1,0,1
"07/27/2026 03:50 AM","ARECIBO",89,0,89
"07/27/2026 03:50 AM","BAYAMON",93,0,93
"07/27/2026 03:50 AM","CAGUAS",58,0,58
"07/27/2026 03:50 AM","CAROLINA",3,0,3
"07/27/2026 03:50 AM","MAYAGUEZ",219,0,219
"07/27/2026 03:50 AM","PONCE",97,0,97
"07/27/2026 03:50 AM","SAN JUAN",1,0,1
"07/27/2026 03:50 AM","ARECIBO",89,0,89
"07/27/2026 03:50 AM","BAYAMON",93,0,93
"07/27/2026 03:50 AM","CAGUAS",58,0,58
"07/27/2026 03:50 AM","CAROLINA",3,0,3
"07/27/2026 03:50 AM","MAYAGUEZ",219,0,219
"07/27/2026 03:50 AM","PONCE",97,0,97
"07/27/2026 03:50 AM","SAN JUAN",1,0,1
"07/27/2026 03:55 AM","ARECIBO",89,0,89
"07/27/2026 03:55 AM","BAYAMON",93,0,93
"07/27/2026 03:55 AM","CAGUAS",58,0,58
"07/27/2026 03:55 AM","CAROLINA",3,0,3
"07/27/2026 03:55 AM","MAYAGUEZ",219,0,219
"07/27/2026 03:55 AM","PONCE",97,0,97
"07/27/2026 03:55 AM","SAN JUAN",1,0,1
"07/27/2026 03:55 AM","ARECIBO",89,0,89
"07/27/2026 03:55 AM","BAYAMON",93,0,93
"07/27/2026 03:55 AM","CAGUAS",58,0,58
"07/27/2026 03:55 AM","CAROLINA",3,0,3
"07/27/2026 03:55 AM","MAYAGUEZ",219,0,219
"07/27/2026 03:55 AM","PONCE",97,0,97
"07/27/2026 03:55 AM","SAN JUAN",1,0,1
"07/27/2026 03:55 AM","ARECIBO",89,0,89
"07/27/2026 03:55 AM","BAYAMON",93,0,93
"07/27/2026 03:55 AM","CAGUAS",58,0,58
"07/27/2026 03:55 AM","CAROLINA",3,0,3
"07/27/2026 03:55 AM","MAYAGUEZ",219,0,219
"07/27/2026 03:55 AM","PONCE",97,0,97
"07/27/2026 03:55 AM","SAN JUAN",1,0,1
"07/27/2026 04:00 AM","ARECIBO",89,0,89
"07/27/2026 04:00 AM","BAYAMON",93,0,93
"07/27/2026 04:00 AM","CAGUAS",58,0,58
"07/27/2026 04:00 AM","CAROLINA",3,0,3
"07/27/2026 04:00 AM","MAYAGUEZ",219,0,219
"07/27/2026 04:00 AM","PONCE",97,0,97
"07/27/2026 04:00 AM","SAN JUAN",1,0,1
"07/27/2026 04:00 AM","ARECIBO",89,0,89
"07/27/2026 04:00 AM","BAYAMON",93,0,93
"07/27/2026 04:00 AM","CAGUAS",58,0,58
"07/27/2026 04:00 AM","CAROLINA",3,0,3
"07/27/2026 04:00 AM","MAYAGUEZ",219,0,219
"07/27/2026 04:00 AM","PONCE",97,0,97
"07/27/2026 04:00 AM","SAN JUAN",1,0,1
"07/27/2026 04:05 AM","ARECIBO",89,0,89
"07/27/2026 04:05 AM","BAYAMON",93,0,93
"07/27/2026 04:05 AM","CAGUAS",58,0,58
"07/27/2026 04:05 AM","CAROLINA",3,0,3
"07/27/2026 04:05 AM","MAYAGUEZ",219,0,219
"07/27/2026 04:05 AM","PONCE",97,0,97
"07/27/2026 04:05 AM","SAN JUAN",1,0,1
"07/27/2026 04:05 AM","ARECIBO",89,0,89
"07/27/2026 04:05 AM","BAYAMON",93,0,93
"07/27/2026 04:05 AM","CAGUAS",58,0,58
"07/27/2026 04:05 AM","CAROLINA",3,0,3
"07/27/2026 04:05 AM","MAYAGUEZ",219,0,219
"07/27/2026 04:05 AM","PONCE",97,0,97
"07/27/2026 04:05 AM","SAN JUAN",1,0,1
"07/27/2026 04:10 AM","ARECIBO",89,0,89
"07/27/2026 04:10 AM","BAYAMON",93,0,93
"07/27/2026 04:10 AM","CAGUAS",58,0,58
"07/27/2026 04:10 AM","CAROLINA",3,0,3
"07/27/2026 04:10 AM","MAYAGUEZ",219,0,219
"07/27/2026 04:10 AM","PONCE",97,0,97
"07/27/2026 04:10 AM","SAN JUAN",1,0,1
"07/27/2026 04:10 AM","ARECIBO",89,0,89
"07/27/2026 04:10 AM","BAYAMON",93,0,93
"07/27/2026 04:10 AM","CAGUAS",58,0,58
"07/27/2026 04:10 AM","CAROLINA",3,0,3
"07/27/2026 04:10 AM","MAYAGUEZ",219,0,219
"07/27/2026 04:10 AM","PONCE",97,0,97
"07/27/2026 04:10 AM","SAN JUAN",1,0,1
"07/27/2026 04:10 AM","ARECIBO",89,0,89
"07/27/2026 04:10 AM","BAYAMON",93,0,93
"07/27/2026 04:10 AM","CAGUAS",58,0,58
"07/27/2026 04:10 AM","CAROLINA",3,0,3
"07/27/2026 04:10 AM","MAYAGUEZ",219,0,219
"07/27/2026 04:10 AM","PONCE",97,0,97
"07/27/2026 04:10 AM","SAN JUAN",1,0,1
"07/27/2026 04:15 AM","ARECIBO",89,0,89
"07/27/2026 04:15 AM","BAYAMON",93,0,93
"07/27/2026 04:15 AM","CAGUAS",58,0,58
"07/27/2026 04:15 AM","CAROLINA",3,0,3
"07/27/2026 04:15 AM","MAYAGUEZ",219,0,219
"07/27/2026 04:15 AM","PONCE",97,0,97
"07/27/2026 04:15 AM","SAN JUAN",1,0,1
"07/27/2026 04:15 AM","ARECIBO",89,0,89
"07/27/2026 04:15 AM","BAYAMON",93,0,93
"07/27/2026 04:15 AM","CAGUAS",58,0,58
"07/27/2026 04:15 AM","CAROLINA",3,0,3
"07/27/2026 04:15 AM","MAYAGUEZ",219,0,219
"07/27/2026 04:15 AM","PONCE",97,0,97
"07/27/2026 04:15 AM","SAN JUAN",1,0,1
"07/27/2026 04:20 AM","ARECIBO",89,0,89
"07/27/2026 04:20 AM","BAYAMON",93,0,93
"07/27/2026 04:20 AM","CAGUAS",58,0,58
"07/27/2026 04:20 AM","CAROLINA",3,0,3
"07/27/2026 04:20 AM","MAYAGUEZ",219,0,219
"07/27/2026 04:20 AM","PONCE",97,0,97
"07/27/2026 04:20 AM","SAN JUAN",1,0,1
"07/27/2026 04:20 AM","ARECIBO",89,0,89
"07/27/2026 04:20 AM","BAYAMON",93,0,93
"07/27/2026 04:20 AM","CAGUAS",58,0,58
"07/27/2026 04:20 AM","CAROLINA",3,0,3
"07/27/2026 04:20 AM","MAYAGUEZ",219,0,219
"07/27/2026 04:20 AM","PONCE",97,0,97
"07/27/2026 04:20 AM","SAN JUAN",1,0,1
"07/27/2026 04:20 AM","ARECIBO",89,0,89
"07/27/2026 04:20 AM","BAYAMON",93,0,93
"07/27/2026 04:20 AM","CAGUAS",58,0,58
"07/27/2026 04:20 AM","CAROLINA",3,0,3
"07/27/2026 04:20 AM","MAYAGUEZ",219,0,219
"07/27/2026 04:20 AM","PONCE",97,0,97
"07/27/2026 04:20 AM","SAN JUAN",1,0,1
"07/27/2026 04:25 AM","ARECIBO",89,0,89
"07/27/2026 04:25 AM","BAYAMON",93,0,93
"07/27/2026 04:25 AM","CAGUAS",58,0,58
"07/27/2026 04:25 AM","CAROLINA",3,0,3
"07/27/2026 04:25 AM","MAYAGUEZ",219,0,219
"07/27/2026 04:25 AM","PONCE",97,0,97
"07/27/2026 04:25 AM","SAN JUAN",1,0,1
"07/27/2026 04:25 AM","ARECIBO",89,0,89
"07/27/2026 04:25 AM","BAYAMON",93,0,93
"07/27/2026 04:25 AM","CAGUAS",58,0,58
"07/27/2026 04:25 AM","CAROLINA",3,0,3
"07/27/2026 04:25 AM","MAYAGUEZ",219,0,219
"07/27/2026 04:25 AM","PONCE",97,0,97
"07/27/2026 04:25 AM","SAN JUAN",1,0,1
"07/27/2026 04:30 AM","ARECIBO",89,0,89
"07/27/2026 04:30 AM","BAYAMON",93,0,93
"07/27/2026 04:30 AM","CAGUAS",58,0,58
"07/27/2026 04:30 AM","CAROLINA",3,0,3
"07/27/2026 04:30 AM","MAYAGUEZ",219,0,219
"07/27/2026 04:30 AM","PONCE",97,0,97
"07/27/2026 04:30 AM","SAN JUAN",1,0,1
"07/27/2026 04:30 AM","ARECIBO",89,0,89
"07/27/2026 04:30 AM","BAYAMON",93,0,93
"07/27/2026 04:30 AM","CAGUAS",58,0,58
"07/27/2026 04:30 AM","CAROLINA",3,0,3
"07/27/2026 04:30 AM","MAYAGUEZ",219,0,219
"07/27/2026 04:30 AM","PONCE",97,0,97
"07/27/2026 04:30 AM","SAN JUAN",1,0,1
"07/27/2026 04:30 AM","ARECIBO",89,0,89
"07/27/2026 04:30 AM","BAYAMON",93,0,93
"07/27/2026 04:30 AM","CAGUAS",58,0,58
"07/27/2026 04:30 AM","CAROLINA",3,0,3
"07/27/2026 04:30 AM","MAYAGUEZ",219,0,219
"07/27/2026 04:30 AM","PONCE",97,0,97
"07/27/2026 04:30 AM","SAN JUAN",1,0,1
"07/27/2026 07:30 AM","ARECIBO",426,0,426
"07/27/2026 07:30 AM","BAYAMON",48,0,48
"07/27/2026 07:30 AM","CAGUAS",62,0,62
"07/27/2026 07:30 AM","CAROLINA",3,0,3
"07/27/2026 07:30 AM","MAYAGUEZ",117,0,117
"07/27/2026 07:30 AM","PONCE",102,0,102
"07/27/2026 07:30 AM","SAN JUAN",77,0,77
"07/27/2026 07:35 AM","ARECIBO",427,0,427
"07/27/2026 07:35 AM","BAYAMON",48,0,48
"07/27/2026 07:35 AM","CAGUAS",62,0,62
"07/27/2026 07:35 AM","CAROLINA",3,0,3
"07/27/2026 07:35 AM","MAYAGUEZ",117,0,117
"07/27/2026 07:35 AM","PONCE",102,0,102
"07/27/2026 07:35 AM","SAN JUAN",77,0,77
"07/27/2026 07:35 AM","ARECIBO",427,0,427
"07/27/2026 07:35 AM","BAYAMON",48,0,48
"07/27/2026 07:35 AM","CAGUAS",62,0,62
"07/27/2026 07:35 AM","CAROLINA",3,0,3
"07/27/2026 07:35 AM","MAYAGUEZ",117,0,117
"07/27/2026 07:35 AM","PONCE",102,0,102
"07/27/2026 07:35 AM","SAN JUAN",77,0,77
"07/27/2026 07:40 AM","ARECIBO",427,0,427
"07/27/2026 07:40 AM","BAYAMON",48,0,48
"07/27/2026 07:40 AM","CAGUAS",72,0,72
"07/27/2026 07:40 AM","CAROLINA",3,0,3
"07/27/2026 07:40 AM","MAYAGUEZ",117,0,117
"07/27/2026 07:40 AM","PONCE",102,0,102
"07/27/2026 07:40 AM","SAN JUAN",182,0,182
"07/27/2026 07:40 AM","ARECIBO",427,0,427
"07/27/2026 07:40 AM","BAYAMON",48,0,48
"07/27/2026 07:40 AM","CAGUAS",72,0,72
"07/27/2026 07:40 AM","CAROLINA",3,0,3
"07/27/2026 07:40 AM","MAYAGUEZ",117,0,117
"07/27/2026 07:40 AM","PONCE",102,0,102
"07/27/2026 07:40 AM","SAN JUAN",182,0,182
"07/27/2026 07:40 AM","ARECIBO",427,0,427
"07/27/2026 07:40 AM","BAYAMON",48,0,48
"07/27/2026 07:40 AM","CAGUAS",72,0,72
"07/27/2026 07:40 AM","CAROLINA",3,0,3
"07/27/2026 07:40 AM","MAYAGUEZ",117,0,117
"07/27/2026 07:40 AM","PONCE",102,0,102
"07/27/2026 07:40 AM","SAN JUAN",182,0,182
"07/27/2026 07:45 AM","ARECIBO",427,0,427
"07/27/2026 07:45 AM","BAYAMON",49,0,49
"07/27/2026 07:45 AM","CAGUAS",104,0,104
"07/27/2026 07:45 AM","CAROLINA",3,0,3
"07/27/2026 07:45 AM","MAYAGUEZ",117,0,117
"07/27/2026 07:45 AM","PONCE",102,0,102
"07/27/2026 07:45 AM","SAN JUAN",77,105,182
"07/27/2026 07:45 AM","ARECIBO",427,0,427
"07/27/2026 07:45 AM","BAYAMON",49,0,49
"07/27/2026 07:45 AM","CAGUAS",104,0,104
"07/27/2026 07:45 AM","CAROLINA",3,0,3
"07/27/2026 07:45 AM","MAYAGUEZ",117,0,117
"07/27/2026 07:45 AM","PONCE",102,0,102
"07/27/2026 07:45 AM","SAN JUAN",77,105,182
"07/27/2026 07:50 AM","ARECIBO",427,0,427
"07/27/2026 07:50 AM","BAYAMON",50,0,50
"07/27/2026 07:50 AM","CAGUAS",105,0,105
"07/27/2026 07:50 AM","CAROLINA",3,0,3
"07/27/2026 07:50 AM","MAYAGUEZ",118,0,118
"07/27/2026 07:50 AM","PONCE",102,0,102
"07/27/2026 07:50 AM","SAN JUAN",77,105,182
"07/27/2026 07:50 AM","ARECIBO",427,0,427
"07/27/2026 07:50 AM","BAYAMON",50,0,50
"07/27/2026 07:50 AM","CAGUAS",105,0,105
"07/27/2026 07:50 AM","CAROLINA",3,0,3
"07/27/2026 07:50 AM","MAYAGUEZ",118,0,118
"07/27/2026 07:50 AM","PONCE",102,0,102
"07/27/2026 07:50 AM","SAN JUAN",77,105,182
"07/27/2026 07:50 AM","ARECIBO",427,0,427
"07/27/2026 07:50 AM","BAYAMON",50,0,50
"07/27/2026 07:50 AM","CAGUAS",105,0,105
"07/27/2026 07:50 AM","CAROLINA",3,0,3
"07/27/2026 07:50 AM","MAYAGUEZ",118,0,118
"07/27/2026 07:50 AM","PONCE",102,0,102
"07/27/2026 07:50 AM","SAN JUAN",77,105,182
"07/27/2026 07:55 AM","ARECIBO",427,0,427
"07/27/2026 07:55 AM","BAYAMON",59,0,59
"07/27/2026 07:55 AM","CAGUAS",104,0,104
"07/27/2026 07:55 AM","CAROLINA",3,0,3
"07/27/2026 07:55 AM","MAYAGUEZ",118,0,118
"07/27/2026 07:55 AM","PONCE",102,0,102
"07/27/2026 07:55 AM","SAN JUAN",77,105,182
"07/27/2026 07:55 AM","ARECIBO",427,0,427
"07/27/2026 07:55 AM","BAYAMON",59,0,59
"07/27/2026 07:55 AM","CAGUAS",104,0,104
"07/27/2026 07:55 AM","CAROLINA",3,0,3
"07/27/2026 07:55 AM","MAYAGUEZ",118,0,118
"07/27/2026 07:55 AM","PONCE",102,0,102
"07/27/2026 07:55 AM","SAN JUAN",77,105,182
"07/27/2026 08:00 AM","ARECIBO",427,0,427
"07/27/2026 08:00 AM","BAYAMON",59,0,59
"07/27/2026 08:00 AM","CAGUAS",104,0,104
"07/27/2026 08:00 AM","CAROLINA",3,0,3
"07/27/2026 08:00 AM","MAYAGUEZ",118,0,118
"07/27/2026 08:00 AM","PONCE",102,0,102
"07/27/2026 08:00 AM","SAN JUAN",77,105,182
"07/27/2026 08:00 AM","ARECIBO",427,0,427
"07/27/2026 08:00 AM","BAYAMON",59,0,59
"07/27/2026 08:00 AM","CAGUAS",104,0,104
"07/27/2026 08:00 AM","CAROLINA",3,0,3
"07/27/2026 08:00 AM","MAYAGUEZ",118,0,118
"07/27/2026 08:00 AM","PONCE",102,0,102
"07/27/2026 08:00 AM","SAN JUAN",77,105,182
"07/27/2026 08:00 AM","ARECIBO",427,0,427
"07/27/2026 08:00 AM","BAYAMON",59,0,59
"07/27/2026 08:00 AM","CAGUAS",104,0,104
"07/27/2026 08:00 AM","CAROLINA",3,0,3
"07/27/2026 08:00 AM","MAYAGUEZ",118,0,118
"07/27/2026 08:00 AM","PONCE",102,0,102
"07/27/2026 08:00 AM","SAN JUAN",77,105,182
"07/27/2026 08:05 AM","ARECIBO",449,0,449
"07/27/2026 08:05 AM","BAYAMON",59,0,59
"07/27/2026 08:05 AM","CAGUAS",104,0,104
"07/27/2026 08:05 AM","CAROLINA",2,0,2
"07/27/2026 08:05 AM","MAYAGUEZ",118,0,118
"07/27/2026 08:05 AM","PONCE",102,0,102
"07/27/2026 08:05 AM","SAN JUAN",77,105,182
"07/27/2026 08:05 AM","ARECIBO",449,0,449
"07/27/2026 08:05 AM","BAYAMON",59,0,59
"07/27/2026 08:05 AM","CAGUAS",104,0,104
"07/27/2026 08:05 AM","CAROLINA",2,0,2
"07/27/2026 08:05 AM","MAYAGUEZ",118,0,118
"07/27/2026 08:05 AM","PONCE",102,0,102
"07/27/2026 08:05 AM","SAN JUAN",77,105,182
"07/27/2026 08:10 AM","ARECIBO",447,0,447
"07/27/2026 08:10 AM","BAYAMON",60,0,60
"07/27/2026 08:10 AM","CAGUAS",105,0,105
"07/27/2026 08:10 AM","CAROLINA",2,0,2
"07/27/2026 08:10 AM","MAYAGUEZ",123,0,123
"07/27/2026 08:10 AM","PONCE",103,0,103
"07/27/2026 08:10 AM","SAN JUAN",77,105,182
"07/27/2026 08:10 AM","ARECIBO",447,0,447
"07/27/2026 08:10 AM","BAYAMON",60,0,60
"07/27/2026 08:10 AM","CAGUAS",105,0,105
"07/27/2026 08:10 AM","CAROLINA",2,0,2
"07/27/2026 08:10 AM","MAYAGUEZ",123,0,123
"07/27/2026 08:10 AM","PONCE",103,0,103
"07/27/2026 08:10 AM","SAN JUAN",77,105,182
"07/27/2026 08:10 AM","ARECIBO",447,0,447
"07/27/2026 08:10 AM","BAYAMON",60,0,60
"07/27/2026 08:10 AM","CAGUAS",105,0,105
"07/27/2026 08:10 AM","CAROLINA",2,0,2
"07/27/2026 08:10 AM","MAYAGUEZ",123,0,123
"07/27/2026 08:10 AM","PONCE",103,0,103
"07/27/2026 08:10 AM","SAN JUAN",77,105,182
"07/27/2026 08:15 AM","ARECIBO",447,0,447
"07/27/2026 08:15 AM","BAYAMON",60,0,60
"07/27/2026 08:15 AM","CAGUAS",105,0,105
"07/27/2026 08:15 AM","CAROLINA",2,0,2
"07/27/2026 08:15 AM","MAYAGUEZ",123,0,123
"07/27/2026 08:15 AM","PONCE",103,0,103
"07/27/2026 08:15 AM","SAN JUAN",77,105,182
"07/27/2026 08:15 AM","ARECIBO",447,0,447
"07/27/2026 08:15 AM","BAYAMON",60,0,60
"07/27/2026 08:15 AM","CAGUAS",105,0,105
"07/27/2026 08:15 AM","CAROLINA",2,0,2
"07/27/2026 08:15 AM","MAYAGUEZ",123,0,123
"07/27/2026 08:15 AM","PONCE",103,0,103
"07/27/2026 08:15 AM","SAN JUAN",77,105,182
"07/27/2026 08:20 AM","ARECIBO",459,0,459
"07/27/2026 08:20 AM","BAYAMON",77,0,77
"07/27/2026 08:20 AM","CAGUAS",109,0,109
"07/27/2026 08:20 AM","CAROLINA",2,0,2
"07/27/2026 08:20 AM","MAYAGUEZ",123,0,123
"07/27/2026 08:20 AM","PONCE",104,0,104
"07/27/2026 08:20 AM","SAN JUAN",79,105,184
"07/27/2026 08:20 AM","ARECIBO",459,0,459
"07/27/2026 08:20 AM","BAYAMON",77,0,77
"07/27/2026 08:20 AM","CAGUAS",109,0,109
"07/27/2026 08:20 AM","CAROLINA",2,0,2
"07/27/2026 08:20 AM","MAYAGUEZ",123,0,123
"07/27/2026 08:20 AM","PONCE",104,0,104
"07/27/2026 08:20 AM","SAN JUAN",79,105,184
"07/27/2026 08:20 AM","ARECIBO",459,0,459
"07/27/2026 08:20 AM","BAYAMON",77,0,77
"07/27/2026 08:20 AM","CAGUAS",109,0,109
"07/27/2026 08:20 AM","CAROLINA",2,0,2
"07/27/2026 08:20 AM","MAYAGUEZ",123,0,123
"07/27/2026 08:20 AM","PONCE",104,0,104
"07/27/2026 08:20 AM","SAN JUAN",79,105,184
"07/27/2026 08:25 AM","ARECIBO",459,0,459
"07/27/2026 08:25 AM","BAYAMON",182,0,182
"07/27/2026 08:25 AM","CAGUAS",108,0,108
"07/27/2026 08:25 AM","CAROLINA",3,0,3
"07/27/2026 08:25 AM","MAYAGUEZ",131,0,131
"07/27/2026 08:25 AM","PONCE",104,0,104
"07/27/2026 08:25 AM","SAN JUAN",81,105,186
"07/27/2026 08:25 AM","ARECIBO",459,0,459
"07/27/2026 08:25 AM","BAYAMON",182,0,182
"07/27/2026 08:25 AM","CAGUAS",108,0,108
"07/27/2026 08:25 AM","CAROLINA",3,0,3
"07/27/2026 08:25 AM","MAYAGUEZ",131,0,131
"07/27/2026 08:25 AM","PONCE",104,0,104
"07/27/2026 08:25 AM","SAN JUAN",81,105,186
"07/27/2026 10:50 AM","ARECIBO",574,0,574
"07/27/2026 10:50 AM","BAYAMON",314,0,314
"07/27/2026 10:50 AM","CAGUAS",87,0,87
"07/27/2026 10:50 AM","CAROLINA",1,0,1
"07/27/2026 10:50 AM","MAYAGUEZ",99,0,99
"07/27/2026 10:50 AM","PONCE",20,61,81
"07/27/2026 10:50 AM","SAN JUAN",2679,1312,3991
"07/27/2026 10:55 AM","ARECIBO",574,0,574
"07/27/2026 10:55 AM","BAYAMON",125,0,125
"07/27/2026 10:55 AM","CAGUAS",98,0,98
"07/27/2026 10:55 AM","CAROLINA",11,0,11
"07/27/2026 10:55 AM","MAYAGUEZ",99,0,99
"07/27/2026 10:55 AM","PONCE",20,61,81
"07/27/2026 10:55 AM","SAN JUAN",2974,1312,4286
"07/27/2026 10:55 AM","ARECIBO",574,0,574
"07/27/2026 10:55 AM","BAYAMON",125,0,125
"07/27/2026 10:55 AM","CAGUAS",98,0,98
"07/27/2026 10:55 AM","CAROLINA",11,0,11
"07/27/2026 10:55 AM","MAYAGUEZ",99,0,99
"07/27/2026 10:55 AM","PONCE",20,61,81
"07/27/2026 10:55 AM","SAN JUAN",2974,1312,4286
"07/27/2026 11:00 AM","ARECIBO",574,0,574
"07/27/2026 11:00 AM","BAYAMON",143,0,143
"07/27/2026 11:00 AM","CAGUAS",99,0,99
"07/27/2026 11:00 AM","CAROLINA",11,0,11
"07/27/2026 11:00 AM","MAYAGUEZ",99,0,99
"07/27/2026 11:00 AM","PONCE",20,61,81
"07/27/2026 11:00 AM","SAN JUAN",2976,1312,4288
"07/27/2026 11:00 AM","ARECIBO",574,0,574
"07/27/2026 11:00 AM","BAYAMON",143,0,143
"07/27/2026 11:00 AM","CAGUAS",99,0,99
"07/27/2026 11:00 AM","CAROLINA",11,0,11
"07/27/2026 11:00 AM","MAYAGUEZ",99,0,99
"07/27/2026 11:00 AM","PONCE",20,61,81
"07/27/2026 11:00 AM","SAN JUAN",2976,1312,4288
"07/27/2026 11:00 AM","ARECIBO",574,0,574
"07/27/2026 11:00 AM","BAYAMON",143,0,143
"07/27/2026 11:00 AM","CAGUAS",99,0,99
"07/27/2026 11:00 AM","CAROLINA",11,0,11
"07/27/2026 11:00 AM","MAYAGUEZ",99,0,99
"07/27/2026 11:00 AM","PONCE",20,61,81
"07/27/2026 11:00 AM","SAN JUAN",2976,1312,4288
"07/27/2026 11:05 AM","ARECIBO",574,0,574
"07/27/2026 11:05 AM","BAYAMON",125,0,125
"07/27/2026 11:05 AM","CAGUAS",98,0,98
"07/27/2026 11:05 AM","CAROLINA",11,0,11
"07/27/2026 11:05 AM","MAYAGUEZ",99,0,99
"07/27/2026 11:05 AM","PONCE",20,61,81
"07/27/2026 11:05 AM","SAN JUAN",2976,1312,4288
"07/27/2026 11:05 AM","ARECIBO",574,0,574
"07/27/2026 11:05 AM","BAYAMON",125,0,125
"07/27/2026 11:05 AM","CAGUAS",98,0,98
"07/27/2026 11:05 AM","CAROLINA",11,0,11
"07/27/2026 11:05 AM","MAYAGUEZ",99,0,99
"07/27/2026 11:05 AM","PONCE",20,61,81
"07/27/2026 11:05 AM","SAN JUAN",2976,1312,4288
"07/27/2026 11:10 AM","ARECIBO",575,0,575
"07/27/2026 11:10 AM","BAYAMON",125,0,125
"07/27/2026 11:10 AM","CAGUAS",262,0,262
"07/27/2026 11:10 AM","CAROLINA",11,0,11
"07/27/2026 11:10 AM","MAYAGUEZ",99,0,99
"07/27/2026 11:10 AM","PONCE",20,61,81
"07/27/2026 11:10 AM","SAN JUAN",2912,1312,4224
"07/27/2026 11:10 AM","ARECIBO",575,0,575
"07/27/2026 11:10 AM","BAYAMON",125,0,125
"07/27/2026 11:10 AM","CAGUAS",262,0,262
"07/27/2026 11:10 AM","CAROLINA",11,0,11
"07/27/2026 11:10 AM","MAYAGUEZ",99,0,99
"07/27/2026 11:10 AM","PONCE",20,61,81
"07/27/2026 11:10 AM","SAN JUAN",2912,1312,4224
"07/27/2026 11:15 AM","ARECIBO",577,0,577
"07/27/2026 11:15 AM","BAYAMON",124,0,124
"07/27/2026 11:15 AM","CAGUAS",262,0,262
"07/27/2026 11:15 AM","CAROLINA",11,0,11
"07/27/2026 11:15 AM","MAYAGUEZ",99,0,99
"07/27/2026 11:15 AM","PONCE",20,61,81
"07/27/2026 11:15 AM","SAN JUAN",2912,1312,4224
"07/27/2026 11:15 AM","ARECIBO",577,0,577
"07/27/2026 11:15 AM","BAYAMON",124,0,124
"07/27/2026 11:15 AM","CAGUAS",262,0,262
"07/27/2026 11:15 AM","CAROLINA",11,0,11
"07/27/2026 11:15 AM","MAYAGUEZ",99,0,99
"07/27/2026 11:15 AM","PONCE",20,61,81
"07/27/2026 11:15 AM","SAN JUAN",2912,1312,4224
"07/27/2026 11:15 AM","ARECIBO",577,0,577
"07/27/2026 11:15 AM","BAYAMON",124,0,124
"07/27/2026 11:15 AM","CAGUAS",262,0,262
"07/27/2026 11:15 AM","CAROLINA",11,0,11
"07/27/2026 11:15 AM","MAYAGUEZ",99,0,99
"07/27/2026 11:15 AM","PONCE",20,61,81
"07/27/2026 11:15 AM","SAN JUAN",2912,1312,4224
"07/27/2026 11:20 AM","ARECIBO",577,0,577
"07/27/2026 11:20 AM","BAYAMON",222,0,222
"07/27/2026 11:20 AM","CAGUAS",263,0,263
"07/27/2026 11:20 AM","CAROLINA",11,0,11
"07/27/2026 11:20 AM","MAYAGUEZ",99,0,99
"07/27/2026 11:20 AM","PONCE",21,61,82
"07/27/2026 11:20 AM","SAN JUAN",2914,1312,4226
"07/27/2026 11:20 AM","ARECIBO",577,0,577
"07/27/2026 11:20 AM","BAYAMON",222,0,222
"07/27/2026 11:20 AM","CAGUAS",263,0,263
"07/27/2026 11:20 AM","CAROLINA",11,0,11
"07/27/2026 11:20 AM","MAYAGUEZ",99,0,99
"07/27/2026 11:20 AM","PONCE",21,61,82
"07/27/2026 11:20 AM","SAN JUAN",2914,1312,4226
"07/27/2026 11:25 AM","ARECIBO",578,0,578
"07/27/2026 11:25 AM","BAYAMON",221,0,221
"07/27/2026 11:25 AM","CAGUAS",263,0,263
"07/27/2026 11:25 AM","CAROLINA",1,0,1
"07/27/2026 11:25 AM","MAYAGUEZ",114,0,114
"07/27/2026 11:25 AM","PONCE",21,61,82
"07/27/2026 11:25 AM","SAN JUAN",2914,1312,4226
"07/27/2026 11:25 AM","ARECIBO",578,0,578
"07/27/2026 11:25 AM","BAYAMON",221,0,221
"07/27/2026 11:25 AM","CAGUAS",263,0,263
"07/27/2026 11:25 AM","CAROLINA",1,0,1
"07/27/2026 11:25 AM","MAYAGUEZ",114,0,114
"07/27/2026 11:25 AM","PONCE",21,61,82
"07/27/2026 11:25 AM","SAN JUAN",2914,1312,4226
"07/27/2026 11:25 AM","ARECIBO",578,0,578
"07/27/2026 11:25 AM","BAYAMON",221,0,221
"07/27/2026 11:25 AM","CAGUAS",263,0,263
"07/27/2026 11:25 AM","CAROLINA",1,0,1
"07/27/2026 11:25 AM","MAYAGUEZ",114,0,114
"07/27/2026 11:25 AM","PONCE",21,61,82
"07/27/2026 11:25 AM","SAN JUAN",2914,1312,4226
"07/27/2026 11:30 AM","ARECIBO",578,0,578
"07/27/2026 11:30 AM","BAYAMON",225,0,225
"07/27/2026 11:30 AM","CAGUAS",263,0,263
"07/27/2026 11:30 AM","CAROLINA",1,0,1
"07/27/2026 11:30 AM","MAYAGUEZ",114,0,114
"07/27/2026 11:30 AM","PONCE",22,61,83
"07/27/2026 11:30 AM","SAN JUAN",629,1322,1951
"07/27/2026 11:30 AM","ARECIBO",578,0,578
"07/27/2026 11:30 AM","BAYAMON",225,0,225
"07/27/2026 11:30 AM","CAGUAS",263,0,263
"07/27/2026 11:30 AM","CAROLINA",1,0,1
"07/27/2026 11:30 AM","MAYAGUEZ",114,0,114
"07/27/2026 11:30 AM","PONCE",22,61,83
"07/27/2026 11:30 AM","SAN JUAN",629,1322,1951
"07/27/2026 11:35 AM","ARECIBO",579,0,579
"07/27/2026 11:35 AM","BAYAMON",225,0,225
"07/27/2026 11:35 AM","CAGUAS",264,0,264
"07/27/2026 11:35 AM","CAROLINA",1,0,1
"07/27/2026 11:35 AM","MAYAGUEZ",114,0,114
"07/27/2026 11:35 AM","PONCE",22,61,83
"07/27/2026 11:35 AM","SAN JUAN",629,1322,1951
"07/27/2026 11:35 AM","ARECIBO",579,0,579
"07/27/2026 11:35 AM","BAYAMON",225,0,225
"07/27/2026 11:35 AM","CAGUAS",264,0,264
"07/27/2026 11:35 AM","CAROLINA",1,0,1
"07/27/2026 11:35 AM","MAYAGUEZ",114,0,114
"07/27/2026 11:35 AM","PONCE",22,61,83
"07/27/2026 11:35 AM","SAN JUAN",629,1322,1951
"07/27/2026 11:35 AM","ARECIBO",579,0,579
"07/27/2026 11:35 AM","BAYAMON",225,0,225
"07/27/2026 11:35 AM","CAGUAS",264,0,264
"07/27/2026 11:35 AM","CAROLINA",1,0,1
"07/27/2026 11:35 AM","MAYAGUEZ",114,0,114
"07/27/2026 11:35 AM","PONCE",22,61,83
"07/27/2026 11:35 AM","SAN JUAN",629,1322,1951
"07/27/2026 11:40 AM","ARECIBO",578,0,578
"07/27/2026 11:40 AM","BAYAMON",235,0,235
"07/27/2026 11:40 AM","CAGUAS",264,0,264
"07/27/2026 11:40 AM","CAROLINA",1,0,1
"07/27/2026 11:40 AM","MAYAGUEZ",114,0,114
"07/27/2026 11:40 AM","PONCE",21,61,82
"07/27/2026 11:40 AM","SAN JUAN",629,1322,1951
"07/27/2026 11:40 AM","ARECIBO",578,0,578
"07/27/2026 11:40 AM","BAYAMON",235,0,235
"07/27/2026 11:40 AM","CAGUAS",264,0,264
"07/27/2026 11:40 AM","CAROLINA",1,0,1
"07/27/2026 11:40 AM","MAYAGUEZ",114,0,114
"07/27/2026 11:40 AM","PONCE",21,61,82
"07/27/2026 11:40 AM","SAN JUAN",629,1322,1951
"07/27/2026 11:45 AM","ARECIBO",578,0,578
"07/27/2026 11:45 AM","BAYAMON",235,0,235
"07/27/2026 11:45 AM","CAGUAS",264,0,264
"07/27/2026 11:45 AM","CAROLINA",2514,0,2514
"07/27/2026 11:45 AM","MAYAGUEZ",114,0,114
"07/27/2026 11:45 AM","PONCE",24,61,85
"07/27/2026 11:45 AM","SAN JUAN",629,1322,1951
"07/27/2026 11:45 AM","ARECIBO",578,0,578
"07/27/2026 11:45 AM","BAYAMON",235,0,235
"07/27/2026 11:45 AM","CAGUAS",264,0,264
"07/27/2026 11:45 AM","CAROLINA",2514,0,2514
"07/27/2026 11:45 AM","MAYAGUEZ",114,0,114
"07/27/2026 11:45 AM","PONCE",24,61,85
"07/27/2026 11:45 AM","SAN JUAN",629,1322,1951
"07/27/2026 11:45 AM","ARECIBO",578,0,578
"07/27/2026 11:45 AM","BAYAMON",235,0,235
"07/27/2026 11:45 AM","CAGUAS",264,0,264
"07/27/2026 11:45 AM","CAROLINA",2514,0,2514
"07/27/2026 11:45 AM","MAYAGUEZ",114,0,114
"07/27/2026 11:45 AM","PONCE",24,61,85
"07/27/2026 11:45 AM","SAN JUAN",629,1322,1951
"07/27/2026 01:00 PM","ARECIBO",84,0,84
"07/27/2026 01:00 PM","BAYAMON",144,0,144
"07/27/2026 01:00 PM","CAGUAS",942,0,942
"07/27/2026 01:00 PM","CAROLINA",8,0,8
"07/27/2026 01:00 PM","MAYAGUEZ",76,0,76
"07/27/2026 01:00 PM","PONCE",32,61,93
"07/27/2026 01:00 PM","SAN JUAN",405,1221,1626
"07/27/2026 01:05 PM","ARECIBO",80,0,80
"07/27/2026 01:05 PM","BAYAMON",144,0,144
"07/27/2026 01:05 PM","CAGUAS",942,0,942
"07/27/2026 01:05 PM","CAROLINA",8,0,8
"07/27/2026 01:05 PM","MAYAGUEZ",76,0,76
"07/27/2026 01:05 PM","PONCE",32,61,93
"07/27/2026 01:05 PM","SAN JUAN",107,1221,1328
"07/27/2026 01:05 PM","ARECIBO",80,0,80
"07/27/2026 01:05 PM","BAYAMON",144,0,144
"07/27/2026 01:05 PM","CAGUAS",942,0,942
"07/27/2026 01:05 PM","CAROLINA",8,0,8
"07/27/2026 01:05 PM","MAYAGUEZ",76,0,76
"07/27/2026 01:05 PM","PONCE",32,61,93
"07/27/2026 01:05 PM","SAN JUAN",107,1221,1328
"07/27/2026 01:10 PM","ARECIBO",81,0,81
"07/27/2026 01:10 PM","BAYAMON",144,0,144
"07/27/2026 01:10 PM","CAGUAS",942,0,942
"07/27/2026 01:10 PM","CAROLINA",9,0,9
"07/27/2026 01:10 PM","MAYAGUEZ",76,0,76
"07/27/2026 01:10 PM","PONCE",32,61,93
"07/27/2026 01:10 PM","SAN JUAN",107,1221,1328
"07/27/2026 01:10 PM","ARECIBO",81,0,81
"07/27/2026 01:10 PM","BAYAMON",144,0,144
"07/27/2026 01:10 PM","CAGUAS",942,0,942
"07/27/2026 01:10 PM","CAROLINA",9,0,9
"07/27/2026 01:10 PM","MAYAGUEZ",76,0,76
"07/27/2026 01:10 PM","PONCE",32,61,93
"07/27/2026 01:10 PM","SAN JUAN",107,1221,1328
"07/27/2026 01:15 PM","ARECIBO",81,0,81
"07/27/2026 01:15 PM","BAYAMON",144,0,144
"07/27/2026 01:15 PM","CAGUAS",942,0,942
"07/27/2026 01:15 PM","CAROLINA",3,0,3
"07/27/2026 01:15 PM","MAYAGUEZ",77,0,77
"07/27/2026 01:15 PM","PONCE",32,61,93
"07/27/2026 01:15 PM","SAN JUAN",107,1221,1328
"07/27/2026 01:15 PM","ARECIBO",81,0,81
"07/27/2026 01:15 PM","BAYAMON",144,0,144
"07/27/2026 01:15 PM","CAGUAS",942,0,942
"07/27/2026 01:15 PM","CAROLINA",3,0,3
"07/27/2026 01:15 PM","MAYAGUEZ",77,0,77
"07/27/2026 01:15 PM","PONCE",32,61,93
"07/27/2026 01:15 PM","SAN JUAN",107,1221,1328
"07/27/2026 01:15 PM","ARECIBO",81,0,81
"07/27/2026 01:15 PM","BAYAMON",144,0,144
"07/27/2026 01:15 PM","CAGUAS",942,0,942
"07/27/2026 01:15 PM","CAROLINA",3,0,3
"07/27/2026 01:15 PM","MAYAGUEZ",77,0,77
"07/27/2026 01:15 PM","PONCE",32,61,93
"07/27/2026 01:15 PM","SAN JUAN",107,1221,1328
"07/27/2026 01:20 PM","ARECIBO",81,0,81
"07/27/2026 01:20 PM","BAYAMON",144,0,144
"07/27/2026 01:20 PM","CAGUAS",943,0,943
"07/27/2026 01:20 PM","CAROLINA",3,0,3
"07/27/2026 01:20 PM","MAYAGUEZ",77,0,77
"07/27/2026 01:20 PM","PONCE",32,61,93
"07/27/2026 01:20 PM","SAN JUAN",8,1221,1229
"07/27/2026 01:20 PM","ARECIBO",81,0,81
"07/27/2026 01:20 PM","BAYAMON",144,0,144
"07/27/2026 01:20 PM","CAGUAS",943,0,943
"07/27/2026 01:20 PM","CAROLINA",3,0,3
"07/27/2026 01:20 PM","MAYAGUEZ",77,0,77
"07/27/2026 01:20 PM","PONCE",32,61,93
"07/27/2026 01:20 PM","SAN JUAN",8,1221,1229
"07/27/2026 01:25 PM","ARECIBO",81,0,81
"07/27/2026 01:25 PM","BAYAMON",145,0,145
"07/27/2026 01:25 PM","CAGUAS",942,0,942
"07/27/2026 01:25 PM","CAROLINA",2,0,2
"07/27/2026 01:25 PM","MAYAGUEZ",77,0,77
"07/27/2026 01:25 PM","PONCE",31,61,92
"07/27/2026 01:25 PM","SAN JUAN",5,1221,1226
"07/27/2026 01:25 PM","ARECIBO",81,0,81
"07/27/2026 01:25 PM","BAYAMON",145,0,145
"07/27/2026 01:25 PM","CAGUAS",942,0,942
"07/27/2026 01:25 PM","CAROLINA",2,0,2
"07/27/2026 01:25 PM","MAYAGUEZ",77,0,77
"07/27/2026 01:25 PM","PONCE",31,61,92
"07/27/2026 01:25 PM","SAN JUAN",5,1221,1226
"07/27/2026 01:25 PM","ARECIBO",81,0,81
"07/27/2026 01:25 PM","BAYAMON",145,0,145
"07/27/2026 01:25 PM","CAGUAS",942,0,942
"07/27/2026 01:25 PM","CAROLINA",2,0,2
"07/27/2026 01:25 PM","MAYAGUEZ",77,0,77
"07/27/2026 01:25 PM","PONCE",31,61,92
"07/27/2026 01:25 PM","SAN JUAN",5,1221,1226
"07/27/2026 01:30 PM","ARECIBO",81,0,81
"07/27/2026 01:30 PM","BAYAMON",127,0,127
"07/27/2026 01:30 PM","CAGUAS",776,0,776
"07/27/2026 01:30 PM","CAROLINA",2,0,2
"07/27/2026 01:30 PM","MAYAGUEZ",77,0,77
"07/27/2026 01:30 PM","PONCE",31,61,92
"07/27/2026 01:30 PM","SAN JUAN",4,1221,1225
"07/27/2026 01:30 PM","ARECIBO",81,0,81
"07/27/2026 01:30 PM","BAYAMON",127,0,127
"07/27/2026 01:30 PM","CAGUAS",776,0,776
"07/27/2026 01:30 PM","CAROLINA",2,0,2
"07/27/2026 01:30 PM","MAYAGUEZ",77,0,77
"07/27/2026 01:30 PM","PONCE",31,61,92
"07/27/2026 01:30 PM","SAN JUAN",4,1221,1225
"07/27/2026 01:35 PM","ARECIBO",80,0,80
"07/27/2026 01:35 PM","BAYAMON",129,0,129
"07/27/2026 01:35 PM","CAGUAS",776,0,776
"07/27/2026 01:35 PM","CAROLINA",2,0,2
"07/27/2026 01:35 PM","MAYAGUEZ",110,0,110
"07/27/2026 01:35 PM","PONCE",31,61,92
"07/27/2026 01:35 PM","SAN JUAN",4,1221,1225
"07/27/2026 01:35 PM","ARECIBO",80,0,80
"07/27/2026 01:35 PM","BAYAMON",129,0,129
"07/27/2026 01:35 PM","CAGUAS",776,0,776
"07/27/2026 01:35 PM","CAROLINA",2,0,2
"07/27/2026 01:35 PM","MAYAGUEZ",110,0,110
"07/27/2026 01:35 PM","PONCE",31,61,92
"07/27/2026 01:35 PM","SAN JUAN",4,1221,1225
"07/27/2026 01:35 PM","ARECIBO",80,0,80
"07/27/2026 01:35 PM","BAYAMON",129,0,129
"07/27/2026 01:35 PM","CAGUAS",776,0,776
"07/27/2026 01:35 PM","CAROLINA",2,0,2
"07/27/2026 01:35 PM","MAYAGUEZ",110,0,110
"07/27/2026 01:35 PM","PONCE",31,61,92
"07/27/2026 01:35 PM","SAN JUAN",4,1221,1225
"07/27/2026 01:40 PM","ARECIBO",81,0,81
"07/27/2026 01:40 PM","BAYAMON",127,0,127
"07/27/2026 01:40 PM","CAGUAS",77,0,77
"07/27/2026 01:40 PM","CAROLINA",9,0,9
"07/27/2026 01:40 PM","MAYAGUEZ",112,0,112
"07/27/2026 01:40 PM","PONCE",31,61,92
"07/27/2026 01:40 PM","SAN JUAN",5,1221,1226
"07/27/2026 01:40 PM","ARECIBO",81,0,81
"07/27/2026 01:40 PM","BAYAMON",127,0,127
"07/27/2026 01:40 PM","CAGUAS",77,0,77
"07/27/2026 01:40 PM","CAROLINA",9,0,9
"07/27/2026 01:40 PM","MAYAGUEZ",112,0,112
"07/27/2026 01:40 PM","PONCE",31,61,92
"07/27/2026 01:40 PM","SAN JUAN",5,1221,1226
"07/27/2026 01:45 PM","ARECIBO",81,0,81
"07/27/2026 01:45 PM","BAYAMON",128,0,128
"07/27/2026 01:45 PM","CAGUAS",78,0,78
"07/27/2026 01:45 PM","CAROLINA",9,0,9
"07/27/2026 01:45 PM","MAYAGUEZ",113,0,113
"07/27/2026 01:45 PM","PONCE",31,61,92
"07/27/2026 01:45 PM","SAN JUAN",4,1221,1225
"07/27/2026 01:45 PM","ARECIBO",81,0,81
"07/27/2026 01:45 PM","BAYAMON",128,0,128
"07/27/2026 01:45 PM","CAGUAS",78,0,78
"07/27/2026 01:45 PM","CAROLINA",9,0,9
"07/27/2026 01:45 PM","MAYAGUEZ",113,0,113
"07/27/2026 01:45 PM","PONCE",31,61,92
"07/27/2026 01:45 PM","SAN JUAN",4,1221,1225
"07/27/2026 01:45 PM","ARECIBO",81,0,81
"07/27/2026 01:45 PM","BAYAMON",128,0,128
"07/27/2026 01:45 PM","CAGUAS",78,0,78
"07/27/2026 01:45 PM","CAROLINA",9,0,9
"07/27/2026 01:45 PM","MAYAGUEZ",113,0,113
"07/27/2026 01:45 PM","PONCE",31,61,92
"07/27/2026 01:45 PM","SAN JUAN",4,1221,1225
"07/27/2026 01:50 PM","ARECIBO",81,0,81
"07/27/2026 01:50 PM","BAYAMON",127,0,127
"07/27/2026 01:50 PM","CAGUAS",78,0,78
"07/27/2026 01:50 PM","CAROLINA",9,0,9
"07/27/2026 01:50 PM","MAYAGUEZ",113,0,113
"07/27/2026 01:50 PM","PONCE",31,61,92
"07/27/2026 01:50 PM","SAN JUAN",3,1221,1224
"07/27/2026 01:50 PM","ARECIBO",81,0,81
"07/27/2026 01:50 PM","BAYAMON",127,0,127
"07/27/2026 01:50 PM","CAGUAS",78,0,78
"07/27/2026 01:50 PM","CAROLINA",9,0,9
"07/27/2026 01:50 PM","MAYAGUEZ",113,0,113
"07/27/2026 01:50 PM","PONCE",31,61,92
"07/27/2026 01:50 PM","SAN JUAN",3,1221,1224
"07/27/2026 01:55 PM","ARECIBO",82,0,82
"07/27/2026 01:55 PM","BAYAMON",128,0,128
"07/27/2026 01:55 PM","CAGUAS",78,0,78
"07/27/2026 01:55 PM","CAROLINA",9,0,9
"07/27/2026 01:55 PM","MAYAGUEZ",1305,0,1305
"07/27/2026 01:55 PM","PONCE",16,61,77
"07/27/2026 01:55 PM","SAN JUAN",3,1221,1224
"07/27/2026 01:55 PM","ARECIBO",82,0,82
"07/27/2026 01:55 PM","BAYAMON",128,0,128
"07/27/2026 01:55 PM","CAGUAS",78,0,78
"07/27/2026 01:55 PM","CAROLINA",9,0,9
"07/27/2026 01:55 PM","MAYAGUEZ",1305,0,1305
"07/27/2026 01:55 PM","PONCE",16,61,77
"07/27/2026 01:55 PM","SAN JUAN",3,1221,1224
"07/27/2026 01:55 PM","ARECIBO",82,0,82
"07/27/2026 01:55 PM","BAYAMON",128,0,128
"07/27/2026 01:55 PM","CAGUAS",78,0,78
"07/27/2026 01:55 PM","CAROLINA",9,0,9
"07/27/2026 01:55 PM","MAYAGUEZ",1305,0,1305
"07/27/2026 01:55 PM","PONCE",16,61,77
"07/27/2026 01:55 PM","SAN JUAN",3,1221,1224
"07/27/2026 03:45 PM","ARECIBO",209,0,209
"07/27/2026 03:45 PM","BAYAMON",36,0,36
"07/27/2026 03:45 PM","CAGUAS",1325,0,1325
"07/27/2026 03:45 PM","CAROLINA",2,0,2
"07/27/2026 03:45 PM","MAYAGUEZ",508,0,508
"07/27/2026 03:45 PM","PONCE",5,61,66
"07/27/2026 03:45 PM","SAN JUAN",1554,0,1554
"07/27/2026 03:45 PM","ARECIBO",209,0,209
"07/27/2026 03:45 PM","BAYAMON",36,0,36
"07/27/2026 03:45 PM","CAGUAS",1325,0,1325
"07/27/2026 03:45 PM","CAROLINA",2,0,2
"07/27/2026 03:45 PM","MAYAGUEZ",508,0,508
"07/27/2026 03:45 PM","PONCE",5,61,66
"07/27/2026 03:45 PM","SAN JUAN",1554,0,1554
"07/27/2026 03:50 PM","ARECIBO",224,0,224
"07/27/2026 03:50 PM","BAYAMON",36,0,36
"07/27/2026 03:50 PM","CAGUAS",1403,0,1403
"07/27/2026 03:50 PM","CAROLINA",2,0,2
"07/27/2026 03:50 PM","MAYAGUEZ",507,0,507
"07/27/2026 03:50 PM","PONCE",4,61,65
"07/27/2026 03:50 PM","SAN JUAN",1409,0,1409
"07/27/2026 03:50 PM","ARECIBO",224,0,224
"07/27/2026 03:50 PM","BAYAMON",36,0,36
"07/27/2026 03:50 PM","CAGUAS",1403,0,1403
"07/27/2026 03:50 PM","CAROLINA",2,0,2
"07/27/2026 03:50 PM","MAYAGUEZ",507,0,507
"07/27/2026 03:50 PM","PONCE",4,61,65
"07/27/2026 03:50 PM","SAN JUAN",1409,0,1409
"07/27/2026 03:55 PM","ARECIBO",312,0,312
"07/27/2026 03:55 PM","BAYAMON",36,0,36
"07/27/2026 03:55 PM","CAGUAS",1403,0,1403
"07/27/2026 03:55 PM","CAROLINA",1,0,1
"07/27/2026 03:55 PM","MAYAGUEZ",422,0,422
"07/27/2026 03:55 PM","PONCE",4,61,65
"07/27/2026 03:55 PM","SAN JUAN",1410,0,1410
"07/27/2026 03:55 PM","ARECIBO",312,0,312
"07/27/2026 03:55 PM","BAYAMON",36,0,36
"07/27/2026 03:55 PM","CAGUAS",1403,0,1403
"07/27/2026 03:55 PM","CAROLINA",1,0,1
"07/27/2026 03:55 PM","MAYAGUEZ",422,0,422
"07/27/2026 03:55 PM","PONCE",4,61,65
"07/27/2026 03:55 PM","SAN JUAN",1410,0,1410
"07/27/2026 03:55 PM","ARECIBO",312,0,312
"07/27/2026 03:55 PM","BAYAMON",36,0,36
"07/27/2026 03:55 PM","CAGUAS",1403,0,1403
"07/27/2026 03:55 PM","CAROLINA",1,0,1
"07/27/2026 03:55 PM","MAYAGUEZ",422,0,422
"07/27/2026 03:55 PM","PONCE",4,61,65
"07/27/2026 03:55 PM","SAN JUAN",1410,0,1410
"07/27/2026 04:00 PM","ARECIBO",311,0,311
"07/27/2026 04:00 PM","BAYAMON",36,0,36
"07/27/2026 04:00 PM","CAGUAS",1403,0,1403
"07/27/2026 04:00 PM","CAROLINA",1,0,1
"07/27/2026 04:00 PM","MAYAGUEZ",422,0,422
"07/27/2026 04:00 PM","PONCE",2,61,63
"07/27/2026 04:00 PM","SAN JUAN",1410,0,1410
"07/27/2026 04:00 PM","ARECIBO",311,0,311
"07/27/2026 04:00 PM","BAYAMON",36,0,36
"07/27/2026 04:00 PM","CAGUAS",1403,0,1403
"07/27/2026 04:00 PM","CAROLINA",1,0,1
"07/27/2026 04:00 PM","MAYAGUEZ",422,0,422
"07/27/2026 04:00 PM","PONCE",2,61,63
"07/27/2026 04:00 PM","SAN JUAN",1410,0,1410
"07/27/2026 04:05 PM","ARECIBO",311,0,311
"07/27/2026 04:05 PM","BAYAMON",36,0,36
"07/27/2026 04:05 PM","CAGUAS",1403,0,1403
"07/27/2026 04:05 PM","CAROLINA",1,0,1
"07/27/2026 04:05 PM","MAYAGUEZ",422,0,422
"07/27/2026 04:05 PM","PONCE",6,61,67
"07/27/2026 04:05 PM","SAN JUAN",1410,0,1410
"07/27/2026 04:05 PM","ARECIBO",311,0,311
"07/27/2026 04:05 PM","BAYAMON",36,0,36
"07/27/2026 04:05 PM","CAGUAS",1403,0,1403
"07/27/2026 04:05 PM","CAROLINA",1,0,1
"07/27/2026 04:05 PM","MAYAGUEZ",422,0,422
"07/27/2026 04:05 PM","PONCE",6,61,67
"07/27/2026 04:05 PM","SAN JUAN",1410,0,1410
"07/27/2026 04:05 PM","ARECIBO",311,0,311
"07/27/2026 04:05 PM","BAYAMON",36,0,36
"07/27/2026 04:05 PM","CAGUAS",1403,0,1403
"07/27/2026 04:05 PM","CAROLINA",1,0,1
"07/27/2026 04:05 PM","MAYAGUEZ",422,0,422
"07/27/2026 04:05 PM","PONCE",6,61,67
"07/27/2026 04:05 PM","SAN JUAN",1410,0,1410
"07/27/2026 04:10 PM","ARECIBO",315,0,315
"07/27/2026 04:10 PM","BAYAMON",36,0,36
"07/27/2026 04:10 PM","CAGUAS",1403,0,1403
"07/27/2026 04:10 PM","CAROLINA",2,0,2
"07/27/2026 04:10 PM","MAYAGUEZ",422,0,422
"07/27/2026 04:10 PM","PONCE",14,61,75
"07/27/2026 04:10 PM","SAN JUAN",1410,0,1410
"07/27/2026 04:10 PM","ARECIBO",315,0,315
"07/27/2026 04:10 PM","BAYAMON",36,0,36
"07/27/2026 04:10 PM","CAGUAS",1403,0,1403
"07/27/2026 04:10 PM","CAROLINA",2,0,2
"07/27/2026 04:10 PM","MAYAGUEZ",422,0,422
"07/27/2026 04:10 PM","PONCE",14,61,75
"07/27/2026 04:10 PM","SAN JUAN",1410,0,1410
"07/27/2026 04:15 PM","ARECIBO",315,0,315
"07/27/2026 04:15 PM","BAYAMON",37,0,37
"07/27/2026 04:15 PM","CAGUAS",1404,0,1404
"07/27/2026 04:15 PM","CAROLINA",2,0,2
"07/27/2026 04:15 PM","MAYAGUEZ",422,0,422
"07/27/2026 04:15 PM","PONCE",17,61,78
"07/27/2026 04:15 PM","SAN JUAN",1410,0,1410
"07/27/2026 04:15 PM","ARECIBO",315,0,315
"07/27/2026 04:15 PM","BAYAMON",37,0,37
"07/27/2026 04:15 PM","CAGUAS",1404,0,1404
"07/27/2026 04:15 PM","CAROLINA",2,0,2
"07/27/2026 04:15 PM","MAYAGUEZ",422,0,422
"07/27/2026 04:15 PM","PONCE",17,61,78
"07/27/2026 04:15 PM","SAN JUAN",1410,0,1410
"07/27/2026 04:15 PM","ARECIBO",315,0,315
"07/27/2026 04:15 PM","BAYAMON",37,0,37
"07/27/2026 04:15 PM","CAGUAS",1404,0,1404
"07/27/2026 04:15 PM","CAROLINA",2,0,2
"07/27/2026 04:15 PM","MAYAGUEZ",422,0,422
"07/27/2026 04:15 PM","PONCE",17,61,78
"07/27/2026 04:15 PM","SAN JUAN",1410,0,1410
"07/27/2026 04:20 PM","ARECIBO",318,0,318
"07/27/2026 04:20 PM","BAYAMON",37,0,37
"07/27/2026 04:20 PM","CAGUAS",1403,0,1403
"07/27/2026 04:20 PM","CAROLINA",2,0,2
"07/27/2026 04:20 PM","MAYAGUEZ",422,0,422
"07/27/2026 04:20 PM","PONCE",17,61,78
"07/27/2026 04:20 PM","SAN JUAN",1409,0,1409
"07/27/2026 04:20 PM","ARECIBO",318,0,318
"07/27/2026 04:20 PM","BAYAMON",37,0,37
"07/27/2026 04:20 PM","CAGUAS",1403,0,1403
"07/27/2026 04:20 PM","CAROLINA",2,0,2
"07/27/2026 04:20 PM","MAYAGUEZ",422,0,422
"07/27/2026 04:20 PM","PONCE",17,61,78
"07/27/2026 04:20 PM","SAN JUAN",1409,0,1409
"07/27/2026 04:25 PM","ARECIBO",801,0,801
"07/27/2026 04:25 PM","BAYAMON",37,0,37
"07/27/2026 04:25 PM","CAGUAS",1403,0,1403
"07/27/2026 04:25 PM","CAROLINA",1,0,1
"07/27/2026 04:25 PM","MAYAGUEZ",422,0,422
"07/27/2026 04:25 PM","PONCE",17,61,78
"07/27/2026 04:25 PM","SAN JUAN",1410,0,1410
"07/27/2026 04:25 PM","ARECIBO",801,0,801
"07/27/2026 04:25 PM","BAYAMON",37,0,37
"07/27/2026 04:25 PM","CAGUAS",1403,0,1403
"07/27/2026 04:25 PM","CAROLINA",1,0,1
"07/27/2026 04:25 PM","MAYAGUEZ",422,0,422
"07/27/2026 04:25 PM","PONCE",17,61,78
"07/27/2026 04:25 PM","SAN JUAN",1410,0,1410
"07/27/2026 04:25 PM","ARECIBO",801,0,801
"07/27/2026 04:25 PM","BAYAMON",37,0,37
"07/27/2026 04:25 PM","CAGUAS",1403,0,1403
"07/27/2026 04:25 PM","CAROLINA",1,0,1
"07/27/2026 04:25 PM","MAYAGUEZ",422,0,422
"07/27/2026 04:25 PM","PONCE",17,61,78
"07/27/2026 04:25 PM","SAN JUAN",1410,0,1410
"07/27/2026 04:30 PM","ARECIBO",800,0,800
"07/27/2026 04:30 PM","BAYAMON",37,0,37
"07/27/2026 04:30 PM","CAGUAS",1376,0,1376
"07/27/2026 04:30 PM","CAROLINA",1,0,1
"07/27/2026 04:30 PM","MAYAGUEZ",423,0,423
"07/27/2026 04:30 PM","PONCE",17,61,78
"07/27/2026 04:30 PM","SAN JUAN",1410,0,1410
"07/27/2026 04:30 PM","ARECIBO",800,0,800
"07/27/2026 04:30 PM","BAYAMON",37,0,37
"07/27/2026 04:30 PM","CAGUAS",1376,0,1376
"07/27/2026 04:30 PM","CAROLINA",1,0,1
"07/27/2026 04:30 PM","MAYAGUEZ",423,0,423
"07/27/2026 04:30 PM","PONCE",17,61,78
"07/27/2026 04:30 PM","SAN JUAN",1410,0,1410
"07/27/2026 04:35 PM","ARECIBO",793,0,793
"07/27/2026 04:35 PM","BAYAMON",37,0,37
"07/27/2026 04:35 PM","CAGUAS",1376,0,1376
"07/27/2026 04:35 PM","CAROLINA",1,0,1
"07/27/2026 04:35 PM","MAYAGUEZ",352,0,352
"07/27/2026 04:35 PM","PONCE",16,61,77
"07/27/2026 04:35 PM","SAN JUAN",1410,0,1410
"07/27/2026 04:35 PM","ARECIBO",793,0,793
"07/27/2026 04:35 PM","BAYAMON",37,0,37
"07/27/2026 04:35 PM","CAGUAS",1376,0,1376
"07/27/2026 04:35 PM","CAROLINA",1,0,1
"07/27/2026 04:35 PM","MAYAGUEZ",352,0,352
"07/27/2026 04:35 PM","PONCE",16,61,77
"07/27/2026 04:35 PM","SAN JUAN",1410,0,1410
"07/27/2026 04:35 PM","ARECIBO",793,0,793
"07/27/2026 04:35 PM","BAYAMON",37,0,37
"07/27/2026 04:35 PM","CAGUAS",1376,0,1376
"07/27/2026 04:35 PM","CAROLINA",1,0,1
"07/27/2026 04:35 PM","MAYAGUEZ",352,0,352
"07/27/2026 04:35 PM","PONCE",16,61,77
"07/27/2026 04:35 PM","SAN JUAN",1410,0,1410
"07/27/2026 04:40 PM","ARECIBO",794,0,794
"07/27/2026 04:40 PM","BAYAMON",36,0,36
"07/27/2026 04:40 PM","CAGUAS",1376,0,1376
"07/27/2026 04:40 PM","CAROLINA",1,0,1
"07/27/2026 04:40 PM","MAYAGUEZ",353,0,353
"07/27/2026 04:40 PM","PONCE",27,61,88
"07/27/2026 04:40 PM","SAN JUAN",1410,0,1410
"07/27/2026 05:15 PM","ARECIBO",1101,0,1101
"07/27/2026 05:15 PM","BAYAMON",30,0,30
"07/27/2026 05:15 PM","CAGUAS",1362,0,1362
"07/27/2026 05:15 PM","CAROLINA",0,0,0
"07/27/2026 05:15 PM","MAYAGUEZ",768,0,768
"07/27/2026 05:15 PM","PONCE",27,61,88
"07/27/2026 05:15 PM","SAN JUAN",701,0,701
"07/27/2026 05:20 PM","ARECIBO",1103,0,1103
"07/27/2026 05:20 PM","BAYAMON",30,0,30
"07/27/2026 05:20 PM","CAGUAS",1361,0,1361
"07/27/2026 05:20 PM","CAROLINA",0,0,0
"07/27/2026 05:20 PM","MAYAGUEZ",767,0,767
"07/27/2026 05:20 PM","PONCE",27,61,88
"07/27/2026 05:20 PM","SAN JUAN",701,0,701
"07/27/2026 05:20 PM","ARECIBO",1103,0,1103
"07/27/2026 05:20 PM","BAYAMON",30,0,30
"07/27/2026 05:20 PM","CAGUAS",1361,0,1361
"07/27/2026 05:20 PM","CAROLINA",0,0,0
"07/27/2026 05:20 PM","MAYAGUEZ",767,0,767
"07/27/2026 05:20 PM","PONCE",27,61,88
"07/27/2026 05:20 PM","SAN JUAN",701,0,701
"07/27/2026 05:25 PM","ARECIBO",1141,0,1141
"07/27/2026 05:25 PM","BAYAMON",30,0,30
"07/27/2026 05:25 PM","CAGUAS",1361,0,1361
"07/27/2026 05:25 PM","CAROLINA",0,0,0
"07/27/2026 05:25 PM","MAYAGUEZ",767,0,767
"07/27/2026 05:25 PM","PONCE",19,61,80
"07/27/2026 05:25 PM","SAN JUAN",702,0,702
"07/27/2026 05:25 PM","ARECIBO",1141,0,1141
"07/27/2026 05:25 PM","BAYAMON",30,0,30
"07/27/2026 05:25 PM","CAGUAS",1361,0,1361
"07/27/2026 05:25 PM","CAROLINA",0,0,0
"07/27/2026 05:25 PM","MAYAGUEZ",767,0,767
"07/27/2026 05:25 PM","PONCE",19,61,80
"07/27/2026 05:25 PM","SAN JUAN",702,0,702
"07/27/2026 05:25 PM","ARECIBO",1141,0,1141
"07/27/2026 05:25 PM","BAYAMON",30,0,30
"07/27/2026 05:25 PM","CAGUAS",1361,0,1361
"07/27/2026 05:25 PM","CAROLINA",0,0,0
"07/27/2026 05:25 PM","MAYAGUEZ",767,0,767
"07/27/2026 05:25 PM","PONCE",19,61,80
"07/27/2026 05:25 PM","SAN JUAN",702,0,702
"07/27/2026 05:30 PM","ARECIBO",1141,0,1141
"07/27/2026 05:30 PM","BAYAMON",30,0,30
"07/27/2026 05:30 PM","CAGUAS",1361,0,1361
"07/27/2026 05:30 PM","CAROLINA",0,0,0
"07/27/2026 05:30 PM","MAYAGUEZ",768,0,768
"07/27/2026 05:30 PM","PONCE",19,61,80
"07/27/2026 05:30 PM","SAN JUAN",702,0,702
"07/27/2026 05:30 PM","ARECIBO",1141,0,1141
"07/27/2026 05:30 PM","BAYAMON",30,0,30
"07/27/2026 05:30 PM","CAGUAS",1361,0,1361
"07/27/2026 05:30 PM","CAROLINA",0,0,0
"07/27/2026 05:30 PM","MAYAGUEZ",768,0,768
"07/27/2026 05:30 PM","PONCE",19,61,80
"07/27/2026 05:30 PM","SAN JUAN",702,0,702
"07/27/2026 05:35 PM","ARECIBO",860,0,860
"07/27/2026 05:35 PM","BAYAMON",31,0,31
"07/27/2026 05:35 PM","CAGUAS",1361,0,1361
"07/27/2026 05:35 PM","CAROLINA",0,0,0
"07/27/2026 05:35 PM","MAYAGUEZ",770,0,770
"07/27/2026 05:35 PM","PONCE",19,0,19
"07/27/2026 05:35 PM","SAN JUAN",703,0,703
"07/27/2026 05:35 PM","ARECIBO",860,0,860
"07/27/2026 05:35 PM","BAYAMON",31,0,31
"07/27/2026 05:35 PM","CAGUAS",1361,0,1361
"07/27/2026 05:35 PM","CAROLINA",0,0,0
"07/27/2026 05:35 PM","MAYAGUEZ",770,0,770
"07/27/2026 05:35 PM","PONCE",19,0,19
"07/27/2026 05:35 PM","SAN JUAN",703,0,703
"07/27/2026 05:35 PM","ARECIBO",860,0,860
"07/27/2026 05:35 PM","BAYAMON",31,0,31
"07/27/2026 05:35 PM","CAGUAS",1361,0,1361
"07/27/2026 05:35 PM","CAROLINA",0,0,0
"07/27/2026 05:35 PM","MAYAGUEZ",770,0,770
"07/27/2026 05:35 PM","PONCE",19,0,19
"07/27/2026 05:35 PM","SAN JUAN",703,0,703
"07/27/2026 05:40 PM","ARECIBO",861,0,861
"07/27/2026 05:40 PM","BAYAMON",30,0,30
"07/27/2026 05:40 PM","CAGUAS",1362,0,1362
"07/27/2026 05:40 PM","CAROLINA",0,0,0
"07/27/2026 05:40 PM","MAYAGUEZ",771,0,771
"07/27/2026 05:40 PM","PONCE",19,0,19
"07/27/2026 05:40 PM","SAN JUAN",663,0,663
"07/27/2026 05:40 PM","ARECIBO",861,0,861
"07/27/2026 05:40 PM","BAYAMON",30,0,30
"07/27/2026 05:40 PM","CAGUAS",1362,0,1362
"07/27/2026 05:40 PM","CAROLINA",0,0,0
"07/27/2026 05:40 PM","MAYAGUEZ",771,0,771
"07/27/2026 05:40 PM","PONCE",19,0,19
"07/27/2026 05:40 PM","SAN JUAN",663,0,663
"07/27/2026 05:45 PM","ARECIBO",861,0,861
"07/27/2026 05:45 PM","BAYAMON",30,0,30
"07/27/2026 05:45 PM","CAGUAS",1362,0,1362
"07/27/2026 05:45 PM","CAROLINA",0,0,0
"07/27/2026 05:45 PM","MAYAGUEZ",770,0,770
"07/27/2026 05:45 PM","PONCE",15,0,15
"07/27/2026 05:45 PM","SAN JUAN",663,0,663
"07/27/2026 05:45 PM","ARECIBO",861,0,861
"07/27/2026 05:45 PM","BAYAMON",30,0,30
"07/27/2026 05:45 PM","CAGUAS",1362,0,1362
"07/27/2026 05:45 PM","CAROLINA",0,0,0
"07/27/2026 05:45 PM","MAYAGUEZ",770,0,770
"07/27/2026 05:45 PM","PONCE",15,0,15
"07/27/2026 05:45 PM","SAN JUAN",663,0,663
"07/27/2026 05:45 PM","ARECIBO",861,0,861
"07/27/2026 05:45 PM","BAYAMON",30,0,30
"07/27/2026 05:45 PM","CAGUAS",1362,0,1362
"07/27/2026 05:45 PM","CAROLINA",0,0,0
"07/27/2026 05:45 PM","MAYAGUEZ",770,0,770
"07/27/2026 05:45 PM","PONCE",15,0,15
"07/27/2026 05:45 PM","SAN JUAN",663,0,663
"07/27/2026 05:50 PM","ARECIBO",862,0,862
"07/27/2026 05:50 PM","BAYAMON",29,0,29
"07/27/2026 05:50 PM","CAGUAS",1362,0,1362
"07/27/2026 05:50 PM","CAROLINA",0,0,0
"07/27/2026 05:50 PM","MAYAGUEZ",835,0,835
"07/27/2026 05:50 PM","PONCE",15,0,15
"07/27/2026 05:50 PM","SAN JUAN",663,0,663
"07/27/2026 05:50 PM","ARECIBO",862,0,862
"07/27/2026 05:50 PM","BAYAMON",29,0,29
"07/27/2026 05:50 PM","CAGUAS",1362,0,1362
"07/27/2026 05:50 PM","CAROLINA",0,0,0
"07/27/2026 05:50 PM","MAYAGUEZ",835,0,835
"07/27/2026 05:50 PM","PONCE",15,0,15
"07/27/2026 05:50 PM","SAN JUAN",663,0,663
"07/27/2026 05:55 PM","ARECIBO",862,0,862
"07/27/2026 05:55 PM","BAYAMON",29,0,29
"07/27/2026 05:55 PM","CAGUAS",233,0,233
"07/27/2026 05:55 PM","CAROLINA",0,0,0
"07/27/2026 05:55 PM","MAYAGUEZ",826,0,826
"07/27/2026 05:55 PM","PONCE",15,0,15
"07/27/2026 05:55 PM","SAN JUAN",663,0,663
"07/27/2026 05:55 PM","ARECIBO",862,0,862
"07/27/2026 05:55 PM","BAYAMON",29,0,29
"07/27/2026 05:55 PM","CAGUAS",233,0,233
"07/27/2026 05:55 PM","CAROLINA",0,0,0
"07/27/2026 05:55 PM","MAYAGUEZ",826,0,826
"07/27/2026 05:55 PM","PONCE",15,0,15
"07/27/2026 05:55 PM","SAN JUAN",663,0,663
"07/27/2026 05:55 PM","ARECIBO",862,0,862
"07/27/2026 05:55 PM","BAYAMON",29,0,29
"07/27/2026 05:55 PM","CAGUAS",233,0,233
"07/27/2026 05:55 PM","CAROLINA",0,0,0
"07/27/2026 05:55 PM","MAYAGUEZ",826,0,826
"07/27/2026 05:55 PM","PONCE",15,0,15
"07/27/2026 05:55 PM","SAN JUAN",663,0,663
"07/27/2026 06:00 PM","ARECIBO",862,0,862
"07/27/2026 06:00 PM","BAYAMON",30,0,30
"07/27/2026 06:00 PM","CAGUAS",234,0,234
"07/27/2026 06:00 PM","CAROLINA",0,0,0
"07/27/2026 06:00 PM","MAYAGUEZ",828,0,828
"07/27/2026 06:00 PM","PONCE",16,0,16
"07/27/2026 06:00 PM","SAN JUAN",663,0,663
"07/27/2026 06:00 PM","ARECIBO",862,0,862
"07/27/2026 06:00 PM","BAYAMON",30,0,30
"07/27/2026 06:00 PM","CAGUAS",234,0,234
"07/27/2026 06:00 PM","CAROLINA",0,0,0
"07/27/2026 06:00 PM","MAYAGUEZ",828,0,828
"07/27/2026 06:00 PM","PONCE",16,0,16
"07/27/2026 06:00 PM","SAN JUAN",663,0,663
"07/27/2026 06:05 PM","ARECIBO",864,0,864
"07/27/2026 06:05 PM","BAYAMON",30,0,30
"07/27/2026 06:05 PM","CAGUAS",234,0,234
"07/27/2026 06:05 PM","CAROLINA",0,0,0
"07/27/2026 06:05 PM","MAYAGUEZ",858,0,858
"07/27/2026 06:05 PM","PONCE",16,0,16
"07/27/2026 06:05 PM","SAN JUAN",664,0,664
"07/27/2026 06:05 PM","ARECIBO",864,0,864
"07/27/2026 06:05 PM","BAYAMON",30,0,30
"07/27/2026 06:05 PM","CAGUAS",234,0,234
"07/27/2026 06:05 PM","CAROLINA",0,0,0
"07/27/2026 06:05 PM","MAYAGUEZ",858,0,858
"07/27/2026 06:05 PM","PONCE",16,0,16
"07/27/2026 06:05 PM","SAN JUAN",664,0,664
"07/27/2026 06:05 PM","ARECIBO",864,0,864
"07/27/2026 06:05 PM","BAYAMON",30,0,30
"07/27/2026 06:05 PM","CAGUAS",234,0,234
"07/27/2026 06:05 PM","CAROLINA",0,0,0
"07/27/2026 06:05 PM","MAYAGUEZ",858,0,858
"07/27/2026 06:05 PM","PONCE",16,0,16
"07/27/2026 06:05 PM","SAN JUAN",664,0,664
"07/27/2026 06:10 PM","ARECIBO",864,0,864
"07/27/2026 06:10 PM","BAYAMON",48,0,48
"07/27/2026 06:10 PM","CAGUAS",409,0,409
"07/27/2026 06:10 PM","CAROLINA",0,0,0
"07/27/2026 06:10 PM","MAYAGUEZ",861,0,861
"07/27/2026 06:10 PM","PONCE",16,0,16
"07/27/2026 06:10 PM","SAN JUAN",1656,0,1656
"07/27/2026 06:10 PM","ARECIBO",864,0,864
"07/27/2026 06:10 PM","BAYAMON",48,0,48
"07/27/2026 06:10 PM","CAGUAS",409,0,409
"07/27/2026 06:10 PM","CAROLINA",0,0,0
"07/27/2026 06:10 PM","MAYAGUEZ",861,0,861
"07/27/2026 06:10 PM","PONCE",16,0,16
"07/27/2026 06:10 PM","SAN JUAN",1656,0,1656
"07/27/2026 07:10 PM","ARECIBO",771,0,771
"07/27/2026 07:10 PM","BAYAMON",47,0,47
"07/27/2026 07:10 PM","CAGUAS",53,0,53
"07/27/2026 07:10 PM","CAROLINA",0,0,0
"07/27/2026 07:10 PM","MAYAGUEZ",153,0,153
"07/27/2026 07:10 PM","PONCE",2,0,2
"07/27/2026 07:10 PM","SAN JUAN",941,0,941
"07/27/2026 07:15 PM","ARECIBO",770,0,770
"07/27/2026 07:15 PM","BAYAMON",30,0,30
"07/27/2026 07:15 PM","CAGUAS",53,0,53
"07/27/2026 07:15 PM","CAROLINA",0,0,0
"07/27/2026 07:15 PM","MAYAGUEZ",154,0,154
"07/27/2026 07:15 PM","PONCE",2,0,2
"07/27/2026 07:15 PM","SAN JUAN",941,0,941
"07/27/2026 07:15 PM","ARECIBO",770,0,770
"07/27/2026 07:15 PM","BAYAMON",30,0,30
"07/27/2026 07:15 PM","CAGUAS",53,0,53
"07/27/2026 07:15 PM","CAROLINA",0,0,0
"07/27/2026 07:15 PM","MAYAGUEZ",154,0,154
"07/27/2026 07:15 PM","PONCE",2,0,2
"07/27/2026 07:15 PM","SAN JUAN",941,0,941
"07/27/2026 07:15 PM","ARECIBO",770,0,770
"07/27/2026 07:15 PM","BAYAMON",30,0,30
"07/27/2026 07:15 PM","CAGUAS",53,0,53
"07/27/2026 07:15 PM","CAROLINA",0,0,0
"07/27/2026 07:15 PM","MAYAGUEZ",154,0,154
"07/27/2026 07:15 PM","PONCE",2,0,2
"07/27/2026 07:15 PM","SAN JUAN",941,0,941
"07/27/2026 07:20 PM","ARECIBO",559,0,559
"07/27/2026 07:20 PM","BAYAMON",30,0,30
"07/27/2026 07:20 PM","CAGUAS",65,0,65
"07/27/2026 07:20 PM","CAROLINA",1,0,1
"07/27/2026 07:20 PM","MAYAGUEZ",154,0,154
"07/27/2026 07:20 PM","PONCE",2,0,2
"07/27/2026 07:20 PM","SAN JUAN",941,0,941
"07/27/2026 07:20 PM","ARECIBO",559,0,559
"07/27/2026 07:20 PM","BAYAMON",30,0,30
"07/27/2026 07:20 PM","CAGUAS",65,0,65
"07/27/2026 07:20 PM","CAROLINA",1,0,1
"07/27/2026 07:20 PM","MAYAGUEZ",154,0,154
"07/27/2026 07:20 PM","PONCE",2,0,2
"07/27/2026 07:20 PM","SAN JUAN",941,0,941
"07/27/2026 07:25 PM","ARECIBO",24,0,24
"07/27/2026 07:25 PM","BAYAMON",30,0,30
"07/27/2026 07:25 PM","CAGUAS",66,0,66
"07/27/2026 07:25 PM","CAROLINA",1,0,1
"07/27/2026 07:25 PM","MAYAGUEZ",154,0,154
"07/27/2026 07:25 PM","PONCE",2,0,2
"07/27/2026 07:25 PM","SAN JUAN",989,0,989
"07/27/2026 07:25 PM","ARECIBO",24,0,24
"07/27/2026 07:25 PM","BAYAMON",30,0,30
"07/27/2026 07:25 PM","CAGUAS",66,0,66
"07/27/2026 07:25 PM","CAROLINA",1,0,1
"07/27/2026 07:25 PM","MAYAGUEZ",154,0,154
"07/27/2026 07:25 PM","PONCE",2,0,2
"07/27/2026 07:25 PM","SAN JUAN",989,0,989
"07/27/2026 07:25 PM","ARECIBO",24,0,24
"07/27/2026 07:25 PM","BAYAMON",30,0,30
"07/27/2026 07:25 PM","CAGUAS",66,0,66
"07/27/2026 07:25 PM","CAROLINA",1,0,1
"07/27/2026 07:25 PM","MAYAGUEZ",154,0,154
"07/27/2026 07:25 PM","PONCE",2,0,2
"07/27/2026 07:25 PM","SAN JUAN",989,0,989
"07/27/2026 07:30 PM","ARECIBO",25,0,25
"07/27/2026 07:30 PM","BAYAMON",30,0,30
"07/27/2026 07:30 PM","CAGUAS",68,0,68
"07/27/2026 07:30 PM","CAROLINA",0,0,0
"07/27/2026 07:30 PM","MAYAGUEZ",155,0,155
"07/27/2026 07:30 PM","PONCE",2,0,2
"07/27/2026 07:30 PM","SAN JUAN",989,0,989
"07/27/2026 07:35 PM","ARECIBO",239,0,239
"07/27/2026 07:35 PM","BAYAMON",33,0,33
"07/27/2026 07:35 PM","CAGUAS",69,0,69
"07/27/2026 07:35 PM","CAROLINA",0,0,0
"07/27/2026 07:35 PM","MAYAGUEZ",157,0,157
"07/27/2026 07:35 PM","PONCE",2,0,2
"07/27/2026 07:35 PM","SAN JUAN",989,0,989
"07/27/2026 07:35 PM","ARECIBO",239,0,239
"07/27/2026 07:35 PM","BAYAMON",33,0,33
"07/27/2026 07:35 PM","CAGUAS",69,0,69
"07/27/2026 07:35 PM","CAROLINA",0,0,0
"07/27/2026 07:35 PM","MAYAGUEZ",157,0,157
"07/27/2026 07:35 PM","PONCE",2,0,2
"07/27/2026 07:35 PM","SAN JUAN",989,0,989
"07/27/2026 07:35 PM","ARECIBO",239,0,239
"07/27/2026 07:35 PM","BAYAMON",33,0,33
"07/27/2026 07:35 PM","CAGUAS",69,0,69
"07/27/2026 07:35 PM","CAROLINA",0,0,0
"07/27/2026 07:35 PM","MAYAGUEZ",157,0,157
"07/27/2026 07:35 PM","PONCE",2,0,2
"07/27/2026 07:35 PM","SAN JUAN",989,0,989
"07/27/2026 07:40 PM","ARECIBO",239,0,239
"07/27/2026 07:40 PM","BAYAMON",33,0,33
"07/27/2026 07:40 PM","CAGUAS",76,0,76
"07/27/2026 07:40 PM","CAROLINA",0,0,0
"07/27/2026 07:40 PM","MAYAGUEZ",158,0,158
"07/27/2026 07:40 PM","PONCE",3,0,3
"07/27/2026 07:40 PM","SAN JUAN",989,0,989
"07/27/2026 07:40 PM","ARECIBO",239,0,239
"07/27/2026 07:40 PM","BAYAMON",33,0,33
"07/27/2026 07:40 PM","CAGUAS",76,0,76
"07/27/2026 07:40 PM","CAROLINA",0,0,0
"07/27/2026 07:40 PM","MAYAGUEZ",158,0,158
"07/27/2026 07:40 PM","PONCE",3,0,3
"07/27/2026 07:40 PM","SAN JUAN",989,0,989
"07/27/2026 07:45 PM","ARECIBO",240,0,240
"07/27/2026 07:45 PM","BAYAMON",33,0,33
"07/27/2026 07:45 PM","CAGUAS",92,0,92
"07/27/2026 07:45 PM","CAROLINA",0,0,0
"07/27/2026 07:45 PM","MAYAGUEZ",158,0,158
"07/27/2026 07:45 PM","PONCE",3,0,3
"07/27/2026 07:45 PM","SAN JUAN",989,0,989
"07/27/2026 07:45 PM","ARECIBO",240,0,240
"07/27/2026 07:45 PM","BAYAMON",33,0,33
"07/27/2026 07:45 PM","CAGUAS",92,0,92
"07/27/2026 07:45 PM","CAROLINA",0,0,0
"07/27/2026 07:45 PM","MAYAGUEZ",158,0,158
"07/27/2026 07:45 PM","PONCE",3,0,3
"07/27/2026 07:45 PM","SAN JUAN",989,0,989
"07/27/2026 07:45 PM","ARECIBO",240,0,240
"07/27/2026 07:45 PM","BAYAMON",33,0,33
"07/27/2026 07:45 PM","CAGUAS",92,0,92
"07/27/2026 07:45 PM","CAROLINA",0,0,0
"07/27/2026 07:45 PM","MAYAGUEZ",158,0,158
"07/27/2026 07:45 PM","PONCE",3,0,3
"07/27/2026 07:45 PM","SAN JUAN",989,0,989
"07/27/2026 07:50 PM","ARECIBO",249,0,249
"07/27/2026 07:50 PM","BAYAMON",34,0,34
"07/27/2026 07:50 PM","CAGUAS",400,0,400
"07/27/2026 07:50 PM","CAROLINA",0,0,0
"07/27/2026 07:50 PM","MAYAGUEZ",160,0,160
"07/27/2026 07:50 PM","PONCE",3,0,3
"07/27/2026 07:50 PM","SAN JUAN",989,0,989
"07/27/2026 07:50 PM","ARECIBO",249,0,249
"07/27/2026 07:50 PM","BAYAMON",34,0,34
"07/27/2026 07:50 PM","CAGUAS",400,0,400
"07/27/2026 07:50 PM","CAROLINA",0,0,0
"07/27/2026 07:50 PM","MAYAGUEZ",160,0,160
"07/27/2026 07:50 PM","PONCE",3,0,3
"07/27/2026 07:50 PM","SAN JUAN",989,0,989
"07/27/2026 07:55 PM","ARECIBO",461,0,461
"07/27/2026 07:55 PM","BAYAMON",34,0,34
"07/27/2026 07:55 PM","CAGUAS",400,0,400
"07/27/2026 07:55 PM","CAROLINA",0,0,0
"07/27/2026 07:55 PM","MAYAGUEZ",162,0,162
"07/27/2026 07:55 PM","PONCE",3,0,3
"07/27/2026 07:55 PM","SAN JUAN",989,0,989
"07/27/2026 07:55 PM","ARECIBO",461,0,461
"07/27/2026 07:55 PM","BAYAMON",34,0,34
"07/27/2026 07:55 PM","CAGUAS",400,0,400
"07/27/2026 07:55 PM","CAROLINA",0,0,0
"07/27/2026 07:55 PM","MAYAGUEZ",162,0,162
"07/27/2026 07:55 PM","PONCE",3,0,3
"07/27/2026 07:55 PM","SAN JUAN",989,0,989
"07/27/2026 08:00 PM","ARECIBO",461,0,461
"07/27/2026 08:00 PM","BAYAMON",34,0,34
"07/27/2026 08:00 PM","CAGUAS",400,0,400
"07/27/2026 08:00 PM","CAROLINA",0,0,0
"07/27/2026 08:00 PM","MAYAGUEZ",185,0,185
"07/27/2026 08:00 PM","PONCE",3,0,3
"07/27/2026 08:00 PM","SAN JUAN",989,0,989
"07/27/2026 08:00 PM","ARECIBO",461,0,461
"07/27/2026 08:00 PM","BAYAMON",34,0,34
"07/27/2026 08:00 PM","CAGUAS",400,0,400
"07/27/2026 08:00 PM","CAROLINA",0,0,0
"07/27/2026 08:00 PM","MAYAGUEZ",185,0,185
"07/27/2026 08:00 PM","PONCE",3,0,3
"07/27/2026 08:00 PM","SAN JUAN",989,0,989
"07/27/2026 08:00 PM","ARECIBO",461,0,461
"07/27/2026 08:00 PM","BAYAMON",34,0,34
"07/27/2026 08:00 PM","CAGUAS",400,0,400
"07/27/2026 08:00 PM","CAROLINA",0,0,0
"07/27/2026 08:00 PM","MAYAGUEZ",185,0,185
"07/27/2026 08:00 PM","PONCE",3,0,3
"07/27/2026 08:00 PM","SAN JUAN",989,0,989
"07/27/2026 08:05 PM","ARECIBO",461,0,461
"07/27/2026 08:05 PM","BAYAMON",34,0,34
"07/27/2026 08:05 PM","CAGUAS",400,0,400
"07/27/2026 08:05 PM","CAROLINA",1,0,1
"07/27/2026 08:05 PM","MAYAGUEZ",120,0,120
"07/27/2026 08:05 PM","PONCE",3,0,3
"07/27/2026 08:05 PM","SAN JUAN",989,0,989
"07/27/2026 08:05 PM","ARECIBO",461,0,461
"07/27/2026 08:05 PM","BAYAMON",34,0,34
"07/27/2026 08:05 PM","CAGUAS",400,0,400
"07/27/2026 08:05 PM","CAROLINA",1,0,1
"07/27/2026 08:05 PM","MAYAGUEZ",120,0,120
"07/27/2026 08:05 PM","PONCE",3,0,3
"07/27/2026 08:05 PM","SAN JUAN",989,0,989
"07/27/2026 11:25 PM","ARECIBO",171,0,171
"07/27/2026 11:25 PM","BAYAMON",132,0,132
"07/27/2026 11:25 PM","CAGUAS",4,0,4
"07/27/2026 11:25 PM","CAROLINA",76,0,76
"07/27/2026 11:25 PM","MAYAGUEZ",55,0,55
"07/27/2026 11:25 PM","PONCE",1312,0,1312
"07/27/2026 11:25 PM","SAN JUAN",1,0,1
"07/27/2026 11:25 PM","ARECIBO",171,0,171
"07/27/2026 11:25 PM","BAYAMON",132,0,132
"07/27/2026 11:25 PM","CAGUAS",4,0,4
"07/27/2026 11:25 PM","CAROLINA",76,0,76
"07/27/2026 11:25 PM","MAYAGUEZ",55,0,55
"07/27/2026 11:25 PM","PONCE",1312,0,1312
"07/27/2026 11:25 PM","SAN JUAN",1,0,1
"07/27/2026 11:25 PM","ARECIBO",171,0,171
"07/27/2026 11:25 PM","BAYAMON",132,0,132
"07/27/2026 11:25 PM","CAGUAS",4,0,4
"07/27/2026 11:25 PM","CAROLINA",76,0,76
"07/27/2026 11:25 PM","MAYAGUEZ",55,0,55
"07/27/2026 11:25 PM","PONCE",1312,0,1312
"07/27/2026 11:25 PM","SAN JUAN",1,0,1
"07/27/2026 11:30 PM","ARECIBO",171,0,171
"07/27/2026 11:30 PM","BAYAMON",132,0,132
"07/27/2026 11:30 PM","CAGUAS",4,0,4
"07/27/2026 11:30 PM","CAROLINA",76,0,76
"07/27/2026 11:30 PM","MAYAGUEZ",55,0,55
"07/27/2026 11:30 PM","PONCE",1312,0,1312
"07/27/2026 11:30 PM","SAN JUAN",1,0,1
"07/27/2026 11:30 PM","ARECIBO",171,0,171
"07/27/2026 11:30 PM","BAYAMON",132,0,132
"07/27/2026 11:30 PM","CAGUAS",4,0,4
"07/27/2026 11:30 PM","CAROLINA",76,0,76
"07/27/2026 11:30 PM","MAYAGUEZ",55,0,55
"07/27/2026 11:30 PM","PONCE",1312,0,1312
"07/27/2026 11:30 PM","SAN JUAN",1,0,1
"07/27/2026 11:35 PM","ARECIBO",171,0,171
"07/27/2026 11:35 PM","BAYAMON",132,0,132
"07/27/2026 11:35 PM","CAGUAS",4,0,4
"07/27/2026 11:35 PM","CAROLINA",85,0,85
"07/27/2026 11:35 PM","MAYAGUEZ",55,0,55
"07/27/2026 11:35 PM","PONCE",1312,0,1312
"07/27/2026 11:35 PM","SAN JUAN",1,0,1
"07/27/2026 11:35 PM","ARECIBO",171,0,171
"07/27/2026 11:35 PM","BAYAMON",132,0,132
"07/27/2026 11:35 PM","CAGUAS",4,0,4
"07/27/2026 11:35 PM","CAROLINA",85,0,85
"07/27/2026 11:35 PM","MAYAGUEZ",55,0,55
"07/27/2026 11:35 PM","PONCE",1312,0,1312
"07/27/2026 11:35 PM","SAN JUAN",1,0,1
"07/27/2026 11:35 PM","ARECIBO",171,0,171
"07/27/2026 11:35 PM","BAYAMON",132,0,132
"07/27/2026 11:35 PM","CAGUAS",4,0,4
"07/27/2026 11:35 PM","CAROLINA",85,0,85
"07/27/2026 11:35 PM","MAYAGUEZ",55,0,55
"07/27/2026 11:35 PM","PONCE",1312,0,1312
"07/27/2026 11:35 PM","SAN JUAN",1,0,1
"07/27/2026 11:40 PM","ARECIBO",171,0,171
"07/27/2026 11:40 PM","BAYAMON",624,0,624
"07/27/2026 11:40 PM","CAGUAS",4,0,4
"07/27/2026 11:40 PM","CAROLINA",85,0,85
"07/27/2026 11:40 PM","MAYAGUEZ",55,0,55
"07/27/2026 11:40 PM","PONCE",1312,0,1312
"07/27/2026 11:40 PM","SAN JUAN",1,0,1
"07/27/2026 11:40 PM","ARECIBO",171,0,171
"07/27/2026 11:40 PM","BAYAMON",624,0,624
"07/27/2026 11:40 PM","CAGUAS",4,0,4
"07/27/2026 11:40 PM","CAROLINA",85,0,85
"07/27/2026 11:40 PM","MAYAGUEZ",55,0,55
"07/27/2026 11:40 PM","PONCE",1312,0,1312
"07/27/2026 11:40 PM","SAN JUAN",1,0,1
"07/27/2026 11:45 PM","ARECIBO",171,0,171
"07/27/2026 11:45 PM","BAYAMON",1029,0,1029
"07/27/2026 11:45 PM","CAGUAS",74,0,74
"07/27/2026 11:45 PM","CAROLINA",85,0,85
"07/27/2026 11:45 PM","MAYAGUEZ",55,0,55
"07/27/2026 11:45 PM","PONCE",1312,0,1312
"07/27/2026 11:45 PM","SAN JUAN",1,0,1
"07/27/2026 11:45 PM","ARECIBO",171,0,171
"07/27/2026 11:45 PM","BAYAMON",1029,0,1029
"07/27/2026 11:45 PM","CAGUAS",74,0,74
"07/27/2026 11:45 PM","CAROLINA",85,0,85
"07/27/2026 11:45 PM","MAYAGUEZ",55,0,55
"07/27/2026 11:45 PM","PONCE",1312,0,1312
"07/27/2026 11:45 PM","SAN JUAN",1,0,1
"07/27/2026 11:45 PM","ARECIBO",171,0,171
"07/27/2026 11:45 PM","BAYAMON",1029,0,1029
"07/27/2026 11:45 PM","CAGUAS",74,0,74
"07/27/2026 11:45 PM","CAROLINA",85,0,85
"07/27/2026 11:45 PM","MAYAGUEZ",55,0,55
"07/27/2026 11:45 PM","PONCE",1312,0,1312
"07/27/2026 11:45 PM","SAN JUAN",1,0,1
"07/27/2026 11:50 PM","ARECIBO",172,0,172
"07/27/2026 11:50 PM","BAYAMON",1035,0,1035
"07/27/2026 11:50 PM","CAGUAS",25,0,25
"07/27/2026 11:50 PM","CAROLINA",85,0,85
"07/27/2026 11:50 PM","MAYAGUEZ",55,0,55
"07/27/2026 11:50 PM","PONCE",1312,0,1312
"07/27/2026 11:50 PM","SAN JUAN",1,0,1
"07/27/2026 11:50 PM","ARECIBO",172,0,172
"07/27/2026 11:50 PM","BAYAMON",1035,0,1035
"07/27/2026 11:50 PM","CAGUAS",25,0,25
"07/27/2026 11:50 PM","CAROLINA",85,0,85
"07/27/2026 11:50 PM","MAYAGUEZ",55,0,55
"07/27/2026 11:50 PM","PONCE",1312,0,1312
"07/27/2026 11:50 PM","SAN JUAN",1,0,1
"07/27/2026 11:55 PM","ARECIBO",172,0,172
"07/27/2026 11:55 PM","BAYAMON",1035,0,1035
"07/27/2026 11:55 PM","CAGUAS",25,0,25
"07/27/2026 11:55 PM","CAROLINA",85,0,85
"07/27/2026 11:55 PM","MAYAGUEZ",55,0,55
"07/27/2026 11:55 PM","PONCE",1312,0,1312
"07/27/2026 11:55 PM","SAN JUAN",1,0,1
"07/27/2026 11:55 PM","ARECIBO",172,0,172
"07/27/2026 11:55 PM","BAYAMON",1035,0,1035
"07/27/2026 11:55 PM","CAGUAS",25,0,25
"07/27/2026 11:55 PM","CAROLINA",85,0,85
"07/27/2026 11:55 PM","MAYAGUEZ",55,0,55
"07/27/2026 11:55 PM","PONCE",1312,0,1312
"07/27/2026 11:55 PM","SAN JUAN",1,0,1
"07/28/2026 12:00 AM","ARECIBO",172,0,172
"07/28/2026 12:00 AM","BAYAMON",1035,0,1035
"07/28/2026 12:00 AM","CAGUAS",25,0,25
"07/28/2026 12:00 AM","CAROLINA",85,0,85
"07/28/2026 12:00 AM","MAYAGUEZ",55,0,55
"07/28/2026 12:00 AM","PONCE",1312,0,1312
"07/28/2026 12:00 AM","SAN JUAN",1,0,1
"07/28/2026 12:00 AM","ARECIBO",172,0,172
"07/28/2026 12:00 AM","BAYAMON",1035,0,1035
"07/28/2026 12:00 AM","CAGUAS",25,0,25
"07/28/2026 12:00 AM","CAROLINA",85,0,85
"07/28/2026 12:00 AM","MAYAGUEZ",55,0,55
"07/28/2026 12:00 AM","PONCE",1312,0,1312
"07/28/2026 12:00 AM","SAN JUAN",1,0,1
"07/28/2026 12:00 AM","ARECIBO",172,0,172
"07/28/2026 12:00 AM","BAYAMON",1035,0,1035
"07/28/2026 12:00 AM","CAGUAS",25,0,25
"07/28/2026 12:00 AM","CAROLINA",85,0,85
"07/28/2026 12:00 AM","MAYAGUEZ",55,0,55
"07/28/2026 12:00 AM","PONCE",1312,0,1312
"07/28/2026 12:00 AM","SAN JUAN",1,0,1
"07/28/2026 12:05 AM","ARECIBO",172,0,172
"07/28/2026 12:05 AM","BAYAMON",1035,0,1035
"07/28/2026 12:05 AM","CAGUAS",25,0,25
"07/28/2026 12:05 AM","CAROLINA",85,0,85
"07/28/2026 12:05 AM","MAYAGUEZ",55,0,55
"07/28/2026 12:05 AM","PONCE",1312,0,1312
"07/28/2026 12:05 AM","SAN JUAN",1,0,1
"07/28/2026 12:05 AM","ARECIBO",172,0,172
"07/28/2026 12:05 AM","BAYAMON",1035,0,1035
"07/28/2026 12:05 AM","CAGUAS",25,0,25
"07/28/2026 12:05 AM","CAROLINA",85,0,85
"07/28/2026 12:05 AM","MAYAGUEZ",55,0,55
"07/28/2026 12:05 AM","PONCE",1312,0,1312
"07/28/2026 12:05 AM","SAN JUAN",1,0,1
"07/28/2026 12:10 AM","ARECIBO",172,0,172
"07/28/2026 12:10 AM","BAYAMON",1035,0,1035
"07/28/2026 12:10 AM","CAGUAS",25,0,25
"07/28/2026 12:10 AM","CAROLINA",85,0,85
"07/28/2026 12:10 AM","MAYAGUEZ",55,0,55
"07/28/2026 12:10 AM","PONCE",1312,0,1312
"07/28/2026 12:10 AM","SAN JUAN",1,0,1
"07/28/2026 12:10 AM","ARECIBO",172,0,172
"07/28/2026 12:10 AM","BAYAMON",1035,0,1035
"07/28/2026 12:10 AM","CAGUAS",25,0,25
"07/28/2026 12:10 AM","CAROLINA",85,0,85
"07/28/2026 12:10 AM","MAYAGUEZ",55,0,55
"07/28/2026 12:10 AM","PONCE",1312,0,1312
"07/28/2026 12:10 AM","SAN JUAN",1,0,1
"07/28/2026 12:10 AM","ARECIBO",172,0,172
"07/28/2026 12:10 AM","BAYAMON",1035,0,1035
"07/28/2026 12:10 AM","CAGUAS",25,0,25
"07/28/2026 12:10 AM","CAROLINA",85,0,85
"07/28/2026 12:10 AM","MAYAGUEZ",55,0,55
"07/28/2026 12:10 AM","PONCE",1312,0,1312
"07/28/2026 12:10 AM","SAN JUAN",1,0,1
"07/28/2026 12:15 AM","ARECIBO",172,0,172
"07/28/2026 12:15 AM","BAYAMON",1527,0,1527
"07/28/2026 12:15 AM","CAGUAS",25,0,25
"07/28/2026 12:15 AM","CAROLINA",85,0,85
"07/28/2026 12:15 AM","MAYAGUEZ",55,0,55
"07/28/2026 12:15 AM","PONCE",1312,0,1312
"07/28/2026 12:15 AM","SAN JUAN",1,0,1
"07/28/2026 12:15 AM","ARECIBO",172,0,172
"07/28/2026 12:15 AM","BAYAMON",1527,0,1527
"07/28/2026 12:15 AM","CAGUAS",25,0,25
"07/28/2026 12:15 AM","CAROLINA",85,0,85
"07/28/2026 12:15 AM","MAYAGUEZ",55,0,55
"07/28/2026 12:15 AM","PONCE",1312,0,1312
"07/28/2026 12:15 AM","SAN JUAN",1,0,1
"07/28/2026 12:20 AM","ARECIBO",172,0,172
"07/28/2026 12:20 AM","BAYAMON",1527,0,1527
"07/28/2026 12:20 AM","CAGUAS",25,0,25
"07/28/2026 12:20 AM","CAROLINA",86,0,86
"07/28/2026 12:20 AM","MAYAGUEZ",55,0,55
"07/28/2026 12:20 AM","PONCE",5,0,5
"07/28/2026 12:20 AM","SAN JUAN",1,0,1
"07/28/2026 02:35 AM","ARECIBO",66,0,66
"07/28/2026 02:35 AM","BAYAMON",1528,0,1528
"07/28/2026 02:35 AM","CAGUAS",32,0,32
"07/28/2026 02:35 AM","CAROLINA",90,0,90
"07/28/2026 02:35 AM","MAYAGUEZ",56,0,56
"07/28/2026 02:35 AM","PONCE",5,0,5
"07/28/2026 02:35 AM","SAN JUAN",1,0,1
"07/28/2026 02:35 AM","ARECIBO",66,0,66
"07/28/2026 02:35 AM","BAYAMON",1528,0,1528
"07/28/2026 02:35 AM","CAGUAS",32,0,32
"07/28/2026 02:35 AM","CAROLINA",90,0,90
"07/28/2026 02:35 AM","MAYAGUEZ",56,0,56
"07/28/2026 02:35 AM","PONCE",5,0,5
"07/28/2026 02:35 AM","SAN JUAN",1,0,1
"07/28/2026 02:35 AM","ARECIBO",66,0,66
"07/28/2026 02:35 AM","BAYAMON",1528,0,1528
"07/28/2026 02:35 AM","CAGUAS",32,0,32
"07/28/2026 02:35 AM","CAROLINA",90,0,90
"07/28/2026 02:35 AM","MAYAGUEZ",56,0,56
"07/28/2026 02:35 AM","PONCE",5,0,5
"07/28/2026 02:35 AM","SAN JUAN",1,0,1
"07/28/2026 02:40 AM","ARECIBO",66,0,66
"07/28/2026 02:40 AM","BAYAMON",1528,0,1528
"07/28/2026 02:40 AM","CAGUAS",32,0,32
"07/28/2026 02:40 AM","CAROLINA",90,0,90
"07/28/2026 02:40 AM","MAYAGUEZ",56,0,56
"07/28/2026 02:40 AM","PONCE",5,0,5
"07/28/2026 02:40 AM","SAN JUAN",1,0,1
"07/28/2026 02:40 AM","ARECIBO",66,0,66
"07/28/2026 02:40 AM","BAYAMON",1528,0,1528
"07/28/2026 02:40 AM","CAGUAS",32,0,32
"07/28/2026 02:40 AM","CAROLINA",90,0,90
"07/28/2026 02:40 AM","MAYAGUEZ",56,0,56
"07/28/2026 02:40 AM","PONCE",5,0,5
"07/28/2026 02:40 AM","SAN JUAN",1,0,1
"07/28/2026 02:45 AM","ARECIBO",66,0,66
"07/28/2026 02:45 AM","BAYAMON",1528,0,1528
"07/28/2026 02:45 AM","CAGUAS",32,0,32
"07/28/2026 02:45 AM","CAROLINA",90,0,90
"07/28/2026 02:45 AM","MAYAGUEZ",56,0,56
"07/28/2026 02:45 AM","PONCE",5,0,5
"07/28/2026 02:45 AM","SAN JUAN",1,0,1
"07/28/2026 02:45 AM","ARECIBO",66,0,66
"07/28/2026 02:45 AM","BAYAMON",1528,0,1528
"07/28/2026 02:45 AM","CAGUAS",32,0,32
"07/28/2026 02:45 AM","CAROLINA",90,0,90
"07/28/2026 02:45 AM","MAYAGUEZ",56,0,56
"07/28/2026 02:45 AM","PONCE",5,0,5
"07/28/2026 02:45 AM","SAN JUAN",1,0,1
"07/28/2026 02:45 AM","ARECIBO",66,0,66
"07/28/2026 02:45 AM","BAYAMON",1528,0,1528
"07/28/2026 02:45 AM","CAGUAS",32,0,32
"07/28/2026 02:45 AM","CAROLINA",90,0,90
"07/28/2026 02:45 AM","MAYAGUEZ",56,0,56
"07/28/2026 02:45 AM","PONCE",5,0,5
"07/28/2026 02:45 AM","SAN JUAN",1,0,1
"07/28/2026 02:50 AM","ARECIBO",66,0,66
"07/28/2026 02:50 AM","BAYAMON",1529,0,1529
"07/28/2026 02:50 AM","CAGUAS",32,0,32
"07/28/2026 02:50 AM","CAROLINA",90,0,90
"07/28/2026 02:50 AM","MAYAGUEZ",56,0,56
"07/28/2026 02:50 AM","PONCE",5,0,5
"07/28/2026 02:50 AM","SAN JUAN",1,0,1
"07/28/2026 02:50 AM","ARECIBO",66,0,66
"07/28/2026 02:50 AM","BAYAMON",1529,0,1529
"07/28/2026 02:50 AM","CAGUAS",32,0,32
"07/28/2026 02:50 AM","CAROLINA",90,0,90
"07/28/2026 02:50 AM","MAYAGUEZ",56,0,56
"07/28/2026 02:50 AM","PONCE",5,0,5
"07/28/2026 02:50 AM","SAN JUAN",1,0,1
"07/28/2026 02:55 AM","ARECIBO",66,0,66
"07/28/2026 02:55 AM","BAYAMON",1529,0,1529
"07/28/2026 02:55 AM","CAGUAS",32,0,32
"07/28/2026 02:55 AM","CAROLINA",90,0,90
"07/28/2026 02:55 AM","MAYAGUEZ",56,0,56
"07/28/2026 02:55 AM","PONCE",5,0,5
"07/28/2026 02:55 AM","SAN JUAN",1,0,1
"07/28/2026 02:55 AM","ARECIBO",66,0,66
"07/28/2026 02:55 AM","BAYAMON",1529,0,1529
"07/28/2026 02:55 AM","CAGUAS",32,0,32
"07/28/2026 02:55 AM","CAROLINA",90,0,90
"07/28/2026 02:55 AM","MAYAGUEZ",56,0,56
"07/28/2026 02:55 AM","PONCE",5,0,5
"07/28/2026 02:55 AM","SAN JUAN",1,0,1
"07/28/2026 02:55 AM","ARECIBO",66,0,66
"07/28/2026 02:55 AM","BAYAMON",1529,0,1529
"07/28/2026 02:55 AM","CAGUAS",32,0,32
"07/28/2026 02:55 AM","CAROLINA",90,0,90
"07/28/2026 02:55 AM","MAYAGUEZ",56,0,56
"07/28/2026 02:55 AM","PONCE",5,0,5
"07/28/2026 02:55 AM","SAN JUAN",1,0,1
"07/28/2026 03:00 AM","ARECIBO",66,0,66
"07/28/2026 03:00 AM","BAYAMON",1529,0,1529
"07/28/2026 03:00 AM","CAGUAS",32,0,32
"07/28/2026 03:00 AM","CAROLINA",90,0,90
"07/28/2026 03:00 AM","MAYAGUEZ",56,0,56
"07/28/2026 03:00 AM","PONCE",5,0,5
"07/28/2026 03:00 AM","SAN JUAN",1,0,1
"07/28/2026 03:00 AM","ARECIBO",66,0,66
"07/28/2026 03:00 AM","BAYAMON",1529,0,1529
"07/28/2026 03:00 AM","CAGUAS",32,0,32
"07/28/2026 03:00 AM","CAROLINA",90,0,90
"07/28/2026 03:00 AM","MAYAGUEZ",56,0,56
"07/28/2026 03:00 AM","PONCE",5,0,5
"07/28/2026 03:00 AM","SAN JUAN",1,0,1
"07/28/2026 03:05 AM","ARECIBO",66,0,66
"07/28/2026 03:05 AM","BAYAMON",1529,0,1529
"07/28/2026 03:05 AM","CAGUAS",32,0,32
"07/28/2026 03:05 AM","CAROLINA",90,0,90
"07/28/2026 03:05 AM","MAYAGUEZ",56,0,56
"07/28/2026 03:05 AM","PONCE",5,0,5
"07/28/2026 03:05 AM","SAN JUAN",1,0,1
"07/28/2026 03:05 AM","ARECIBO",66,0,66
"07/28/2026 03:05 AM","BAYAMON",1529,0,1529
"07/28/2026 03:05 AM","CAGUAS",32,0,32
"07/28/2026 03:05 AM","CAROLINA",90,0,90
"07/28/2026 03:05 AM","MAYAGUEZ",56,0,56
"07/28/2026 03:05 AM","PONCE",5,0,5
"07/28/2026 03:05 AM","SAN JUAN",1,0,1
"07/28/2026 03:05 AM","ARECIBO",66,0,66
"07/28/2026 03:05 AM","BAYAMON",1529,0,1529
"07/28/2026 03:05 AM","CAGUAS",32,0,32
"07/28/2026 03:05 AM","CAROLINA",90,0,90
"07/28/2026 03:05 AM","MAYAGUEZ",56,0,56
"07/28/2026 03:05 AM","PONCE",5,0,5
"07/28/2026 03:05 AM","SAN JUAN",1,0,1
"07/28/2026 03:10 AM","ARECIBO",66,0,66
"07/28/2026 03:10 AM","BAYAMON",1529,0,1529
"07/28/2026 03:10 AM","CAGUAS",32,0,32
"07/28/2026 03:10 AM","CAROLINA",90,0,90
"07/28/2026 03:10 AM","MAYAGUEZ",56,0,56
"07/28/2026 03:10 AM","PONCE",5,0,5
"07/28/2026 03:10 AM","SAN JUAN",1,0,1
"07/28/2026 03:10 AM","ARECIBO",66,0,66
"07/28/2026 03:10 AM","BAYAMON",1529,0,1529
"07/28/2026 03:10 AM","CAGUAS",32,0,32
"07/28/2026 03:10 AM","CAROLINA",90,0,90
"07/28/2026 03:10 AM","MAYAGUEZ",56,0,56
"07/28/2026 03:10 AM","PONCE",5,0,5
"07/28/2026 03:10 AM","SAN JUAN",1,0,1
"07/28/2026 03:15 AM","ARECIBO",66,0,66
"07/28/2026 03:15 AM","BAYAMON",1529,0,1529
"07/28/2026 03:15 AM","CAGUAS",32,0,32
"07/28/2026 03:15 AM","CAROLINA",90,0,90
"07/28/2026 03:15 AM","MAYAGUEZ",56,0,56
"07/28/2026 03:15 AM","PONCE",5,0,5
"07/28/2026 03:15 AM","SAN JUAN",1,0,1
"07/28/2026 03:15 AM","ARECIBO",66,0,66
"07/28/2026 03:15 AM","BAYAMON",1529,0,1529
"07/28/2026 03:15 AM","CAGUAS",32,0,32
"07/28/2026 03:15 AM","CAROLINA",90,0,90
"07/28/2026 03:15 AM","MAYAGUEZ",56,0,56
"07/28/2026 03:15 AM","PONCE",5,0,5
"07/28/2026 03:15 AM","SAN JUAN",1,0,1
"07/28/2026 03:15 AM","ARECIBO",66,0,66
"07/28/2026 03:15 AM","BAYAMON",1529,0,1529
"07/28/2026 03:15 AM","CAGUAS",32,0,32
"07/28/2026 03:15 AM","CAROLINA",90,0,90
"07/28/2026 03:15 AM","MAYAGUEZ",56,0,56
"07/28/2026 03:15 AM","PONCE",5,0,5
"07/28/2026 03:15 AM","SAN JUAN",1,0,1
"07/28/2026 03:20 AM","ARECIBO",66,0,66
"07/28/2026 03:20 AM","BAYAMON",1529,0,1529
"07/28/2026 03:20 AM","CAGUAS",32,0,32
"07/28/2026 03:20 AM","CAROLINA",90,0,90
"07/28/2026 03:20 AM","MAYAGUEZ",56,0,56
"07/28/2026 03:20 AM","PONCE",5,0,5
"07/28/2026 03:20 AM","SAN JUAN",1,0,1
"07/28/2026 03:20 AM","ARECIBO",66,0,66
"07/28/2026 03:20 AM","BAYAMON",1529,0,1529
"07/28/2026 03:20 AM","CAGUAS",32,0,32
"07/28/2026 03:20 AM","CAROLINA",90,0,90
"07/28/2026 03:20 AM","MAYAGUEZ",56,0,56
"07/28/2026 03:20 AM","PONCE",5,0,5
"07/28/2026 03:20 AM","SAN JUAN",1,0,1
"07/28/2026 03:25 AM","ARECIBO",66,0,66
"07/28/2026 03:25 AM","BAYAMON",1529,0,1529
"07/28/2026 03:25 AM","CAGUAS",32,0,32
"07/28/2026 03:25 AM","CAROLINA",90,0,90
"07/28/2026 03:25 AM","MAYAGUEZ",56,0,56
"07/28/2026 03:25 AM","PONCE",5,0,5
"07/28/2026 03:25 AM","SAN JUAN",1,0,1
"07/28/2026 03:25 AM","ARECIBO",66,0,66
"07/28/2026 03:25 AM","BAYAMON",1529,0,1529
"07/28/2026 03:25 AM","CAGUAS",32,0,32
"07/28/2026 03:25 AM","CAROLINA",90,0,90
"07/28/2026 03:25 AM","MAYAGUEZ",56,0,56
"07/28/2026 03:25 AM","PONCE",5,0,5
"07/28/2026 03:25 AM","SAN JUAN",1,0,1
"07/28/2026 03:25 AM","ARECIBO",66,0,66
"07/28/2026 03:25 AM","BAYAMON",1529,0,1529
"07/28/2026 03:25 AM","CAGUAS",32,0,32
"07/28/2026 03:25 AM","CAROLINA",90,0,90
"07/28/2026 03:25 AM","MAYAGUEZ",56,0,56
"07/28/2026 03:25 AM","PONCE",5,0,5
"07/28/2026 03:25 AM","SAN JUAN",1,0,1
"07/28/2026 05:40 AM","ARECIBO",299,0,299
"07/28/2026 05:40 AM","BAYAMON",130,0,130
"07/28/2026 05:40 AM","CAGUAS",32,0,32
"07/28/2026 05:40 AM","CAROLINA",90,0,90
"07/28/2026 05:40 AM","MAYAGUEZ",56,0,56
"07/28/2026 05:40 AM","PONCE",4,0,4
"07/28/2026 05:40 AM","SAN JUAN",1,0,1
"07/28/2026 05:40 AM","ARECIBO",299,0,299
"07/28/2026 05:40 AM","BAYAMON",130,0,130
"07/28/2026 05:40 AM","CAGUAS",32,0,32
"07/28/2026 05:40 AM","CAROLINA",90,0,90
"07/28/2026 05:40 AM","MAYAGUEZ",56,0,56
"07/28/2026 05:40 AM","PONCE",4,0,4
"07/28/2026 05:40 AM","SAN JUAN",1,0,1
"07/28/2026 05:45 AM","ARECIBO",299,0,299
"07/28/2026 05:45 AM","BAYAMON",130,0,130
"07/28/2026 05:45 AM","CAGUAS",32,0,32
"07/28/2026 05:45 AM","CAROLINA",90,0,90
"07/28/2026 05:45 AM","MAYAGUEZ",56,0,56
"07/28/2026 05:45 AM","PONCE",4,0,4
"07/28/2026 05:45 AM","SAN JUAN",1,0,1
"07/28/2026 05:45 AM","ARECIBO",299,0,299
"07/28/2026 05:45 AM","BAYAMON",130,0,130
"07/28/2026 05:45 AM","CAGUAS",32,0,32
"07/28/2026 05:45 AM","CAROLINA",90,0,90
"07/28/2026 05:45 AM","MAYAGUEZ",56,0,56
"07/28/2026 05:45 AM","PONCE",4,0,4
"07/28/2026 05:45 AM","SAN JUAN",1,0,1
"07/28/2026 05:45 AM","ARECIBO",299,0,299
"07/28/2026 05:45 AM","BAYAMON",130,0,130
"07/28/2026 05:45 AM","CAGUAS",32,0,32
"07/28/2026 05:45 AM","CAROLINA",90,0,90
"07/28/2026 05:45 AM","MAYAGUEZ",56,0,56
"07/28/2026 05:45 AM","PONCE",4,0,4
"07/28/2026 05:45 AM","SAN JUAN",1,0,1
"07/28/2026 05:50 AM","ARECIBO",300,0,300
"07/28/2026 05:50 AM","BAYAMON",130,0,130
"07/28/2026 05:50 AM","CAGUAS",33,0,33
"07/28/2026 05:50 AM","CAROLINA",90,0,90
"07/28/2026 05:50 AM","MAYAGUEZ",56,0,56
"07/28/2026 05:50 AM","PONCE",4,0,4
"07/28/2026 05:50 AM","SAN JUAN",1,0,1
"07/28/2026 05:50 AM","ARECIBO",300,0,300
"07/28/2026 05:50 AM","BAYAMON",130,0,130
"07/28/2026 05:50 AM","CAGUAS",33,0,33
"07/28/2026 05:50 AM","CAROLINA",90,0,90
"07/28/2026 05:50 AM","MAYAGUEZ",56,0,56
"07/28/2026 05:50 AM","PONCE",4,0,4
"07/28/2026 05:50 AM","SAN JUAN",1,0,1
"07/28/2026 05:55 AM","ARECIBO",300,0,300
"07/28/2026 05:55 AM","BAYAMON",130,0,130
"07/28/2026 05:55 AM","CAGUAS",33,0,33
"07/28/2026 05:55 AM","CAROLINA",90,0,90
"07/28/2026 05:55 AM","MAYAGUEZ",56,0,56
"07/28/2026 05:55 AM","PONCE",4,0,4
"07/28/2026 05:55 AM","SAN JUAN",1,0,1
"07/28/2026 05:55 AM","ARECIBO",300,0,300
"07/28/2026 05:55 AM","BAYAMON",130,0,130
"07/28/2026 05:55 AM","CAGUAS",33,0,33
"07/28/2026 05:55 AM","CAROLINA",90,0,90
"07/28/2026 05:55 AM","MAYAGUEZ",56,0,56
"07/28/2026 05:55 AM","PONCE",4,0,4
"07/28/2026 05:55 AM","SAN JUAN",1,0,1
"07/28/2026 05:55 AM","ARECIBO",300,0,300
"07/28/2026 05:55 AM","BAYAMON",130,0,130
"07/28/2026 05:55 AM","CAGUAS",33,0,33
"07/28/2026 05:55 AM","CAROLINA",90,0,90
"07/28/2026 05:55 AM","MAYAGUEZ",56,0,56
"07/28/2026 05:55 AM","PONCE",4,0,4
"07/28/2026 05:55 AM","SAN JUAN",1,0,1
"07/28/2026 06:00 AM","ARECIBO",300,0,300
"07/28/2026 06:00 AM","BAYAMON",130,0,130
"07/28/2026 06:00 AM","CAGUAS",33,0,33
"07/28/2026 06:00 AM","CAROLINA",90,0,90
"07/28/2026 06:00 AM","MAYAGUEZ",56,0,56
"07/28/2026 06:00 AM","PONCE",4,0,4
"07/28/2026 06:00 AM","SAN JUAN",1,0,1
"07/28/2026 06:00 AM","ARECIBO",300,0,300
"07/28/2026 06:00 AM","BAYAMON",130,0,130
"07/28/2026 06:00 AM","CAGUAS",33,0,33
"07/28/2026 06:00 AM","CAROLINA",90,0,90
"07/28/2026 06:00 AM","MAYAGUEZ",56,0,56
"07/28/2026 06:00 AM","PONCE",4,0,4
"07/28/2026 06:00 AM","SAN JUAN",1,0,1
"07/28/2026 06:05 AM","ARECIBO",302,0,302
"07/28/2026 06:05 AM","BAYAMON",130,0,130
"07/28/2026 06:05 AM","CAGUAS",33,0,33
"07/28/2026 06:05 AM","CAROLINA",90,0,90
"07/28/2026 06:05 AM","MAYAGUEZ",56,0,56
"07/28/2026 06:05 AM","PONCE",4,0,4
"07/28/2026 06:05 AM","SAN JUAN",1,0,1
"07/28/2026 06:05 AM","ARECIBO",302,0,302
"07/28/2026 06:05 AM","BAYAMON",130,0,130
"07/28/2026 06:05 AM","CAGUAS",33,0,33
"07/28/2026 06:05 AM","CAROLINA",90,0,90
"07/28/2026 06:05 AM","MAYAGUEZ",56,0,56
"07/28/2026 06:05 AM","PONCE",4,0,4
"07/28/2026 06:05 AM","SAN JUAN",1,0,1
"07/28/2026 06:05 AM","ARECIBO",302,0,302
"07/28/2026 06:05 AM","BAYAMON",130,0,130
"07/28/2026 06:05 AM","CAGUAS",33,0,33
"07/28/2026 06:05 AM","CAROLINA",90,0,90
"07/28/2026 06:05 AM","MAYAGUEZ",56,0,56
"07/28/2026 06:05 AM","PONCE",4,0,4
"07/28/2026 06:05 AM","SAN JUAN",1,0,1
"07/28/2026 06:10 AM","ARECIBO",302,0,302
"07/28/2026 06:10 AM","BAYAMON",130,0,130
"07/28/2026 06:10 AM","CAGUAS",33,0,33
"07/28/2026 06:10 AM","CAROLINA",90,0,90
"07/28/2026 06:10 AM","MAYAGUEZ",56,0,56
"07/28/2026 06:10 AM","PONCE",4,0,4
"07/28/2026 06:10 AM","SAN JUAN",1,0,1
"07/28/2026 06:10 AM","ARECIBO",302,0,302
"07/28/2026 06:10 AM","BAYAMON",130,0,130
"07/28/2026 06:10 AM","CAGUAS",33,0,33
"07/28/2026 06:10 AM","CAROLINA",90,0,90
"07/28/2026 06:10 AM","MAYAGUEZ",56,0,56
"07/28/2026 06:10 AM","PONCE",4,0,4
"07/28/2026 06:10 AM","SAN JUAN",1,0,1
"07/28/2026 06:15 AM","ARECIBO",302,0,302
"07/28/2026 06:15 AM","BAYAMON",130,0,130
"07/28/2026 06:15 AM","CAGUAS",33,0,33
"07/28/2026 06:15 AM","CAROLINA",90,0,90
"07/28/2026 06:15 AM","MAYAGUEZ",56,0,56
"07/28/2026 06:15 AM","PONCE",4,0,4
"07/28/2026 06:15 AM","SAN JUAN",1,0,1
"07/28/2026 06:15 AM","ARECIBO",302,0,302
"07/28/2026 06:15 AM","BAYAMON",130,0,130
"07/28/2026 06:15 AM","CAGUAS",33,0,33
"07/28/2026 06:15 AM","CAROLINA",90,0,90
"07/28/2026 06:15 AM","MAYAGUEZ",56,0,56
"07/28/2026 06:15 AM","PONCE",4,0,4
"07/28/2026 06:15 AM","SAN JUAN",1,0,1
"07/28/2026 06:20 AM","ARECIBO",302,0,302
"07/28/2026 06:20 AM","BAYAMON",130,0,130
"07/28/2026 06:20 AM","CAGUAS",33,0,33
"07/28/2026 06:20 AM","CAROLINA",90,0,90
"07/28/2026 06:20 AM","MAYAGUEZ",56,0,56
"07/28/2026 06:20 AM","PONCE",4,0,4
"07/28/2026 06:20 AM","SAN JUAN",1,0,1
"07/28/2026 06:20 AM","ARECIBO",302,0,302
"07/28/2026 06:20 AM","BAYAMON",130,0,130
"07/28/2026 06:20 AM","CAGUAS",33,0,33
"07/28/2026 06:20 AM","CAROLINA",90,0,90
"07/28/2026 06:20 AM","MAYAGUEZ",56,0,56
"07/28/2026 06:20 AM","PONCE",4,0,4
"07/28/2026 06:20 AM","SAN JUAN",1,0,1
"07/28/2026 06:20 AM","ARECIBO",302,0,302
"07/28/2026 06:20 AM","BAYAMON",130,0,130
"07/28/2026 06:20 AM","CAGUAS",33,0,33
"07/28/2026 06:20 AM","CAROLINA",90,0,90
"07/28/2026 06:20 AM","MAYAGUEZ",56,0,56
"07/28/2026 06:20 AM","PONCE",4,0,4
"07/28/2026 06:20 AM","SAN JUAN",1,0,1
"07/28/2026 06:25 AM","ARECIBO",302,0,302
"07/28/2026 06:25 AM","BAYAMON",130,0,130
"07/28/2026 06:25 AM","CAGUAS",33,0,33
"07/28/2026 06:25 AM","CAROLINA",90,0,90
"07/28/2026 06:25 AM","MAYAGUEZ",56,0,56
"07/28/2026 06:25 AM","PONCE",4,0,4
"07/28/2026 06:25 AM","SAN JUAN",1,0,1
"07/28/2026 06:25 AM","ARECIBO",302,0,302
"07/28/2026 06:25 AM","BAYAMON",130,0,130
"07/28/2026 06:25 AM","CAGUAS",33,0,33
"07/28/2026 06:25 AM","CAROLINA",90,0,90
"07/28/2026 06:25 AM","MAYAGUEZ",56,0,56
"07/28/2026 06:25 AM","PONCE",4,0,4
"07/28/2026 06:25 AM","SAN JUAN",1,0,1
"07/28/2026 06:30 AM","ARECIBO",302,0,302
"07/28/2026 06:30 AM","BAYAMON",131,0,131
"07/28/2026 06:30 AM","CAGUAS",33,0,33
"07/28/2026 06:30 AM","CAROLINA",90,0,90
"07/28/2026 06:30 AM","MAYAGUEZ",56,0,56
"07/28/2026 06:30 AM","PONCE",4,0,4
"07/28/2026 06:30 AM","SAN JUAN",1,0,1
"07/28/2026 06:30 AM","ARECIBO",302,0,302
"07/28/2026 06:30 AM","BAYAMON",131,0,131
"07/28/2026 06:30 AM","CAGUAS",33,0,33
"07/28/2026 06:30 AM","CAROLINA",90,0,90
"07/28/2026 06:30 AM","MAYAGUEZ",56,0,56
"07/28/2026 06:30 AM","PONCE",4,0,4
"07/28/2026 06:30 AM","SAN JUAN",1,0,1
"07/28/2026 06:30 AM","ARECIBO",302,0,302
"07/28/2026 06:30 AM","BAYAMON",131,0,131
"07/28/2026 06:30 AM","CAGUAS",33,0,33
"07/28/2026 06:30 AM","CAROLINA",90,0,90
"07/28/2026 06:30 AM","MAYAGUEZ",56,0,56
"07/28/2026 06:30 AM","PONCE",4,0,4
"07/28/2026 06:30 AM","SAN JUAN",1,0,1
"07/28/2026 06:35 AM","ARECIBO",302,0,302
"07/28/2026 06:35 AM","BAYAMON",131,0,131
"07/28/2026 06:35 AM","CAGUAS",33,0,33
"07/28/2026 06:35 AM","CAROLINA",90,0,90
"07/28/2026 06:35 AM","MAYAGUEZ",55,0,55
"07/28/2026 06:35 AM","PONCE",4,0,4
"07/28/2026 06:35 AM","SAN JUAN",1,0,1
"07/28/2026 08:00 AM","ARECIBO",77,0,77
"07/28/2026 08:00 AM","BAYAMON",121,88,209
"07/28/2026 08:00 AM","CAGUAS",121,0,121
"07/28/2026 08:00 AM","CAROLINA",91,0,91
"07/28/2026 08:00 AM","MAYAGUEZ",61,280,341
"07/28/2026 08:00 AM","PONCE",23,0,23
"07/28/2026 08:00 AM","SAN JUAN",2128,0,2128
"07/28/2026 08:05 AM","ARECIBO",76,0,76
"07/28/2026 08:05 AM","BAYAMON",121,88,209
"07/28/2026 08:05 AM","CAGUAS",120,0,120
"07/28/2026 08:05 AM","CAROLINA",92,0,92
"07/28/2026 08:05 AM","MAYAGUEZ",61,280,341
"07/28/2026 08:05 AM","PONCE",22,0,22
"07/28/2026 08:05 AM","SAN JUAN",4,2125,2129
"07/28/2026 08:05 AM","ARECIBO",76,0,76
"07/28/2026 08:05 AM","BAYAMON",121,88,209
"07/28/2026 08:05 AM","CAGUAS",120,0,120
"07/28/2026 08:05 AM","CAROLINA",92,0,92
"07/28/2026 08:05 AM","MAYAGUEZ",61,280,341
"07/28/2026 08:05 AM","PONCE",22,0,22
"07/28/2026 08:05 AM","SAN JUAN",4,2125,2129
"07/28/2026 08:05 AM","ARECIBO",76,0,76
"07/28/2026 08:05 AM","BAYAMON",121,88,209
"07/28/2026 08:05 AM","CAGUAS",120,0,120
"07/28/2026 08:05 AM","CAROLINA",92,0,92
"07/28/2026 08:05 AM","MAYAGUEZ",61,280,341
"07/28/2026 08:05 AM","PONCE",22,0,22
"07/28/2026 08:05 AM","SAN JUAN",4,2125,2129
"07/28/2026 08:10 AM","ARECIBO",76,0,76
"07/28/2026 08:10 AM","BAYAMON",123,88,211
"07/28/2026 08:10 AM","CAGUAS",260,0,260
"07/28/2026 08:10 AM","CAROLINA",93,0,93
"07/28/2026 08:10 AM","MAYAGUEZ",61,280,341
"07/28/2026 08:10 AM","PONCE",23,323,346
"07/28/2026 08:10 AM","SAN JUAN",4,2125,2129
"07/28/2026 08:10 AM","ARECIBO",76,0,76
"07/28/2026 08:10 AM","BAYAMON",123,88,211
"07/28/2026 08:10 AM","CAGUAS",260,0,260
"07/28/2026 08:10 AM","CAROLINA",93,0,93
"07/28/2026 08:10 AM","MAYAGUEZ",61,280,341
"07/28/2026 08:10 AM","PONCE",23,323,346
"07/28/2026 08:10 AM","SAN JUAN",4,2125,2129
"07/28/2026 08:15 AM","ARECIBO",76,0,76
"07/28/2026 08:15 AM","BAYAMON",121,88,209
"07/28/2026 08:15 AM","CAGUAS",260,0,260
"07/28/2026 08:15 AM","CAROLINA",92,0,92
"07/28/2026 08:15 AM","MAYAGUEZ",61,280,341
"07/28/2026 08:15 AM","PONCE",23,323,346
"07/28/2026 08:15 AM","SAN JUAN",5,2125,2130
"07/28/2026 08:15 AM","ARECIBO",76,0,76
"07/28/2026 08:15 AM","BAYAMON",121,88,209
"07/28/2026 08:15 AM","CAGUAS",260,0,260
"07/28/2026 08:15 AM","CAROLINA",92,0,92
"07/28/2026 08:15 AM","MAYAGUEZ",61,280,341
"07/28/2026 08:15 AM","PONCE",23,323,346
"07/28/2026 08:15 AM","SAN JUAN",5,2125,2130
"07/28/2026 08:15 AM","ARECIBO",76,0,76
"07/28/2026 08:15 AM","BAYAMON",121,88,209
"07/28/2026 08:15 AM","CAGUAS",260,0,260
"07/28/2026 08:15 AM","CAROLINA",92,0,92
"07/28/2026 08:15 AM","MAYAGUEZ",61,280,341
"07/28/2026 08:15 AM","PONCE",23,323,346
"07/28/2026 08:15 AM","SAN JUAN",5,2125,2130
"07/28/2026 08:20 AM","ARECIBO",77,0,77
"07/28/2026 08:20 AM","BAYAMON",121,88,209
"07/28/2026 08:20 AM","CAGUAS",260,19,279
"07/28/2026 08:20 AM","CAROLINA",92,0,92
"07/28/2026 08:20 AM","MAYAGUEZ",61,280,341
"07/28/2026 08:20 AM","PONCE",23,398,421
"07/28/2026 08:20 AM","SAN JUAN",5,2125,2130
"07/28/2026 08:20 AM","ARECIBO",77,0,77
"07/28/2026 08:20 AM","BAYAMON",121,88,209
"07/28/2026 08:20 AM","CAGUAS",260,19,279
"07/28/2026 08:20 AM","CAROLINA",92,0,92
"07/28/2026 08:20 AM","MAYAGUEZ",61,280,341
"07/28/2026 08:20 AM","PONCE",23,398,421
"07/28/2026 08:20 AM","SAN JUAN",5,2125,2130
"07/28/2026 08:25 AM","ARECIBO",78,0,78
"07/28/2026 08:25 AM","BAYAMON",121,88,209
"07/28/2026 08:25 AM","CAGUAS",34,819,853
"07/28/2026 08:25 AM","CAROLINA",92,0,92
"07/28/2026 08:25 AM","MAYAGUEZ",61,280,341
"07/28/2026 08:25 AM","PONCE",22,398,420
"07/28/2026 08:25 AM","SAN JUAN",4,2125,2129
"07/28/2026 08:25 AM","ARECIBO",78,0,78
"07/28/2026 08:25 AM","BAYAMON",121,88,209
"07/28/2026 08:25 AM","CAGUAS",34,819,853
"07/28/2026 08:25 AM","CAROLINA",92,0,92
"07/28/2026 08:25 AM","MAYAGUEZ",61,280,341
"07/28/2026 08:25 AM","PONCE",22,398,420
"07/28/2026 08:25 AM","SAN JUAN",4,2125,2129
"07/28/2026 08:25 AM","ARECIBO",78,0,78
"07/28/2026 08:25 AM","BAYAMON",121,88,209
"07/28/2026 08:25 AM","CAGUAS",34,819,853
"07/28/2026 08:25 AM","CAROLINA",92,0,92
"07/28/2026 08:25 AM","MAYAGUEZ",61,280,341
"07/28/2026 08:25 AM","PONCE",22,398,420
"07/28/2026 08:25 AM","SAN JUAN",4,2125,2129
"07/28/2026 08:30 AM","ARECIBO",78,0,78
"07/28/2026 08:30 AM","BAYAMON",121,88,209
"07/28/2026 08:30 AM","CAGUAS",34,819,853
"07/28/2026 08:30 AM","CAROLINA",92,0,92
"07/28/2026 08:30 AM","MAYAGUEZ",62,280,342
"07/28/2026 08:30 AM","PONCE",22,398,420
"07/28/2026 08:30 AM","SAN JUAN",4,2125,2129
"07/28/2026 08:30 AM","ARECIBO",78,0,78
"07/28/2026 08:30 AM","BAYAMON",121,88,209
"07/28/2026 08:30 AM","CAGUAS",34,819,853
"07/28/2026 08:30 AM","CAROLINA",92,0,92
"07/28/2026 08:30 AM","MAYAGUEZ",62,280,342
"07/28/2026 08:30 AM","PONCE",22,398,420
"07/28/2026 08:30 AM","SAN JUAN",4,2125,2129
"07/28/2026 08:35 AM","ARECIBO",78,0,78
"07/28/2026 08:35 AM","BAYAMON",192,88,280
"07/28/2026 08:35 AM","CAGUAS",34,819,853
"07/28/2026 08:35 AM","CAROLINA",91,0,91
"07/28/2026 08:35 AM","MAYAGUEZ",61,280,341
"07/28/2026 08:35 AM","PONCE",22,398,420
"07/28/2026 08:35 AM","SAN JUAN",4,2125,2129
"07/28/2026 08:35 AM","ARECIBO",78,0,78
"07/28/2026 08:35 AM","BAYAMON",192,88,280
"07/28/2026 08:35 AM","CAGUAS",34,819,853
"07/28/2026 08:35 AM","CAROLINA",91,0,91
"07/28/2026 08:35 AM","MAYAGUEZ",61,280,341
"07/28/2026 08:35 AM","PONCE",22,398,420
"07/28/2026 08:35 AM","SAN JUAN",4,2125,2129
"07/28/2026 08:35 AM","ARECIBO",78,0,78
"07/28/2026 08:35 AM","BAYAMON",192,88,280
"07/28/2026 08:35 AM","CAGUAS",34,819,853
"07/28/2026 08:35 AM","CAROLINA",91,0,91
"07/28/2026 08:35 AM","MAYAGUEZ",61,280,341
"07/28/2026 08:35 AM","PONCE",22,398,420
"07/28/2026 08:35 AM","SAN JUAN",4,2125,2129
"07/28/2026 08:40 AM","ARECIBO",79,0,79
"07/28/2026 08:40 AM","BAYAMON",193,88,281
"07/28/2026 08:40 AM","CAGUAS",35,819,854
"07/28/2026 08:40 AM","CAROLINA",92,0,92
"07/28/2026 08:40 AM","MAYAGUEZ",61,280,341
"07/28/2026 08:40 AM","PONCE",22,398,420
"07/28/2026 08:40 AM","SAN JUAN",4,2125,2129
"07/28/2026 08:40 AM","ARECIBO",79,0,79
"07/28/2026 08:40 AM","BAYAMON",193,88,281
"07/28/2026 08:40 AM","CAGUAS",35,819,854
"07/28/2026 08:40 AM","CAROLINA",92,0,92
"07/28/2026 08:40 AM","MAYAGUEZ",61,280,341
"07/28/2026 08:40 AM","PONCE",22,398,420
"07/28/2026 08:40 AM","SAN JUAN",4,2125,2129
"07/28/2026 08:45 AM","ARECIBO",79,0,79
"07/28/2026 08:45 AM","BAYAMON",194,88,282
"07/28/2026 08:45 AM","CAGUAS",35,819,854
"07/28/2026 08:45 AM","CAROLINA",91,0,91
"07/28/2026 08:45 AM","MAYAGUEZ",61,280,341
"07/28/2026 08:45 AM","PONCE",22,398,420
"07/28/2026 08:45 AM","SAN JUAN",4,2126,2130
"07/28/2026 08:45 AM","ARECIBO",79,0,79
"07/28/2026 08:45 AM","BAYAMON",194,88,282
"07/28/2026 08:45 AM","CAGUAS",35,819,854
"07/28/2026 08:45 AM","CAROLINA",91,0,91
"07/28/2026 08:45 AM","MAYAGUEZ",61,280,341
"07/28/2026 08:45 AM","PONCE",22,398,420
"07/28/2026 08:45 AM","SAN JUAN",4,2126,2130
"07/28/2026 08:45 AM","ARECIBO",79,0,79
"07/28/2026 08:45 AM","BAYAMON",194,88,282
"07/28/2026 08:45 AM","CAGUAS",35,819,854
"07/28/2026 08:45 AM","CAROLINA",91,0,91
"07/28/2026 08:45 AM","MAYAGUEZ",61,280,341
"07/28/2026 08:45 AM","PONCE",22,398,420
"07/28/2026 08:45 AM","SAN JUAN",4,2126,2130
"07/28/2026 08:50 AM","ARECIBO",80,0,80
"07/28/2026 08:50 AM","BAYAMON",194,88,282
"07/28/2026 08:50 AM","CAGUAS",35,820,855
"07/28/2026 08:50 AM","CAROLINA",91,0,91
"07/28/2026 08:50 AM","MAYAGUEZ",62,280,342
"07/28/2026 08:50 AM","PONCE",22,398,420
"07/28/2026 08:50 AM","SAN JUAN",4,2126,2130
"07/28/2026 08:50 AM","ARECIBO",80,0,80
"07/28/2026 08:50 AM","BAYAMON",194,88,282
"07/28/2026 08:50 AM","CAGUAS",35,820,855
"07/28/2026 08:50 AM","CAROLINA",91,0,91
"07/28/2026 08:50 AM","MAYAGUEZ",62,280,342
"07/28/2026 08:50 AM","PONCE",22,398,420
"07/28/2026 08:50 AM","SAN JUAN",4,2126,2130
"07/28/2026 08:55 AM","ARECIBO",88,0,88
"07/28/2026 08:55 AM","BAYAMON",193,88,281
"07/28/2026 08:55 AM","CAGUAS",124,820,944
"07/28/2026 08:55 AM","CAROLINA",92,0,92
"07/28/2026 08:55 AM","MAYAGUEZ",61,280,341
"07/28/2026 08:55 AM","PONCE",22,398,420
"07/28/2026 08:55 AM","SAN JUAN",4,2126,2130
"07/28/2026 08:55 AM","ARECIBO",88,0,88
"07/28/2026 08:55 AM","BAYAMON",193,88,281
"07/28/2026 08:55 AM","CAGUAS",124,820,944
"07/28/2026 08:55 AM","CAROLINA",92,0,92
"07/28/2026 08:55 AM","MAYAGUEZ",61,280,341
"07/28/2026 08:55 AM","PONCE",22,398,420
"07/28/2026 08:55 AM","SAN JUAN",4,2126,2130
"07/28/2026 11:25 AM","ARECIBO",58,2040,2098
"07/28/2026 11:25 AM","BAYAMON",267,88,355
"07/28/2026 11:25 AM","CAGUAS",327,2947,3274
"07/28/2026 11:25 AM","CAROLINA",166,0,166
"07/28/2026 11:25 AM","MAYAGUEZ",79,300,379
"07/28/2026 11:25 AM","PONCE",674,696,1370
"07/28/2026 11:25 AM","SAN JUAN",356,2126,2482
"07/28/2026 11:25 AM","ARECIBO",58,2040,2098
"07/28/2026 11:25 AM","BAYAMON",267,88,355
"07/28/2026 11:25 AM","CAGUAS",327,2947,3274
"07/28/2026 11:25 AM","CAROLINA",166,0,166
"07/28/2026 11:25 AM","MAYAGUEZ",79,300,379
"07/28/2026 11:25 AM","PONCE",674,696,1370
"07/28/2026 11:25 AM","SAN JUAN",356,2126,2482
"07/28/2026 11:30 AM","ARECIBO",99,2040,2139
"07/28/2026 11:30 AM","BAYAMON",268,88,356
"07/28/2026 11:30 AM","CAGUAS",336,2947,3283
"07/28/2026 11:30 AM","CAROLINA",166,0,166
"07/28/2026 11:30 AM","MAYAGUEZ",79,300,379
"07/28/2026 11:30 AM","PONCE",674,696,1370
"07/28/2026 11:30 AM","SAN JUAN",356,2126,2482
"07/28/2026 11:30 AM","ARECIBO",99,2040,2139
"07/28/2026 11:30 AM","BAYAMON",268,88,356
"07/28/2026 11:30 AM","CAGUAS",336,2947,3283
"07/28/2026 11:30 AM","CAROLINA",166,0,166
"07/28/2026 11:30 AM","MAYAGUEZ",79,300,379
"07/28/2026 11:30 AM","PONCE",674,696,1370
"07/28/2026 11:30 AM","SAN JUAN",356,2126,2482
"07/28/2026 11:35 AM","ARECIBO",99,2040,2139
"07/28/2026 11:35 AM","BAYAMON",268,88,356
"07/28/2026 11:35 AM","CAGUAS",337,2947,3284
"07/28/2026 11:35 AM","CAROLINA",166,0,166
"07/28/2026 11:35 AM","MAYAGUEZ",82,300,382
"07/28/2026 11:35 AM","PONCE",674,696,1370
"07/28/2026 11:35 AM","SAN JUAN",355,2126,2481
"07/28/2026 11:35 AM","ARECIBO",99,2040,2139
"07/28/2026 11:35 AM","BAYAMON",268,88,356
"07/28/2026 11:35 AM","CAGUAS",337,2947,3284
"07/28/2026 11:35 AM","CAROLINA",166,0,166
"07/28/2026 11:35 AM","MAYAGUEZ",82,300,382
"07/28/2026 11:35 AM","PONCE",674,696,1370
"07/28/2026 11:35 AM","SAN JUAN",355,2126,2481
"07/28/2026 11:35 AM","ARECIBO",99,2040,2139
"07/28/2026 11:35 AM","BAYAMON",268,88,356
"07/28/2026 11:35 AM","CAGUAS",337,2947,3284
"07/28/2026 11:35 AM","CAROLINA",166,0,166
"07/28/2026 11:35 AM","MAYAGUEZ",82,300,382
"07/28/2026 11:35 AM","PONCE",674,696,1370
"07/28/2026 11:35 AM","SAN JUAN",355,2126,2481
"07/28/2026 11:40 AM","ARECIBO",112,2040,2152
"07/28/2026 11:40 AM","BAYAMON",267,88,355
"07/28/2026 11:40 AM","CAGUAS",337,918,1255
"07/28/2026 11:40 AM","CAROLINA",168,0,168
"07/28/2026 11:40 AM","MAYAGUEZ",71,300,371
"07/28/2026 11:40 AM","PONCE",673,696,1369
"07/28/2026 11:40 AM","SAN JUAN",355,2126,2481
"07/28/2026 11:40 AM","ARECIBO",112,2040,2152
"07/28/2026 11:40 AM","BAYAMON",267,88,355
"07/28/2026 11:40 AM","CAGUAS",337,918,1255
"07/28/2026 11:40 AM","CAROLINA",168,0,168
"07/28/2026 11:40 AM","MAYAGUEZ",71,300,371
"07/28/2026 11:40 AM","PONCE",673,696,1369
"07/28/2026 11:40 AM","SAN JUAN",355,2126,2481
"07/28/2026 11:45 AM","ARECIBO",112,2040,2152
"07/28/2026 11:45 AM","BAYAMON",267,88,355
"07/28/2026 11:45 AM","CAGUAS",337,918,1255
"07/28/2026 11:45 AM","CAROLINA",168,0,168
"07/28/2026 11:45 AM","MAYAGUEZ",409,300,709
"07/28/2026 11:45 AM","PONCE",672,696,1368
"07/28/2026 11:45 AM","SAN JUAN",355,2126,2481
"07/28/2026 11:45 AM","ARECIBO",112,2040,2152
"07/28/2026 11:45 AM","BAYAMON",267,88,355
"07/28/2026 11:45 AM","CAGUAS",337,918,1255
"07/28/2026 11:45 AM","CAROLINA",168,0,168
"07/28/2026 11:45 AM","MAYAGUEZ",409,300,709
"07/28/2026 11:45 AM","PONCE",672,696,1368
"07/28/2026 11:45 AM","SAN JUAN",355,2126,2481
"07/28/2026 11:45 AM","ARECIBO",112,2040,2152
"07/28/2026 11:45 AM","BAYAMON",267,88,355
"07/28/2026 11:45 AM","CAGUAS",337,918,1255
"07/28/2026 11:45 AM","CAROLINA",168,0,168
"07/28/2026 11:45 AM","MAYAGUEZ",409,300,709
"07/28/2026 11:45 AM","PONCE",672,696,1368
"07/28/2026 11:45 AM","SAN JUAN",355,2126,2481
"07/28/2026 11:50 AM","ARECIBO",113,2040,2153
"07/28/2026 11:50 AM","BAYAMON",267,88,355
"07/28/2026 11:50 AM","CAGUAS",337,918,1255
"07/28/2026 11:50 AM","CAROLINA",168,0,168
"07/28/2026 11:50 AM","MAYAGUEZ",409,300,709
"07/28/2026 11:50 AM","PONCE",673,697,1370
"07/28/2026 11:50 AM","SAN JUAN",355,2126,2481
"07/28/2026 11:50 AM","ARECIBO",113,2040,2153
"07/28/2026 11:50 AM","BAYAMON",267,88,355
"07/28/2026 11:50 AM","CAGUAS",337,918,1255
"07/28/2026 11:50 AM","CAROLINA",168,0,168
"07/28/2026 11:50 AM","MAYAGUEZ",409,300,709
"07/28/2026 11:50 AM","PONCE",673,697,1370
"07/28/2026 11:50 AM","SAN JUAN",355,2126,2481
"07/28/2026 11:55 AM","ARECIBO",113,2040,2153
"07/28/2026 11:55 AM","BAYAMON",267,88,355
"07/28/2026 11:55 AM","CAGUAS",337,918,1255
"07/28/2026 11:55 AM","CAROLINA",162,0,162
"07/28/2026 11:55 AM","MAYAGUEZ",409,300,709
"07/28/2026 11:55 AM","PONCE",673,697,1370
"07/28/2026 11:55 AM","SAN JUAN",355,2126,2481
"07/28/2026 11:55 AM","ARECIBO",113,2040,2153
"07/28/2026 11:55 AM","BAYAMON",267,88,355
"07/28/2026 11:55 AM","CAGUAS",337,918,1255
"07/28/2026 11:55 AM","CAROLINA",162,0,162
"07/28/2026 11:55 AM","MAYAGUEZ",409,300,709
"07/28/2026 11:55 AM","PONCE",673,697,1370
"07/28/2026 11:55 AM","SAN JUAN",355,2126,2481
"07/28/2026 11:55 AM","ARECIBO",113,2040,2153
"07/28/2026 11:55 AM","BAYAMON",267,88,355
"07/28/2026 11:55 AM","CAGUAS",337,918,1255
"07/28/2026 11:55 AM","CAROLINA",162,0,162
"07/28/2026 11:55 AM","MAYAGUEZ",409,300,709
"07/28/2026 11:55 AM","PONCE",673,697,1370
"07/28/2026 11:55 AM","SAN JUAN",355,2126,2481
"07/28/2026 12:00 PM","ARECIBO",113,2040,2153
"07/28/2026 12:00 PM","BAYAMON",267,88,355
"07/28/2026 12:00 PM","CAGUAS",337,918,1255
"07/28/2026 12:00 PM","CAROLINA",162,0,162
"07/28/2026 12:00 PM","MAYAGUEZ",409,300,709
"07/28/2026 12:00 PM","PONCE",673,697,1370
"07/28/2026 12:00 PM","SAN JUAN",355,2126,2481
"07/28/2026 12:00 PM","ARECIBO",113,2040,2153
"07/28/2026 12:00 PM","BAYAMON",267,88,355
"07/28/2026 12:00 PM","CAGUAS",337,918,1255
"07/28/2026 12:00 PM","CAROLINA",162,0,162
"07/28/2026 12:00 PM","MAYAGUEZ",409,300,709
"07/28/2026 12:00 PM","PONCE",673,697,1370
"07/28/2026 12:00 PM","SAN JUAN",355,2126,2481
"07/28/2026 12:05 PM","ARECIBO",116,2040,2156
"07/28/2026 12:05 PM","BAYAMON",268,88,356
"07/28/2026 12:05 PM","CAGUAS",337,918,1255
"07/28/2026 12:05 PM","CAROLINA",163,0,163
"07/28/2026 12:05 PM","MAYAGUEZ",409,301,710
"07/28/2026 12:05 PM","PONCE",673,697,1370
"07/28/2026 12:05 PM","SAN JUAN",355,2126,2481
"07/28/2026 12:05 PM","ARECIBO",116,2040,2156
"07/28/2026 12:05 PM","BAYAMON",268,88,356
"07/28/2026 12:05 PM","CAGUAS",337,918,1255
"07/28/2026 12:05 PM","CAROLINA",163,0,163
"07/28/2026 12:05 PM","MAYAGUEZ",409,301,710
"07/28/2026 12:05 PM","PONCE",673,697,1370
"07/28/2026 12:05 PM","SAN JUAN",355,2126,2481
"07/28/2026 12:05 PM","ARECIBO",116,2040,2156
"07/28/2026 12:05 PM","BAYAMON",268,88,356
"07/28/2026 12:05 PM","CAGUAS",337,918,1255
"07/28/2026 12:05 PM","CAROLINA",163,0,163
"07/28/2026 12:05 PM","MAYAGUEZ",409,301,710
"07/28/2026 12:05 PM","PONCE",673,697,1370
"07/28/2026 12:05 PM","SAN JUAN",355,2126,2481
"07/28/2026 12:10 PM","ARECIBO",116,2040,2156
"07/28/2026 12:10 PM","BAYAMON",268,88,356
"07/28/2026 12:10 PM","CAGUAS",337,918,1255
"07/28/2026 12:10 PM","CAROLINA",162,0,162
"07/28/2026 12:10 PM","MAYAGUEZ",408,301,709
"07/28/2026 12:10 PM","PONCE",672,697,1369
"07/28/2026 12:10 PM","SAN JUAN",356,2126,2482
"07/28/2026 12:10 PM","ARECIBO",116,2040,2156
"07/28/2026 12:10 PM","BAYAMON",268,88,356
"07/28/2026 12:10 PM","CAGUAS",337,918,1255
"07/28/2026 12:10 PM","CAROLINA",162,0,162
"07/28/2026 12:10 PM","MAYAGUEZ",408,301,709
"07/28/2026 12:10 PM","PONCE",672,697,1369
"07/28/2026 12:10 PM","SAN JUAN",356,2126,2482
"07/28/2026 12:15 PM","ARECIBO",113,2040,2153
"07/28/2026 12:15 PM","BAYAMON",268,88,356
"07/28/2026 12:15 PM","CAGUAS",337,918,1255
"07/28/2026 12:15 PM","CAROLINA",162,0,162
"07/28/2026 12:15 PM","MAYAGUEZ",386,301,687
"07/28/2026 12:15 PM","PONCE",673,697,1370
"07/28/2026 12:15 PM","SAN JUAN",355,2126,2481
"07/28/2026 12:15 PM","ARECIBO",113,2040,2153
"07/28/2026 12:15 PM","BAYAMON",268,88,356
"07/28/2026 12:15 PM","CAGUAS",337,918,1255
"07/28/2026 12:15 PM","CAROLINA",162,0,162
"07/28/2026 12:15 PM","MAYAGUEZ",386,301,687
"07/28/2026 12:15 PM","PONCE",673,697,1370
"07/28/2026 12:15 PM","SAN JUAN",355,2126,2481
"07/28/2026 12:15 PM","ARECIBO",113,2040,2153
"07/28/2026 12:15 PM","BAYAMON",268,88,356
"07/28/2026 12:15 PM","CAGUAS",337,918,1255
"07/28/2026 12:15 PM","CAROLINA",162,0,162
"07/28/2026 12:15 PM","MAYAGUEZ",386,301,687
"07/28/2026 12:15 PM","PONCE",673,697,1370
"07/28/2026 12:15 PM","SAN JUAN",355,2126,2481
"07/28/2026 12:20 PM","ARECIBO",113,2040,2153
"07/28/2026 12:20 PM","BAYAMON",268,88,356
"07/28/2026 12:20 PM","CAGUAS",338,918,1256
"07/28/2026 12:20 PM","CAROLINA",162,0,162
"07/28/2026 12:20 PM","MAYAGUEZ",385,301,686
"07/28/2026 12:20 PM","PONCE",672,697,1369
"07/28/2026 12:20 PM","SAN JUAN",356,2126,2482
"07/28/2026 01:40 PM","ARECIBO",111,2040,2151
"07/28/2026 01:40 PM","BAYAMON",432,88,520
"07/28/2026 01:40 PM","CAGUAS",275,918,1193
"07/28/2026 01:40 PM","CAROLINA",191,0,191
"07/28/2026 01:40 PM","MAYAGUEZ",399,302,701
"07/28/2026 01:40 PM","PONCE",686,697,1383
"07/28/2026 01:40 PM","SAN JUAN",1114,2126,3240
"07/28/2026 01:40 PM","ARECIBO",111,2040,2151
"07/28/2026 01:40 PM","BAYAMON",432,88,520
"07/28/2026 01:40 PM","CAGUAS",275,918,1193
"07/28/2026 01:40 PM","CAROLINA",191,0,191
"07/28/2026 01:40 PM","MAYAGUEZ",399,302,701
"07/28/2026 01:40 PM","PONCE",686,697,1383
"07/28/2026 01:40 PM","SAN JUAN",1114,2126,3240
"07/28/2026 01:45 PM","ARECIBO",111,2040,2151
"07/28/2026 01:45 PM","BAYAMON",431,88,519
"07/28/2026 01:45 PM","CAGUAS",275,918,1193
"07/28/2026 01:45 PM","CAROLINA",191,0,191
"07/28/2026 01:45 PM","MAYAGUEZ",390,302,692
"07/28/2026 01:45 PM","PONCE",687,697,1384
"07/28/2026 01:45 PM","SAN JUAN",1114,2126,3240
"07/28/2026 01:45 PM","ARECIBO",111,2040,2151
"07/28/2026 01:45 PM","BAYAMON",431,88,519
"07/28/2026 01:45 PM","CAGUAS",275,918,1193
"07/28/2026 01:45 PM","CAROLINA",191,0,191
"07/28/2026 01:45 PM","MAYAGUEZ",390,302,692
"07/28/2026 01:45 PM","PONCE",687,697,1384
"07/28/2026 01:45 PM","SAN JUAN",1114,2126,3240
"07/28/2026 01:50 PM","ARECIBO",31,2040,2071
"07/28/2026 01:50 PM","BAYAMON",431,88,519
"07/28/2026 01:50 PM","CAGUAS",413,918,1331
"07/28/2026 01:50 PM","CAROLINA",197,0,197
"07/28/2026 01:50 PM","MAYAGUEZ",988,302,1290
"07/28/2026 01:50 PM","PONCE",685,697,1382
"07/28/2026 01:50 PM","SAN JUAN",1116,2126,3242
"07/28/2026 01:50 PM","ARECIBO",31,2040,2071
"07/28/2026 01:50 PM","BAYAMON",431,88,519
"07/28/2026 01:50 PM","CAGUAS",413,918,1331
"07/28/2026 01:50 PM","CAROLINA",197,0,197
"07/28/2026 01:50 PM","MAYAGUEZ",988,302,1290
"07/28/2026 01:50 PM","PONCE",685,697,1382
"07/28/2026 01:50 PM","SAN JUAN",1116,2126,3242
"07/28/2026 01:50 PM","ARECIBO",31,2040,2071
"07/28/2026 01:50 PM","BAYAMON",431,88,519
"07/28/2026 01:50 PM","CAGUAS",413,918,1331
"07/28/2026 01:50 PM","CAROLINA",197,0,197
"07/28/2026 01:50 PM","MAYAGUEZ",988,302,1290
"07/28/2026 01:50 PM","PONCE",685,697,1382
"07/28/2026 01:50 PM","SAN JUAN",1116,2126,3242
"07/28/2026 01:55 PM","ARECIBO",29,2040,2069
"07/28/2026 01:55 PM","BAYAMON",431,88,519
"07/28/2026 01:55 PM","CAGUAS",413,918,1331
"07/28/2026 01:55 PM","CAROLINA",197,0,197
"07/28/2026 01:55 PM","MAYAGUEZ",410,302,712
"07/28/2026 01:55 PM","PONCE",685,697,1382
"07/28/2026 01:55 PM","SAN JUAN",1115,2127,3242
"07/28/2026 01:55 PM","ARECIBO",29,2040,2069
"07/28/2026 01:55 PM","BAYAMON",431,88,519
"07/28/2026 01:55 PM","CAGUAS",413,918,1331
"07/28/2026 01:55 PM","CAROLINA",197,0,197
"07/28/2026 01:55 PM","MAYAGUEZ",410,302,712
"07/28/2026 01:55 PM","PONCE",685,697,1382
"07/28/2026 01:55 PM","SAN JUAN",1115,2127,3242
